source,signal_date,code,name,signal,score,tier,stars,regime,sentiment_level,position_pct,stop_loss_pct,theme,cluster,pool,signal_3d,market_panic,triggers,cautions,note,close_t,close_t1,close_t3,close_t5,close_t10,ret_1d,ret_3d,ret_5d,ret_10d,max_gain_10d,max_drawdown_10d,ret_csi300_1d,ret_csi300_3d,ret_csi300_5d,ret_csi300_10d,excess_1d,excess_3d,excess_5d,excess_10d,hit_stop_10d,review_status
stock,2026-04-23,688981,中芯国际,SELL_STOP,-4,,,,,0,5.0,半导体代工,semicon,core,★★★,,,,跌破60线; RSI超买78,106.45,110.96,114.0,118.73,121.98,0.042367,0.070925,0.115359,0.14589,0.20357,-0.017285,-0.003543,-0.005875,0.004383,0.033788,0.045911,0.0768,0.110976,0.112102,False,complete
stock,2026-04-23,688012,中微公司,REDUCE,-2,,,,,0,1.08,半导体设备,semicon,core,★★★,,,,跌破60线,315.9,323.38,362.27,376.3,388.45,0.023678,0.146787,0.1912,0.229661,0.304907,-0.02026,-0.003543,-0.005875,0.004383,0.033788,0.027222,0.152662,0.186816,0.195873,True,complete
stock,2026-04-23,603986,兆易创新,REDUCE,-2,,,,,0,5.0,存储芯片,semicon,candidate,★★☆,,,,RSI超买79,306.33,297.7,307.5,312.99,353.55,-0.028172,0.003819,0.021741,0.154147,0.199719,-0.044135,-0.003543,-0.005875,0.004383,0.033788,-0.024629,0.009694,0.017358,0.12036,False,complete
stock,2026-04-23,601899,紫金矿业,REDUCE,-2,,,,,0,1.51,铜金矿,commodity,watch,★☆☆,,,,跌破60线,34.46,34.31,32.95,33.3,34.58,-0.004353,-0.043819,-0.033662,0.003482,0.025247,-0.056587,-0.003543,-0.005875,0.004383,0.033788,-0.000809,-0.037944,-0.038046,-0.030306,True,complete
stock,2026-04-23,600031,三一重工,REDUCE,-2,,,,,0,-2.15,工程机械,machinery,watch,★★☆,,,,跌破60线,19.58,19.52,20.14,20.35,21.36,-0.003064,0.028601,0.039326,0.090909,0.14811,-0.01379,-0.003543,-0.005875,0.004383,0.033788,0.000479,0.034476,0.034943,0.057121,True,complete
stock,2026-04-23,603259,药明康德,REDUCE,-2,,,,,0,-1.36,CXO,pharma,watch,★☆☆,,,,跌破20线; 绿柱扩张,100.29,100.08,110.57,109.55,110.33,-0.002094,0.102503,0.092332,0.10011,0.141689,-0.019942,-0.003543,-0.005875,0.004383,0.033788,0.001449,0.108378,0.087949,0.066322,True,complete
stock,2026-04-23,600519,贵州茅台,REDUCE,-2,,,,,0,-1.56,高端白酒,consumer,core,★★★,,,,跌破60线,1415.98,1458.49,1405.0,1384.79,1354.55,0.030022,-0.007754,-0.022027,-0.043383,0.030297,-0.046244,-0.003543,-0.005875,0.004383,0.033788,0.033565,-0.001879,-0.02641,-0.077171,True,complete
stock,2026-04-23,601888,中国中免,REDUCE,-2,,,,,0,-3.94,免税零售,consumer,candidate,★★☆,,,,跌破60线,66.31,65.42,64.56,65.62,61.55,-0.013422,-0.026391,-0.010406,-0.071784,0.010406,-0.077062,-0.003543,-0.005875,0.004383,0.033788,-0.009878,-0.020516,-0.014789,-0.105572,True,complete
stock,2026-04-23,688041,海光信息,REDUCE,-2,,,,,0,5.0,国产CPU/GPU,semicon,core,★★★,,,,RSI超买85,263.76,285.0,289.0,296.25,349.19,0.080528,0.095693,0.12318,0.323893,0.360328,0.027677,-0.003543,-0.005875,0.004383,0.033788,0.084071,0.101568,0.118797,0.290105,False,complete
stock,2026-04-23,600183,生益科技,REDUCE,-2,,,,,0,5.0,PCB基板/覆铜板,pcb,core,★★★,,,,RSI超买96,75.05,72.63,76.62,76.51,85.62,-0.032245,0.020919,0.019454,0.140839,0.1503,-0.046636,-0.003543,-0.005875,0.004383,0.033788,-0.028702,0.026794,0.01507,0.107052,False,complete
stock,2026-04-23,600426,华鲁恒升,REDUCE,-2,,,,,0,-1.02,煤化工/化肥,chemical,candidate,★★☆,,,,跌破60线,36.16,37.62,38.99,38.5,34.99,0.040376,0.078263,0.064712,-0.032356,0.097898,-0.041206,-0.003543,-0.005875,0.004383,0.033788,0.04392,0.084138,0.060329,-0.066144,True,complete
stock,2026-04-23,603799,华友钴业,REDUCE,-2,,,,,0,1.04,钴/三元前驱体,battery_materials,candidate,★★☆,,,,跌破60线,62.3,64.78,64.76,66.59,62.87,0.039807,0.039486,0.06886,0.009149,0.137239,-0.00305,-0.003543,-0.005875,0.004383,0.033788,0.043351,0.045361,0.064477,-0.024639,False,complete
stock,2026-04-23,002594,比亚迪,REDUCE,-2,,,,,0,-2.46,电动车/刀片电池,new_energy,core,★★★,,,,跌破20线; 绿柱扩张,100.01,99.46,101.48,102.98,99.23,-0.005499,0.014699,0.029697,-0.007799,0.056294,-0.013099,-0.003543,-0.005875,0.004383,0.033788,-0.001956,0.020574,0.025314,-0.041587,True,complete
stock,2026-04-23,002714,牧原股份,REDUCE,-2,,,,,0,-1.75,生猪养殖,agriculture,candidate,★★☆,,,,跌破60线,43.46,43.14,43.3,44.7,42.93,-0.007363,-0.003682,0.028532,-0.012195,0.044409,-0.030833,-0.003543,-0.005875,0.004383,0.033788,-0.00382,0.002194,0.024149,-0.045983,True,complete
stock,2026-04-23,601318,中国平安,REDUCE,-2,,,,,0,0.14,保险/金融科技,finance,candidate,★★☆,,,,跌破60线,57.96,57.78,57.63,59.37,59.4,-0.003106,-0.005694,0.024327,0.024845,0.054348,-0.015528,-0.003543,-0.005875,0.004383,0.033788,0.000438,0.000181,0.019944,-0.008943,True,complete
stock,2026-04-23,603993,洛阳钼业,REDUCE,-3,,,,,0,3.09,铜/钴矿,commodity,core,★★★,,,,跌破60线; RSI偏高69,19.43,19.37,18.48,18.62,20.58,-0.003088,-0.048893,-0.041688,0.059187,0.078744,-0.064848,-0.003543,-0.005875,0.004383,0.033788,0.000455,-0.043018,-0.046071,0.025399,True,complete
stock,2026-04-23,600438,通威股份,REDUCE,-3,,,,,0,5.02,光伏电池/硅料,new_energy,candidate,★★☆,,,,跌破60线; RSI偏高71,18.32,17.85,17.23,17.37,16.99,-0.025655,-0.059498,-0.051856,-0.072598,-0.004367,-0.088428,-0.003543,-0.005875,0.004383,0.033788,-0.022112,-0.053623,-0.056239,-0.106386,True,complete
stock,2026-04-23,002028,思源电气,BUY_WATCH,4,,,,,4,5.0,特高压/变电设备,power_equip,core,★★★,,,,多头排列; 红柱扩张,224.5,222.13,195.25,195.0,198.35,-0.010557,-0.13029,-0.131403,-0.116481,0.009354,-0.147216,-0.003543,-0.005875,0.004383,0.033788,-0.007013,-0.124414,-0.135786,-0.150269,True,complete
stock,2026-04-23,300750,宁德时代,BUY_WATCH,3,,,,,4,5.0,动力电池,battery,core,★★★,,,,多头排列,440.35,444.9,427.67,436.0,431.25,0.010333,-0.028795,-0.009879,-0.020665,0.064494,-0.0394,-0.003543,-0.005875,0.004383,0.033788,0.013876,-0.02292,-0.014262,-0.054453,False,complete
stock,2026-04-23,600309,万华化学,BUY_WATCH,3,,,,,4,2.17,MDI/聚氨酯,chemical,core,★★★,,,,多头排列,87.74,89.54,89.48,89.54,83.29,0.020515,0.019831,0.020515,-0.050718,0.036243,-0.059152,-0.003543,-0.005875,0.004383,0.033788,0.024059,0.025706,0.016132,-0.084506,True,complete
stock,2026-04-23,000338,潍柴动力,BUY_WATCH,3,,,,,2,4.99,重型发动机/氢燃料,machinery,candidate,★★☆,,,,多头排列; 红柱扩张; RSI偏高69; 放量1.5x,29.48,29.59,30.08,31.2,32.7,0.003731,0.020353,0.058345,0.109227,0.216079,-0.018318,-0.003543,-0.005875,0.004383,0.033788,0.007275,0.026228,0.053961,0.075439,False,complete
stock,2026-04-23,300502,新易盛,HOLD,2,,,,,0,5.0,光模块,optics,core,★★★,,,,多头排列; RSI偏高78,611.28,537.27,535.46,525.79,592.52,-0.121074,-0.124035,-0.139854,-0.03069,-0.018862,-0.160777,-0.003543,-0.005875,0.004383,0.033788,-0.11753,-0.11816,-0.144237,-0.064478,True,complete
stock,2026-04-23,002463,沪电股份,HOLD,2,,,,,0,5.0,高多层PCB,pcb,core,★★★,,,,多头排列; 红柱扩张; RSI超买88,106.91,101.88,101.38,102.07,108.68,-0.047049,-0.051726,-0.045272,0.016556,0.041624,-0.078197,-0.003543,-0.005875,0.004383,0.033788,-0.043505,-0.045851,-0.049655,-0.017232,True,complete
stock,2026-04-23,000568,泸州老窖,HOLD,2,,,,,0,-1.29,高端白酒,food_bev,candidate,★★☆,,,,跌破60线; MACD金叉; RSI偏低33; 放量1.6x,101.8,102.63,100.2,100.1,94.78,0.008153,-0.015717,-0.016699,-0.068959,0.017191,-0.073674,-0.003543,-0.005875,0.004383,0.033788,0.011697,-0.009842,-0.021083,-0.102747,True,complete
stock,2026-04-23,300394,天孚通信,HOLD,1,,,,,0,2.53,光通信器件,optics,core,★★☆,,,,站20/60线,350.2,323.87,309.8,307.5,342.45,-0.075186,-0.115363,-0.12193,-0.02213,-0.00257,-0.129069,-0.003543,-0.005875,0.004383,0.033788,-0.071642,-0.109488,-0.126314,-0.055918,True,complete
stock,2026-04-23,002384,东山精密,HOLD,1,,,,,0,5.0,PCB/光模块封装,optics,candidate,★★☆,,,,多头排列; 红柱扩张; RSI超买92,186.03,187.9,183.9,186.73,219.46,0.010052,-0.01145,0.003763,0.179702,0.23636,-0.049186,-0.003543,-0.005875,0.004383,0.033788,0.013596,-0.005575,-0.00062,0.145914,False,complete
stock,2026-04-23,601138,工业富联,HOLD,1,,,,,0,5.0,AI服务器/精密制造,consumer_elec,candidate,★★☆,,,,多头排列; 红柱扩张; RSI超买84,67.85,65.01,68.2,62.88,64.4,-0.041857,0.005158,-0.07325,-0.050847,0.016802,-0.090052,-0.003543,-0.005875,0.004383,0.033788,-0.038314,0.011034,-0.077633,-0.084635,True,complete
stock,2026-04-23,601088,中国神华,HOLD,1,,,,,0,0.68,煤炭/电力,commodity,watch,★★☆,,,,站20/60线,46.97,47.19,48.15,48.0,45.2,0.004684,0.025122,0.021929,-0.037684,0.036832,-0.047264,-0.003543,-0.005875,0.004383,0.033788,0.008227,0.030997,0.017546,-0.071472,True,complete
stock,2026-04-23,300308,中际旭创,HOLD,0,,,,,0,5.0,光模块,optics,core,★★★,,,,多头排列; RSI超买100,898.1,885.99,824.0,857.5,1017.99,-0.013484,-0.082508,-0.045207,0.133493,0.13896,-0.092273,-0.003543,-0.005875,0.004383,0.033788,-0.009941,-0.076632,-0.04959,0.099705,True,complete
stock,2026-04-23,688498,源杰科技,HOLD,0,,,,,0,5.0,光芯片基材,optics,candidate,★★☆,,,,站20/60线; RSI偏高78,1404.94,1395.0,1442.67,1571.0,1731.0,-0.007075,0.026855,0.118197,0.232081,0.25762,-0.046223,-0.003543,-0.005875,0.004383,0.033788,-0.003532,0.03273,0.113814,0.198293,False,complete
stock,2026-04-23,600276,恒瑞医药,HOLD,0,,,,,0,0.64,创新药,pharma,watch,★☆☆,,,,,56.55,56.05,54.84,53.88,56.11,-0.008842,-0.030239,-0.047215,-0.007781,0.041026,-0.078338,-0.003543,-0.005875,0.004383,0.033788,-0.005298,-0.024364,-0.051598,-0.041569,True,complete
stock,2026-04-23,002475,立讯精密,HOLD,0,,,,,0,5.0,消费电子精密制造,consumer_elec,core,★★★,,,,多头排列; RSI超买89,68.02,66.0,69.88,67.0,77.19,-0.029697,0.027345,-0.014996,0.134813,0.158189,-0.053661,-0.003543,-0.005875,0.004383,0.033788,-0.026154,0.03322,-0.019379,0.101025,True,complete
stock,2026-04-23,000333,美的集团,HOLD,0,,,,,0,3.77,家电/工业机器人,consumer,core,★★★,,,,,79.94,79.66,80.45,81.1,80.09,-0.003503,0.00638,0.014511,0.001876,0.031399,-0.011634,-0.003543,-0.005875,0.004383,0.033788,4.1e-05,0.012255,0.010128,-0.031911,False,complete
stock,2026-04-23,600887,伊利股份,HOLD,0,,,,,0,-2.69,乳制品/食品,consumer,candidate,★★☆,,,,跌破60线; RSI超卖19,25.28,25.25,25.49,27.46,28.01,-0.001187,0.008307,0.086234,0.107991,0.123418,-0.005142,-0.003543,-0.005875,0.004383,0.033788,0.002357,0.014182,0.081851,0.074203,True,complete
stock,2026-04-23,300476,胜宏科技,HOLD,0,,,,,0,5.0,PCB,pcb,candidate,★★☆,,,,站20/60线; RSI偏高74,332.87,315.59,313.06,328.49,375.43,-0.051912,-0.059513,-0.013158,0.127858,0.155977,-0.086731,-0.003543,-0.005875,0.004383,0.033788,-0.048369,-0.053638,-0.017542,0.09407,True,complete
stock,2026-04-23,603288,海天味业,HOLD,0,,,,,0,-2.26,调味品,food_bev,watch,★☆☆,,,,跌破20线; 绿柱扩张; RSI超卖23,39.74,39.92,39.26,38.64,37.84,0.004529,-0.012079,-0.02768,-0.047811,0.021389,-0.049824,-0.003543,-0.005875,0.004383,0.033788,0.008073,-0.006203,-0.032063,-0.081599,True,complete
stock,2026-04-23,688256,寒武纪,HOLD,-1,,,,,0,5.0,AI推理芯片,semicon,watch,★☆☆,,,,站20/60线; RSI超买87,1329.99,906.711,921.477,1139.906,1277.87,-0.318257,-0.307155,-0.142921,-0.039188,-0.008672,-0.354045,-0.003543,-0.005875,0.004383,0.033788,-0.314714,-0.30128,-0.147305,-0.072976,True,complete
stock,2026-04-23,300274,阳光电源,HOLD,-1,,,,,0,-1.65,逆变器,new_energy,core,★★★,,,,跌破60线; 红柱扩张,134.95,133.105,129.205,136.725,139.85,-0.013672,-0.042571,0.013153,0.03631,0.082734,-0.080215,-0.003543,-0.005875,0.004383,0.033788,-0.010128,-0.036696,0.00877,0.002522,True,complete
stock,2026-04-23,000858,五粮液,HOLD,-1,,,,,0,-1.55,高端白酒,consumer,candidate,★★☆,,,,跌破60线; RSI偏低31,101.14,101.27,100.2,97.08,90.56,0.001285,-0.009294,-0.040142,-0.104607,0.007712,-0.109156,-0.003543,-0.005875,0.004383,0.033788,0.004829,-0.003419,-0.044526,-0.138395,True,complete
stock,2026-04-23,000651,格力电器,HOLD,-1,,,,,0,-1.24,家电,consumer,candidate,★★☆,,,,跌破60线; RSI偏低31,36.95,37.11,38.44,40.05,40.34,0.00433,0.040325,0.083897,0.091746,0.10636,-0.006495,-0.003543,-0.005875,0.004383,0.033788,0.007874,0.0462,0.079514,0.057958,True,complete
stock,2026-04-23,601012,隆基绿能,HOLD,-1,,,,,0,0.23,光伏组件,new_energy,watch,★☆☆,,,,跌破60线; 红柱扩张,17.55,17.39,16.95,16.46,16.7,-0.009117,-0.034188,-0.062108,-0.048433,0.00057,-0.098575,-0.003543,-0.005875,0.004383,0.033788,-0.005573,-0.028313,-0.066492,-0.082221,True,complete
stock,2026-04-23,600030,中信证券,HOLD,-1,,,,,0,4.69,综合券商,finance,candidate,★★☆,,,,RSI偏高74,26.46,26.23,27.3,27.22,27.22,-0.008692,0.031746,0.028723,0.028723,0.052154,-0.015495,-0.003543,-0.005875,0.004383,0.033788,-0.005149,0.037621,0.024339,-0.005065,False,complete
stock,2026-04-23,300760,迈瑞医疗,HOLD,-1,,,,,0,-0.19,医疗器械,pharma,candidate,★★☆,,,,跌破60线; 红柱扩张,160.93,161.0,161.11,168.4,166.39,0.000435,0.001118,0.046418,0.033928,0.097123,-0.020692,-0.003543,-0.005875,0.004383,0.033788,0.003978,0.006994,0.042034,0.00014,True,complete
stock,2026-04-24,600031,三一重工,SELL_STOP,-4,,,,,0,-2.56,工程机械,machinery,watch,★★☆,,,,跌破60线; MACD死叉,19.52,19.5,20.5,20.91,,-0.001025,0.050205,0.071209,,0.151639,-0.006148,0.000331,0.008592,0.022586,,-0.001356,0.041613,0.048623,,True,pending
stock,2026-04-24,601899,紫金矿业,REDUCE,-2,,,,,0,0.76,铜金矿,commodity,watch,★☆☆,,,,跌破60线,34.31,33.56,34.14,34.21,,-0.02186,-0.004955,-0.002915,,0.029729,-0.052463,0.000331,0.008592,0.022586,,-0.022191,-0.013547,-0.0255,,True,pending
stock,2026-04-24,000858,五粮液,REDUCE,-2,,,,,0,-1.42,高端白酒,consumer,candidate,★★☆,,,,跌破60线,101.27,100.2,98.34,92.26,,-0.010566,-0.028933,-0.08897,,-0.007307,-0.110299,0.000331,0.008592,0.022586,,-0.010897,-0.037525,-0.111556,,True,pending
stock,2026-04-24,601888,中国中免,REDUCE,-2,,,,,0,-4.94,免税零售,consumer,candidate,★★☆,,,,跌破60线,65.42,65.62,65.95,63.03,,0.003057,0.008101,-0.036533,,0.024152,-0.064506,0.000331,0.008592,0.022586,,0.002726,-0.000491,-0.059119,,True,pending
stock,2026-04-24,000651,格力电器,REDUCE,-2,,,,,0,-0.7,家电,consumer,candidate,★★☆,,,,跌破60线,37.11,37.51,40.47,39.95,,0.010779,0.090542,0.076529,,0.10159,-0.003503,0.000331,0.008592,0.022586,,0.010447,0.081949,0.053943,,True,pending
stock,2026-04-24,600183,生益科技,REDUCE,-2,,,,,0,5.0,PCB基板/覆铜板,pcb,core,★★★,,,,RSI超买87,72.63,76.67,78.0,80.81,,0.055624,0.073936,0.112626,,0.188627,0.018863,0.000331,0.008592,0.022586,,0.055293,0.065344,0.09004,,False,pending
stock,2026-04-24,603799,华友钴业,REDUCE,-2,,,,,0,4.32,钴/三元前驱体,battery_materials,candidate,★★☆,,,,跌破60线,64.78,66.3,67.66,67.97,,0.023464,0.044458,0.049244,,0.093702,-0.035196,0.000331,0.008592,0.022586,,0.023133,0.035866,0.026658,,False,pending
stock,2026-04-24,002594,比亚迪,REDUCE,-2,,,,,0,-2.85,电动车/刀片电池,new_energy,core,★★★,,,,跌破20线; 绿柱扩张,99.46,102.34,105.4,100.75,,0.028956,0.059723,0.01297,,0.062136,-0.004625,0.000331,0.008592,0.022586,,0.028625,0.05113,-0.009616,,True,pending
stock,2026-04-24,601012,隆基绿能,REDUCE,-2,,,,,0,-0.4,光伏组件,new_energy,watch,★☆☆,,,,跌破60线,17.39,17.14,16.55,16.55,,-0.014376,-0.048304,-0.048304,,0.0023,-0.090282,0.000331,0.008592,0.022586,,-0.014707,-0.056896,-0.070889,,True,pending
stock,2026-04-24,002714,牧原股份,REDUCE,-2,,,,,0,-2.41,生猪养殖,agriculture,candidate,★★☆,,,,跌破60线,43.14,42.26,44.62,44.64,,-0.020399,0.034307,0.034771,,0.052156,-0.023644,0.000331,0.008592,0.022586,,-0.02073,0.025715,0.012185,,True,pending
stock,2026-04-24,601318,中国平安,REDUCE,-2,,,,,0,-0.26,保险/金融科技,finance,candidate,★★☆,,,,跌破60线,57.78,57.55,59.43,59.36,,-0.003981,0.028557,0.027345,,0.057632,-0.010038,0.000331,0.008592,0.022586,,-0.004312,0.019964,0.004759,,True,pending
stock,2026-04-24,300394,天孚通信,REDUCE,-3,,,,,0,-5.37,光通信器件,optics,core,★★☆,,,,跌破20线; MACD死叉,323.87,322.25,311.09,316.16,,-0.005002,-0.03946,-0.023806,,0.078519,-0.058264,0.000331,0.008592,0.022586,,-0.005333,-0.048053,-0.046392,,True,pending
stock,2026-04-24,300274,阳光电源,REDUCE,-3,,,,,0,-1.32,逆变器,new_energy,core,★★★,,,,跌破60线; 缩量0.6x,133.79,130.705,137.385,139.845,,-0.023059,0.02687,0.045257,,0.092122,-0.07224,0.000331,0.008592,0.022586,,-0.02339,0.018278,0.022672,,True,pending
stock,2026-04-24,600276,恒瑞医药,REDUCE,-3,,,,,0,-0.64,创新药,pharma,watch,★☆☆,,,,跌破60线; 绿柱扩张,56.05,55.38,54.99,53.63,,-0.011954,-0.018912,-0.043176,,0.050312,-0.070116,0.000331,0.008592,0.022586,,-0.012285,-0.027504,-0.065762,,True,pending
stock,2026-04-24,603993,洛阳钼业,REDUCE,-3,,,,,0,2.27,铜/钴矿,commodity,core,★★★,,,,跌破60线; RSI偏高71,19.37,19.0,19.19,19.48,,-0.019102,-0.009293,0.005679,,0.082086,-0.061951,0.000331,0.008592,0.022586,,-0.019433,-0.017885,-0.016907,,True,pending
stock,2026-04-24,600438,通威股份,REDUCE,-3,,,,,0,4.2,光伏电池/硅料,new_energy,candidate,★★☆,,,,跌破60线; RSI偏高73,17.85,17.62,17.33,17.36,,-0.012885,-0.029132,-0.027451,,0.002801,-0.064426,0.000331,0.008592,0.022586,,-0.013216,-0.037724,-0.050037,,True,pending
stock,2026-04-24,600030,中信证券,REDUCE,-3,,,,,0,3.43,综合券商,finance,candidate,★★☆,,,,跌破60线; RSI偏高73,26.23,26.77,27.32,27.49,,0.020587,0.041555,0.048037,,0.06138,0.006481,0.000331,0.008592,0.022586,,0.020256,0.032963,0.025451,,False,pending
stock,2026-04-24,600519,贵州茅台,BUY_WATCH,3,,,,,4,1.19,高端白酒,consumer,core,★★★,,,,站20/60线; 放量1.6x,1458.49,1403.2,1401.17,1375.0,,-0.037909,-0.039301,-0.057244,,-0.02639,-0.074042,0.000331,0.008592,0.022586,,-0.03824,-0.047893,-0.07983,,True,pending
stock,2026-04-24,600309,万华化学,BUY_WATCH,3,,,,,4,3.55,MDI/聚氨酯,chemical,core,★★★,,,,多头排列; 红柱扩张; RSI偏高69,89.54,88.97,90.35,89.73,,-0.006366,0.009046,0.002122,,0.015412,-0.078066,0.000331,0.008592,0.022586,,-0.006697,0.000454,-0.020464,,True,pending
stock,2026-04-24,002028,思源电气,BUY_WATCH,3,,,,,4,5.0,特高压/变电设备,power_equip,core,★★★,,,,多头排列,222.13,207.48,196.86,206.0,,-0.065952,-0.113762,-0.072615,,-0.029982,-0.138117,0.000331,0.008592,0.022586,,-0.066284,-0.122355,-0.095201,,True,pending
stock,2026-04-24,300502,新易盛,HOLD,2,,,,,0,4.42,光模块,optics,core,★★★,,,,站20/60线,537.27,538.0,537.0,522.48,,0.001359,-0.000503,-0.027528,,0.116292,-0.045173,0.000331,0.008592,0.022586,,0.001027,-0.009095,-0.050114,,True,pending
stock,2026-04-24,300750,宁德时代,HOLD,2,,,,,0,5.0,动力电池,battery,core,★★★,,,,多头排列; RSI偏高76,444.9,434.88,445.0,460.0,,-0.022522,0.000225,0.03394,,0.053608,-0.049225,0.000331,0.008592,0.022586,,-0.022853,-0.008368,0.011354,,False,pending
stock,2026-04-24,600426,华鲁恒升,HOLD,2,,,,,0,2.58,煤化工/化肥,chemical,candidate,★★☆,,,,MACD金叉,37.62,37.94,39.19,38.57,,0.008506,0.041733,0.025253,,0.05529,-0.078416,0.000331,0.008592,0.022586,,0.008175,0.033141,0.002667,,True,pending
stock,2026-04-24,000338,潍柴动力,HOLD,2,,,,,0,5.0,重型发动机/氢燃料,machinery,candidate,★★☆,,,,多头排列; 红柱扩张; RSI偏高71,29.59,29.66,30.15,34.32,,0.002366,0.018925,0.159851,,0.211558,-0.002028,0.000331,0.008592,0.022586,,0.002034,0.010333,0.137266,,False,pending
stock,2026-04-24,601138,工业富联,HOLD,1,,,,,0,5.0,AI服务器/精密制造,consumer_elec,candidate,★★☆,,,,多头排列; RSI偏高75,65.01,67.25,66.26,63.08,,0.034456,0.019228,-0.029688,,0.061221,-0.0503,0.000331,0.008592,0.022586,,0.034125,0.010635,-0.052274,,True,pending
stock,2026-04-24,300476,胜宏科技,HOLD,1,,,,,0,5.0,PCB,pcb,candidate,★★☆,,,,站20/60线,315.59,317.4,333.87,325.92,,0.005735,0.057923,0.032732,,0.219272,-0.036725,0.000331,0.008592,0.022586,,0.005404,0.049331,0.010147,,False,pending
stock,2026-04-24,601088,中国神华,HOLD,1,,,,,0,1.21,煤炭/电力,commodity,watch,★★☆,,,,站20/60线,47.19,46.78,47.98,47.73,,-0.008688,0.016741,0.011443,,0.031998,-0.051706,0.000331,0.008592,0.022586,,-0.00902,0.008149,-0.011143,,True,pending
stock,2026-04-24,300308,中际旭创,HOLD,0,,,,,0,5.0,光模块,optics,core,★★★,,,,多头排列; RSI超买96,886.99,856.03,845.0,856.0,,-0.034905,-0.04734,-0.034938,,0.153226,-0.080903,0.000331,0.008592,0.022586,,-0.035236,-0.055932,-0.057524,,True,pending
stock,2026-04-24,688498,源杰科技,HOLD,0,,,,,0,5.0,光芯片基材,optics,candidate,★★☆,,,,站20/60线; RSI偏高75,1395.0,1418.0,1515.0,1531.01,,0.016487,0.086022,0.097498,,0.266581,-0.039427,0.000331,0.008592,0.022586,,0.016156,0.077429,0.074912,,False,pending
stock,2026-04-24,002384,东山精密,HOLD,0,,,,,0,5.0,PCB/光模块封装,optics,candidate,★★☆,,,,多头排列; RSI超买92,187.9,186.7,184.25,191.88,,-0.006386,-0.019425,0.021181,,0.224055,-0.058648,0.000331,0.008592,0.022586,,-0.006718,-0.028018,-0.001404,,True,pending
stock,2026-04-24,688012,中微公司,HOLD,0,,,,,0,3.11,半导体设备,semicon,core,★★★,,,,跌破60线; 红柱扩张; 放量1.6x,323.38,352.01,359.76,383.3,,0.088534,0.112499,0.185293,,0.274723,-0.001855,0.000331,0.008592,0.022586,,0.088202,0.103907,0.162707,,False,pending
stock,2026-04-24,688256,寒武纪,HOLD,0,,,,,0,5.0,AI推理芯片,semicon,watch,★☆☆,,,,多头排列; RSI超买86,1352.5,909.544,949.752,1223.826,,-0.327509,-0.29778,-0.095138,,-0.025171,-0.335171,0.000331,0.008592,0.022586,,-0.32784,-0.306373,-0.117724,,True,pending
stock,2026-04-24,600887,伊利股份,HOLD,0,,,,,0,-2.69,乳制品/食品,consumer,candidate,★★☆,,,,跌破60线; RSI超卖20,25.25,25.25,26.57,27.45,,0.0,0.052277,0.087129,,0.124752,-0.00396,0.000331,0.008592,0.022586,,-0.000331,0.043685,0.064543,,True,pending
stock,2026-04-24,688041,海光信息,HOLD,0,,,,,0,5.0,国产CPU/GPU,semicon,core,★★★,,,,红柱扩张; RSI超买88; 放量2.1x,285.0,296.27,278.77,344.41,,0.039544,-0.02186,0.208456,,0.258947,-0.048912,0.000331,0.008592,0.022586,,0.039213,-0.030452,0.18587,,False,pending
stock,2026-04-24,688981,中芯国际,HOLD,0,,,,,0,5.0,半导体代工,semicon,core,★★★,,,,红柱扩张; RSI超买85; 放量2.2x,110.96,116.58,112.47,123.1,,0.050649,0.013609,0.109409,,0.15465,-0.010634,0.000331,0.008592,0.022586,,0.050318,0.005016,0.086823,,False,pending
stock,2026-04-24,002463,沪电股份,HOLD,0,,,,,0,5.0,高多层PCB,pcb,core,★★★,,,,多头排列; RSI超买80,102.38,104.45,101.48,104.29,,0.020219,-0.008791,0.018656,,0.087712,-0.03741,0.000331,0.008592,0.022586,,0.019888,-0.017383,-0.00393,,False,pending
stock,2026-04-24,000568,泸州老窖,HOLD,0,,,,,0,-0.51,高端白酒,food_bev,candidate,★★☆,,,,跌破60线; 红柱扩张; 放量1.5x,102.63,100.35,101.73,98.33,,-0.022216,-0.008769,-0.041898,,0.003605,-0.081165,0.000331,0.008592,0.022586,,-0.022547,-0.017362,-0.064484,,True,pending
stock,2026-04-24,603986,兆易创新,HOLD,-1,,,,,0,5.0,存储芯片,semicon,candidate,★★☆,,,,RSI偏高72,297.7,303.42,308.89,344.29,,0.019214,0.037588,0.1565,,0.234498,-0.002351,0.000331,0.008592,0.022586,,0.018883,0.028996,0.133914,,False,pending
stock,2026-04-24,603259,药明康德,HOLD,-1,,,,,0,-1.83,CXO,pharma,watch,★☆☆,,,,跌破20线,100.08,100.52,111.18,109.0,,0.004396,0.110911,0.089129,,0.144085,-0.009193,0.000331,0.008592,0.022586,,0.004065,0.102319,0.066543,,True,pending
stock,2026-04-24,002475,立讯精密,HOLD,-1,,,,,0,5.0,消费电子精密制造,consumer_elec,core,★★★,,,,站20/60线; RSI超买86,66.0,71.97,68.64,67.08,,0.090455,0.04,0.016364,,0.193636,0.004394,0.000331,0.008592,0.022586,,0.090123,0.031408,-0.006222,,False,pending
stock,2026-04-24,000333,美的集团,HOLD,-1,,,,,0,3.1,家电/工业机器人,consumer,core,★★★,,,,RSI偏高75,79.66,79.5,81.31,80.44,,-0.002009,0.020713,0.009792,,0.035024,-0.00816,0.000331,0.008592,0.022586,,-0.00234,0.012121,-0.012794,,False,pending
stock,2026-04-24,300760,迈瑞医疗,HOLD,-1,,,,,0,-0.04,医疗器械,pharma,candidate,★★☆,,,,跌破60线; 红柱扩张,161.0,158.01,168.4,172.68,,-0.018571,0.045963,0.072547,,0.096646,-0.021118,0.000331,0.008592,0.022586,,-0.018903,0.03737,0.049961,,True,pending
stock,2026-04-24,603288,海天味业,HOLD,-1,,,,,0,-2.15,调味品,food_bev,watch,★☆☆,,,,跌破20线; RSI偏低31; 缩量0.6x,39.92,39.85,39.27,38.74,,-0.001754,-0.016283,-0.029559,,0.016784,-0.054108,0.000331,0.008592,0.022586,,-0.002085,-0.024875,-0.052145,,True,pending
stock,2026-04-25,600031,三一重工,SELL_STOP,-4,,,,,0,-2.56,工程机械,machinery,watch,★★☆,,,,跌破60线; MACD死叉,19.52,20.14,20.35,20.98,,0.031762,0.04252,0.074795,,0.151639,-0.001537,,,,,,,,,True,pending
stock,2026-04-25,601899,紫金矿业,REDUCE,-2,,,,,0,0.76,铜金矿,commodity,watch,★☆☆,,,,跌破60线,34.31,32.95,33.3,34.46,,-0.039639,-0.029437,0.004372,,0.029729,-0.052463,,,,,,,,,True,pending
stock,2026-04-25,000858,五粮液,REDUCE,-2,,,,,0,-1.42,高端白酒,consumer,candidate,★★☆,,,,跌破60线,101.27,100.2,97.08,92.6,,-0.010566,-0.041375,-0.085613,,-0.009677,-0.110299,,,,,,,,,True,pending
stock,2026-04-25,601888,中国中免,REDUCE,-2,,,,,0,-4.94,免税零售,consumer,candidate,★★☆,,,,跌破60线,65.42,64.56,65.62,63.05,,-0.013146,0.003057,-0.036227,,0.024152,-0.064506,,,,,,,,,True,pending
stock,2026-04-25,000651,格力电器,REDUCE,-2,,,,,0,-0.7,家电,consumer,candidate,★★☆,,,,跌破60线,37.11,38.44,40.05,39.89,,0.035839,0.079224,0.074912,,0.10159,0.006737,,,,,,,,,True,pending
stock,2026-04-25,600183,生益科技,REDUCE,-2,,,,,0,5.0,PCB基板/覆铜板,pcb,core,★★★,,,,RSI超买87,72.63,76.62,76.51,82.0,,0.054936,0.053421,0.12901,,0.188627,0.020102,,,,,,,,,False,pending
stock,2026-04-25,603799,华友钴业,REDUCE,-2,,,,,0,4.32,钴/三元前驱体,battery_materials,candidate,★★☆,,,,跌破60线,64.78,64.76,66.59,68.2,,-0.000309,0.027941,0.052794,,0.093702,-0.035196,,,,,,,,,False,pending
stock,2026-04-25,002594,比亚迪,REDUCE,-2,,,,,0,-2.85,电动车/刀片电池,new_energy,core,★★★,,,,跌破20线; 绿柱扩张,99.46,101.48,102.98,100.46,,0.02031,0.035391,0.010054,,0.062136,-0.004625,,,,,,,,,True,pending
stock,2026-04-25,601012,隆基绿能,REDUCE,-2,,,,,0,-0.4,光伏组件,new_energy,watch,★☆☆,,,,跌破60线,17.39,16.95,16.46,16.55,,-0.025302,-0.053479,-0.048304,,-0.010351,-0.090282,,,,,,,,,True,pending
stock,2026-04-25,002714,牧原股份,REDUCE,-2,,,,,0,-2.41,生猪养殖,agriculture,candidate,★★☆,,,,跌破60线,43.14,43.3,44.7,44.07,,0.003709,0.036161,0.021558,,0.052156,-0.023644,,,,,,,,,True,pending
stock,2026-04-25,601318,中国平安,REDUCE,-2,,,,,0,-0.26,保险/金融科技,finance,candidate,★★☆,,,,跌破60线,57.78,57.63,59.37,60.04,,-0.002596,0.027518,0.039114,,0.057632,-0.010038,,,,,,,,,True,pending
stock,2026-04-25,300394,天孚通信,REDUCE,-3,,,,,0,-5.37,光通信器件,optics,core,★★☆,,,,跌破20线; MACD死叉,323.87,309.8,307.5,328.14,,-0.043443,-0.050545,0.013184,,0.078519,-0.058264,,,,,,,,,True,pending
stock,2026-04-25,300274,阳光电源,REDUCE,-3,,,,,0,-1.32,逆变器,new_energy,core,★★★,,,,跌破60线; 缩量0.6x,133.79,129.205,136.725,138.815,,-0.03427,0.021937,0.037559,,0.092122,-0.07224,,,,,,,,,True,pending
stock,2026-04-25,600276,恒瑞医药,REDUCE,-3,,,,,0,-0.64,创新药,pharma,watch,★☆☆,,,,跌破60线; 绿柱扩张,56.05,54.84,53.88,53.68,,-0.021588,-0.038715,-0.042284,,0.050312,-0.070116,,,,,,,,,True,pending
stock,2026-04-25,603993,洛阳钼业,REDUCE,-3,,,,,0,2.27,铜/钴矿,commodity,core,★★★,,,,跌破60线; RSI偏高71,19.37,18.48,18.62,19.86,,-0.045947,-0.03872,0.025297,,0.082086,-0.061951,,,,,,,,,True,pending
stock,2026-04-25,600438,通威股份,REDUCE,-3,,,,,0,4.2,光伏电池/硅料,new_energy,candidate,★★☆,,,,跌破60线; RSI偏高73,17.85,17.23,17.37,17.49,,-0.034734,-0.026891,-0.020168,,0.001681,-0.064426,,,,,,,,,True,pending
stock,2026-04-25,600030,中信证券,REDUCE,-3,,,,,0,3.43,综合券商,finance,candidate,★★☆,,,,跌破60线; RSI偏高73,26.23,27.3,27.22,27.23,,0.040793,0.037743,0.038124,,0.06138,0.019825,,,,,,,,,False,pending
stock,2026-04-25,600519,贵州茅台,BUY_WATCH,3,,,,,4,1.19,高端白酒,consumer,core,★★★,,,,站20/60线; 放量1.6x,1458.49,1405.0,1384.79,1371.05,,-0.036675,-0.050532,-0.059952,,-0.033418,-0.074042,,,,,,,,,True,pending
stock,2026-04-25,600309,万华化学,BUY_WATCH,3,,,,,4,3.55,MDI/聚氨酯,chemical,core,★★★,,,,多头排列; 红柱扩张; RSI偏高69,89.54,89.48,89.54,84.8,,-0.00067,0.0,-0.052937,,0.013067,-0.078066,,,,,,,,,True,pending
stock,2026-04-25,002028,思源电气,BUY_WATCH,3,,,,,4,5.0,特高压/变电设备,power_equip,core,★★★,,,,多头排列,222.13,195.25,195.0,206.68,,-0.12101,-0.122136,-0.069554,,-0.049385,-0.138117,,,,,,,,,True,pending
stock,2026-04-25,300502,新易盛,HOLD,2,,,,,0,4.42,光模块,optics,core,★★★,,,,站20/60线,537.27,535.46,525.79,563.5,,-0.003369,-0.021367,0.048821,,0.116292,-0.045173,,,,,,,,,True,pending
stock,2026-04-25,300750,宁德时代,HOLD,2,,,,,0,5.0,动力电池,battery,core,★★★,,,,多头排列; RSI偏高76,444.9,427.67,436.0,451.64,,-0.038728,-0.020004,0.015149,,0.053608,-0.049225,,,,,,,,,False,pending
stock,2026-04-25,600426,华鲁恒升,HOLD,2,,,,,0,2.58,煤化工/化肥,chemical,candidate,★★☆,,,,MACD金叉,37.62,38.99,38.5,36.12,,0.036417,0.023392,-0.039872,,0.05529,-0.078416,,,,,,,,,True,pending
stock,2026-04-25,000338,潍柴动力,HOLD,2,,,,,0,5.0,重型发动机/氢燃料,machinery,candidate,★★☆,,,,多头排列; 红柱扩张; RSI偏高71,29.59,30.08,31.2,35.0,,0.01656,0.05441,0.182832,,0.211558,-0.002028,,,,,,,,,False,pending
stock,2026-04-25,601138,工业富联,HOLD,1,,,,,0,5.0,AI服务器/精密制造,consumer_elec,candidate,★★☆,,,,多头排列; RSI偏高75,65.01,68.2,62.88,64.18,,0.049069,-0.032764,-0.012767,,0.061221,-0.0503,,,,,,,,,True,pending
stock,2026-04-25,300476,胜宏科技,HOLD,1,,,,,0,5.0,PCB,pcb,candidate,★★☆,,,,站20/60线,315.59,313.06,328.49,338.06,,-0.008017,0.040876,0.0712,,0.219272,-0.036725,,,,,,,,,False,pending
stock,2026-04-25,601088,中国神华,HOLD,1,,,,,0,1.21,煤炭/电力,commodity,watch,★★☆,,,,站20/60线,47.19,48.15,48.0,45.59,,0.020343,0.017165,-0.033905,,0.031998,-0.051706,,,,,,,,,True,pending
stock,2026-04-25,300308,中际旭创,HOLD,0,,,,,0,5.0,光模块,optics,core,★★★,,,,多头排列; RSI超买96,886.99,824.0,857.5,877.47,,-0.071015,-0.033247,-0.010733,,0.153226,-0.080903,,,,,,,,,True,pending
stock,2026-04-25,688498,源杰科技,HOLD,0,,,,,0,5.0,光芯片基材,optics,candidate,★★☆,,,,站20/60线; RSI偏高75,1395.0,1442.67,1571.0,1629.0,,0.034172,0.126165,0.167742,,0.266581,-0.000896,,,,,,,,,False,pending
stock,2026-04-25,002384,东山精密,HOLD,0,,,,,0,5.0,PCB/光模块封装,optics,candidate,★★☆,,,,多头排列; RSI超买92,187.9,183.9,186.73,211.07,,-0.021288,-0.006227,0.12331,,0.224055,-0.058648,,,,,,,,,True,pending
stock,2026-04-25,688012,中微公司,HOLD,0,,,,,0,3.11,半导体设备,semicon,core,★★★,,,,跌破60线; 红柱扩张; 放量1.6x,323.38,362.27,376.3,384.6,,0.120261,0.163646,0.189313,,0.274723,0.080865,,,,,,,,,False,pending
stock,2026-04-25,688256,寒武纪,HOLD,0,,,,,0,5.0,AI推理芯片,semicon,watch,★☆☆,,,,多头排列; RSI超买86,1352.5,921.477,1139.906,1252.685,,-0.318686,-0.157186,-0.0738,,-0.025171,-0.332397,,,,,,,,,True,pending
stock,2026-04-25,600887,伊利股份,HOLD,0,,,,,0,-2.69,乳制品/食品,consumer,candidate,★★☆,,,,跌破60线; RSI超卖20,25.25,25.49,27.46,27.53,,0.009505,0.087525,0.090297,,0.124752,-0.002772,,,,,,,,,True,pending
stock,2026-04-25,688041,海光信息,HOLD,0,,,,,0,5.0,国产CPU/GPU,semicon,core,★★★,,,,红柱扩张; RSI超买88; 放量2.1x,285.0,289.0,296.25,341.6,,0.014035,0.039474,0.198596,,0.258947,-0.048912,,,,,,,,,False,pending
stock,2026-04-25,688981,中芯国际,HOLD,0,,,,,0,5.0,半导体代工,semicon,core,★★★,,,,红柱扩张; RSI超买85; 放量2.2x,110.96,114.0,118.73,125.34,,0.027397,0.070025,0.129596,,0.15465,-0.010634,,,,,,,,,False,pending
stock,2026-04-25,002463,沪电股份,HOLD,0,,,,,0,5.0,高多层PCB,pcb,core,★★★,,,,多头排列; RSI超买80,102.38,101.38,102.07,107.38,,-0.009768,-0.003028,0.048838,,0.087712,-0.03741,,,,,,,,,False,pending
stock,2026-04-25,000568,泸州老窖,HOLD,0,,,,,0,-0.51,高端白酒,food_bev,candidate,★★☆,,,,跌破60线; 红柱扩张; 放量1.5x,102.63,100.2,100.1,99.05,,-0.023677,-0.024652,-0.034883,,0.003605,-0.081165,,,,,,,,,True,pending
stock,2026-04-25,603986,兆易创新,HOLD,-1,,,,,0,5.0,存储芯片,semicon,candidate,★★☆,,,,RSI偏高72,297.7,307.5,312.99,350.16,,0.032919,0.05136,0.176218,,0.234498,-0.002351,,,,,,,,,False,pending
stock,2026-04-25,603259,药明康德,HOLD,-1,,,,,0,-1.83,CXO,pharma,watch,★☆☆,,,,跌破20线,100.08,110.57,109.55,111.28,,0.104816,0.094624,0.11191,,0.144085,0.054157,,,,,,,,,False,pending
stock,2026-04-25,002475,立讯精密,HOLD,-1,,,,,0,5.0,消费电子精密制造,consumer_elec,core,★★★,,,,站20/60线; RSI超买86,66.0,69.88,67.0,69.52,,0.058788,0.015152,0.053333,,0.193636,0.004394,,,,,,,,,False,pending
stock,2026-04-25,000333,美的集团,HOLD,-1,,,,,0,3.1,家电/工业机器人,consumer,core,★★★,,,,RSI偏高75,79.66,80.45,81.1,79.81,,0.009917,0.018077,0.001883,,0.035024,-0.006402,,,,,,,,,False,pending
stock,2026-04-25,300760,迈瑞医疗,HOLD,-1,,,,,0,-0.04,医疗器械,pharma,candidate,★★☆,,,,跌破60线; 红柱扩张,161.0,161.11,168.4,170.5,,0.000683,0.045963,0.059006,,0.096646,-0.021118,,,,,,,,,True,pending
stock,2026-04-25,603288,海天味业,HOLD,-1,,,,,0,-2.15,调味品,food_bev,watch,★☆☆,,,,跌破20线; RSI偏低31; 缩量0.6x,39.92,39.26,38.64,38.73,,-0.016533,-0.032064,-0.02981,,0.016784,-0.054108,,,,,,,,,True,pending
stock,2026-04-26,600031,三一重工,SELL_STOP,-4,,,,,0,-2.56,工程机械,machinery,watch,★★☆,,,,跌破60线; MACD死叉,19.52,20.14,20.35,20.98,,0.031762,0.04252,0.074795,,0.151639,-0.001537,,,,,,,,,True,pending
stock,2026-04-26,601899,紫金矿业,REDUCE,-2,,,,,0,0.76,铜金矿,commodity,watch,★☆☆,,,,跌破60线,34.31,32.95,33.3,34.46,,-0.039639,-0.029437,0.004372,,0.029729,-0.052463,,,,,,,,,True,pending
stock,2026-04-26,000858,五粮液,REDUCE,-2,,,,,0,-1.42,高端白酒,consumer,candidate,★★☆,,,,跌破60线,101.27,100.2,97.08,92.6,,-0.010566,-0.041375,-0.085613,,-0.009677,-0.110299,,,,,,,,,True,pending
stock,2026-04-26,601888,中国中免,REDUCE,-2,,,,,0,-4.94,免税零售,consumer,candidate,★★☆,,,,跌破60线,65.42,64.56,65.62,63.05,,-0.013146,0.003057,-0.036227,,0.024152,-0.064506,,,,,,,,,True,pending
stock,2026-04-26,000651,格力电器,REDUCE,-2,,,,,0,-0.7,家电,consumer,candidate,★★☆,,,,跌破60线,37.11,38.44,40.05,39.89,,0.035839,0.079224,0.074912,,0.10159,0.006737,,,,,,,,,True,pending
stock,2026-04-26,600183,生益科技,REDUCE,-2,,,,,0,5.0,PCB基板/覆铜板,pcb,core,★★★,,,,RSI超买87,72.63,76.62,76.51,82.0,,0.054936,0.053421,0.12901,,0.188627,0.020102,,,,,,,,,False,pending
stock,2026-04-26,603799,华友钴业,REDUCE,-2,,,,,0,4.32,钴/三元前驱体,battery_materials,candidate,★★☆,,,,跌破60线,64.78,64.76,66.59,68.2,,-0.000309,0.027941,0.052794,,0.093702,-0.035196,,,,,,,,,False,pending
stock,2026-04-26,002594,比亚迪,REDUCE,-2,,,,,0,-2.85,电动车/刀片电池,new_energy,core,★★★,,,,跌破20线; 绿柱扩张,99.46,101.48,102.98,100.46,,0.02031,0.035391,0.010054,,0.062136,-0.004625,,,,,,,,,True,pending
stock,2026-04-26,601012,隆基绿能,REDUCE,-2,,,,,0,-0.4,光伏组件,new_energy,watch,★☆☆,,,,跌破60线,17.39,16.95,16.46,16.55,,-0.025302,-0.053479,-0.048304,,-0.010351,-0.090282,,,,,,,,,True,pending
stock,2026-04-26,002714,牧原股份,REDUCE,-2,,,,,0,-2.41,生猪养殖,agriculture,candidate,★★☆,,,,跌破60线,43.14,43.3,44.7,44.07,,0.003709,0.036161,0.021558,,0.052156,-0.023644,,,,,,,,,True,pending
stock,2026-04-26,601318,中国平安,REDUCE,-2,,,,,0,-0.26,保险/金融科技,finance,candidate,★★☆,,,,跌破60线,57.78,57.63,59.37,60.04,,-0.002596,0.027518,0.039114,,0.057632,-0.010038,,,,,,,,,True,pending
stock,2026-04-26,688777,中控技术,REDUCE,-2,,,,,0,1.13,工业自动化DCS,industrial_auto,candidate,★★☆,,,,跌破60线,67.39,76.35,79.29,82.58,,0.132957,0.176584,0.225404,,0.263986,0.105654,,,,,,,,,False,pending
stock,2026-04-26,600893,航发动力,REDUCE,-2,,,,,0,-0.94,航空发动机,defense,candidate,★★☆,,,,跌破60线,49.11,45.6,46.25,48.33,,-0.071472,-0.058237,-0.015883,,0.047445,-0.08145,,,,,,,,,True,pending
stock,2026-04-26,300394,天孚通信,REDUCE,-3,,,,,0,-5.37,光通信器件,optics,core,★★☆,,,,跌破20线; MACD死叉,323.87,309.8,307.5,328.14,,-0.043443,-0.050545,0.013184,,0.078519,-0.058264,,,,,,,,,True,pending
stock,2026-04-26,300274,阳光电源,REDUCE,-3,,,,,0,-1.32,逆变器,new_energy,core,★★★,,,,跌破60线; 缩量0.6x,133.79,129.205,136.725,138.815,,-0.03427,0.021937,0.037559,,0.092122,-0.07224,,,,,,,,,True,pending
stock,2026-04-26,600276,恒瑞医药,REDUCE,-3,,,,,0,-0.64,创新药,pharma,watch,★☆☆,,,,跌破60线; 绿柱扩张,56.05,54.84,53.88,53.68,,-0.021588,-0.038715,-0.042284,,0.050312,-0.070116,,,,,,,,,True,pending
stock,2026-04-26,603993,洛阳钼业,REDUCE,-3,,,,,0,2.27,铜/钴矿,commodity,core,★★★,,,,跌破60线; RSI偏高71,19.37,18.48,18.62,19.86,,-0.045947,-0.03872,0.025297,,0.082086,-0.061951,,,,,,,,,True,pending
stock,2026-04-26,600438,通威股份,REDUCE,-3,,,,,0,4.2,光伏电池/硅料,new_energy,candidate,★★☆,,,,跌破60线; RSI偏高73,17.85,17.23,17.37,17.49,,-0.034734,-0.026891,-0.020168,,0.001681,-0.064426,,,,,,,,,True,pending
stock,2026-04-26,600030,中信证券,REDUCE,-3,,,,,0,3.43,综合券商,finance,candidate,★★☆,,,,跌破60线; RSI偏高73,26.23,27.3,27.22,27.23,,0.040793,0.037743,0.038124,,0.06138,0.019825,,,,,,,,,False,pending
stock,2026-04-26,600879,航天电子,REDUCE,-3,,,,,0,4.32,军工电子/惯导,defense,candidate,★★☆,,,,跌破60线; RSI偏高69,23.62,22.34,23.97,25.31,,-0.054191,0.014818,0.07155,,0.157917,-0.057155,,,,,,,,,True,pending
stock,2026-04-26,600519,贵州茅台,BUY_WATCH,3,,,,,4,1.19,高端白酒,consumer,core,★★★,,,,站20/60线; 放量1.6x,1458.49,1405.0,1384.79,1371.05,,-0.036675,-0.050532,-0.059952,,-0.033418,-0.074042,,,,,,,,,True,pending
stock,2026-04-26,600309,万华化学,BUY_WATCH,3,,,,,4,3.55,MDI/聚氨酯,chemical,core,★★★,,,,多头排列; 红柱扩张; RSI偏高69,89.54,89.48,89.54,84.8,,-0.00067,0.0,-0.052937,,0.013067,-0.078066,,,,,,,,,True,pending
stock,2026-04-26,002028,思源电气,BUY_WATCH,3,,,,,4,5.0,特高压/变电设备,power_equip,core,★★★,,,,多头排列,222.13,195.25,195.0,206.68,,-0.12101,-0.122136,-0.069554,,-0.049385,-0.138117,,,,,,,,,True,pending
stock,2026-04-26,600522,中天科技,BUY_WATCH,3,,,,,4,5.0,海缆/光纤/电力电缆,optics,core,★★★,,,,多头排列,33.21,35.0,33.12,38.38,,0.053899,-0.00271,0.155676,,0.390545,-0.021078,,,,,,,,,False,pending
stock,2026-04-26,300502,新易盛,HOLD,2,,,,,0,4.42,光模块,optics,core,★★★,,,,站20/60线,537.27,535.46,525.79,563.5,,-0.003369,-0.021367,0.048821,,0.116292,-0.045173,,,,,,,,,True,pending
stock,2026-04-26,300750,宁德时代,HOLD,2,,,,,0,5.0,动力电池,battery,core,★★★,,,,多头排列; RSI偏高76,444.9,427.67,436.0,451.64,,-0.038728,-0.020004,0.015149,,0.053608,-0.049225,,,,,,,,,False,pending
stock,2026-04-26,600426,华鲁恒升,HOLD,2,,,,,0,2.58,煤化工/化肥,chemical,candidate,★★☆,,,,MACD金叉,37.62,38.99,38.5,36.12,,0.036417,0.023392,-0.039872,,0.05529,-0.078416,,,,,,,,,True,pending
stock,2026-04-26,000338,潍柴动力,HOLD,2,,,,,0,5.0,重型发动机/氢燃料,machinery,candidate,★★☆,,,,多头排列; 红柱扩张; RSI偏高71,29.59,30.08,31.2,35.0,,0.01656,0.05441,0.182832,,0.211558,-0.002028,,,,,,,,,False,pending
stock,2026-04-26,601138,工业富联,HOLD,1,,,,,0,5.0,AI服务器/精密制造,consumer_elec,candidate,★★☆,,,,多头排列; RSI偏高75,65.01,68.2,62.88,64.18,,0.049069,-0.032764,-0.012767,,0.061221,-0.0503,,,,,,,,,True,pending
stock,2026-04-26,300476,胜宏科技,HOLD,1,,,,,0,5.0,PCB,pcb,candidate,★★☆,,,,站20/60线,315.59,313.06,328.49,338.06,,-0.008017,0.040876,0.0712,,0.219272,-0.036725,,,,,,,,,False,pending
stock,2026-04-26,601088,中国神华,HOLD,1,,,,,0,1.21,煤炭/电力,commodity,watch,★★☆,,,,站20/60线,47.19,48.15,48.0,45.59,,0.020343,0.017165,-0.033905,,0.031998,-0.051706,,,,,,,,,True,pending
stock,2026-04-26,600498,烽火通信,HOLD,1,,,,,0,2.85,光通信设备,optics,candidate,★★☆,,,,站20/60线,52.26,52.3,46.68,51.82,,0.000765,-0.106774,-0.008419,,0.152507,-0.113088,,,,,,,,,True,pending
stock,2026-04-26,688048,长光华芯,HOLD,1,,,,,0,5.0,半导体激光芯片,optics,candidate,★★☆,,,,多头排列; 红柱扩张; RSI超买82,385.73,364.59,352.03,392.87,,-0.054805,-0.087367,0.01851,,0.192544,-0.108029,,,,,,,,,True,pending
stock,2026-04-26,300757,罗博特科,HOLD,1,,,,,0,5.0,光伏/新能源自动化装备,industrial_auto,candidate,★★☆,,,,站20/60线,501.43,506.05,482.1,510.32,,0.009214,-0.03855,0.017729,,0.054983,-0.080649,,,,,,,,,True,pending
stock,2026-04-26,300308,中际旭创,HOLD,0,,,,,0,5.0,光模块,optics,core,★★★,,,,多头排列; RSI超买96,886.99,824.0,857.5,877.47,,-0.071015,-0.033247,-0.010733,,0.153226,-0.080903,,,,,,,,,True,pending
stock,2026-04-26,688498,源杰科技,HOLD,0,,,,,0,5.0,光芯片基材,optics,candidate,★★☆,,,,站20/60线; RSI偏高75,1395.0,1442.67,1571.0,1629.0,,0.034172,0.126165,0.167742,,0.266581,-0.000896,,,,,,,,,False,pending
stock,2026-04-26,002384,东山精密,HOLD,0,,,,,0,5.0,PCB/光模块封装,optics,candidate,★★☆,,,,多头排列; RSI超买92,187.9,183.9,186.73,211.07,,-0.021288,-0.006227,0.12331,,0.224055,-0.058648,,,,,,,,,True,pending
stock,2026-04-26,688012,中微公司,HOLD,0,,,,,0,3.11,半导体设备,semicon,core,★★★,,,,跌破60线; 红柱扩张; 放量1.6x,323.38,362.27,376.3,384.6,,0.120261,0.163646,0.189313,,0.274723,0.080865,,,,,,,,,False,pending
stock,2026-04-26,688256,寒武纪,HOLD,0,,,,,0,5.0,AI推理芯片,semicon,watch,★☆☆,,,,多头排列; RSI超买86,1352.5,921.477,1139.906,1252.685,,-0.318686,-0.157186,-0.0738,,-0.025171,-0.332397,,,,,,,,,True,pending
stock,2026-04-26,600887,伊利股份,HOLD,0,,,,,0,-2.69,乳制品/食品,consumer,candidate,★★☆,,,,跌破60线; RSI超卖20,25.25,25.49,27.46,27.53,,0.009505,0.087525,0.090297,,0.124752,-0.002772,,,,,,,,,True,pending
stock,2026-04-26,688041,海光信息,HOLD,0,,,,,0,5.0,国产CPU/GPU,semicon,core,★★★,,,,红柱扩张; RSI超买88; 放量2.1x,285.0,289.0,296.25,341.6,,0.014035,0.039474,0.198596,,0.258947,-0.048912,,,,,,,,,False,pending
stock,2026-04-26,688981,中芯国际,HOLD,0,,,,,0,5.0,半导体代工,semicon,core,★★★,,,,红柱扩张; RSI超买85; 放量2.2x,110.96,114.0,118.73,125.34,,0.027397,0.070025,0.129596,,0.15465,-0.010634,,,,,,,,,False,pending
stock,2026-04-26,002463,沪电股份,HOLD,0,,,,,0,5.0,高多层PCB,pcb,core,★★★,,,,多头排列; RSI超买80,102.38,101.38,102.07,107.38,,-0.009768,-0.003028,0.048838,,0.087712,-0.03741,,,,,,,,,False,pending
stock,2026-04-26,000568,泸州老窖,HOLD,0,,,,,0,-0.51,高端白酒,food_bev,candidate,★★☆,,,,跌破60线; 红柱扩张; 放量1.5x,102.63,100.2,100.1,99.05,,-0.023677,-0.024652,-0.034883,,0.003605,-0.081165,,,,,,,,,True,pending
stock,2026-04-26,601869,长飞光纤,HOLD,0,,,,,0,3.05,光纤光缆,optics,core,★★★,,,,站20/60线; 绿柱扩张,368.16,373.49,353.9,389.2,,0.014477,-0.038733,0.057149,,0.16797,-0.084664,,,,,,,,,True,pending
stock,2026-04-26,688120,华海清科,HOLD,0,,,,,0,1.32,CMP研磨设备,semicon,candidate,★★☆,,,,,183.43,194.44,197.43,200.63,,0.060023,0.076323,0.093769,,0.297498,0.019462,,,,,,,,,False,pending
stock,2026-04-26,603986,兆易创新,HOLD,-1,,,,,0,5.0,存储芯片,semicon,candidate,★★☆,,,,RSI偏高72,297.7,307.5,312.99,350.16,,0.032919,0.05136,0.176218,,0.234498,-0.002351,,,,,,,,,False,pending
stock,2026-04-26,603259,药明康德,HOLD,-1,,,,,0,-1.83,CXO,pharma,watch,★☆☆,,,,跌破20线,100.08,110.57,109.55,111.28,,0.104816,0.094624,0.11191,,0.144085,0.054157,,,,,,,,,False,pending
stock,2026-04-26,002475,立讯精密,HOLD,-1,,,,,0,5.0,消费电子精密制造,consumer_elec,core,★★★,,,,站20/60线; RSI超买86,66.0,69.88,67.0,69.52,,0.058788,0.015152,0.053333,,0.193636,0.004394,,,,,,,,,False,pending
stock,2026-04-26,000333,美的集团,HOLD,-1,,,,,0,3.1,家电/工业机器人,consumer,core,★★★,,,,RSI偏高75,79.66,80.45,81.1,79.81,,0.009917,0.018077,0.001883,,0.035024,-0.006402,,,,,,,,,False,pending
stock,2026-04-26,300760,迈瑞医疗,HOLD,-1,,,,,0,-0.04,医疗器械,pharma,candidate,★★☆,,,,跌破60线; 红柱扩张,161.0,161.11,168.4,170.5,,0.000683,0.045963,0.059006,,0.096646,-0.021118,,,,,,,,,True,pending
stock,2026-04-26,603288,海天味业,HOLD,-1,,,,,0,-2.15,调味品,food_bev,watch,★☆☆,,,,跌破20线; RSI偏低31; 缩量0.6x,39.92,39.26,38.64,38.73,,-0.016533,-0.032064,-0.02981,,0.016784,-0.054108,,,,,,,,,True,pending
stock,2026-04-26,688195,腾景科技,HOLD,-1,,,,,0,3.99,精密光学元件,optics,candidate,★★☆,,,,站20/60线; MACD死叉,345.0,325.0,332.0,361.98,,-0.057971,-0.037681,0.049217,,0.144638,-0.085507,,,,,,,,,True,pending
stock,2026-04-26,300666,江丰电子,HOLD,-1,,,,,0,2.31,高纯溅射靶材,semicon,candidate,★★☆,,,,站20/60线; MACD死叉,156.21,179.37,179.71,186.55,,0.148262,0.150439,0.194226,,0.252161,0.038922,,,,,,,,,False,pending
stock,2026-04-27,002714,牧原股份,SELL_STOP,-4,,,,,0,-4.19,生猪养殖,agriculture,candidate,★★☆,,,,跌破60线; MACD死叉,42.26,43.3,44.7,44.07,,0.02461,0.057738,0.04283,,0.074065,-0.003313,-0.00267,0.007621,0.027156,,0.02728,0.050117,0.015674,,True,pending
stock,2026-04-27,600893,航发动力,SELL_STOP,-4,,,,,0,-2.61,航空发动机,defense,candidate,★★☆,,,,跌破60线; MACD死叉,48.33,45.6,46.25,48.33,,-0.056487,-0.043037,0.0,,0.064349,-0.066625,-0.00267,0.007621,0.027156,,-0.053816,-0.050659,-0.027156,,True,pending
stock,2026-04-27,300394,天孚通信,REDUCE,-2,,,,,0,-5.97,光通信器件,optics,core,★★☆,,,,跌破20线; 绿柱扩张,322.25,309.8,307.5,328.14,,-0.038635,-0.045772,0.018278,,0.083941,-0.05353,-0.00267,0.007621,0.027156,,-0.035964,-0.053393,-0.008878,,True,pending
stock,2026-04-27,300274,阳光电源,REDUCE,-2,,,,,0,-1.95,逆变器,new_energy,core,★★★,,,,跌破60线,131.39,129.205,136.725,138.815,,-0.01663,0.040604,0.056511,,0.112071,-0.055293,-0.00267,0.007621,0.027156,,-0.01396,0.032983,0.029355,,True,pending
stock,2026-04-27,601899,紫金矿业,REDUCE,-2,,,,,0,-1.61,铜金矿,commodity,watch,★☆☆,,,,跌破60线,33.56,32.95,33.3,34.46,,-0.018176,-0.007747,0.026818,,0.052741,-0.031287,-0.00267,0.007621,0.027156,,-0.015506,-0.015368,-0.000338,,True,pending
stock,2026-04-27,000858,五粮液,REDUCE,-2,,,,,0,-2.39,高端白酒,consumer,candidate,★★☆,,,,跌破60线; 绿柱扩张; RSI偏低34,100.2,100.2,97.08,92.6,,0.0,-0.031138,-0.075848,,0.000898,-0.100798,-0.00267,0.007621,0.027156,,0.00267,-0.038759,-0.103004,,True,pending
stock,2026-04-27,601888,中国中免,REDUCE,-2,,,,,0,-4.16,免税零售,consumer,candidate,★★☆,,,,跌破60线,65.62,64.56,65.62,63.05,,-0.016154,0.0,-0.039165,,0.02103,-0.067358,-0.00267,0.007621,0.027156,,-0.013483,-0.007621,-0.066321,,True,pending
stock,2026-04-27,600183,生益科技,REDUCE,-2,,,,,0,5.0,PCB基板/覆铜板,pcb,core,★★★,,,,RSI超买88,76.67,76.62,76.51,82.0,,-0.000652,-0.002087,0.069519,,0.125995,-0.033651,-0.00267,0.007621,0.027156,,0.002018,-0.009708,0.042363,,False,pending
stock,2026-04-27,603799,华友钴业,REDUCE,-2,,,,,0,5.01,钴/三元前驱体,battery_materials,candidate,★★☆,,,,跌破60线; 红柱扩张; RSI偏高69,66.3,64.76,66.59,68.2,,-0.023228,0.004374,0.028658,,0.068627,-0.057315,-0.00267,0.007621,0.027156,,-0.020557,-0.003247,0.001502,,True,pending
stock,2026-04-27,603993,洛阳钼业,REDUCE,-2,,,,,0,0.0,铜/钴矿,commodity,core,★★★,,,,跌破60线,19.0,18.48,18.62,19.86,,-0.027368,-0.02,0.045263,,0.103158,-0.043684,-0.00267,0.007621,0.027156,,-0.024698,-0.027621,0.018107,,True,pending
stock,2026-04-27,601012,隆基绿能,REDUCE,-2,,,,,0,-1.46,光伏组件,new_energy,watch,★☆☆,,,,跌破60线,17.14,16.95,16.46,16.55,,-0.011085,-0.039673,-0.034422,,0.004084,-0.077013,-0.00267,0.007621,0.027156,,-0.008415,-0.047294,-0.061578,,True,pending
stock,2026-04-27,002028,思源电气,REDUCE,-2,,,,,0,-1.48,特高压/变电设备,power_equip,core,★★★,,,,跌破60线,207.48,195.25,195.0,206.68,,-0.058945,-0.06015,-0.003856,,0.017737,-0.07726,-0.00267,0.007621,0.027156,,-0.056275,-0.067771,-0.031012,,True,pending
stock,2026-04-27,601318,中国平安,REDUCE,-2,,,,,0,-0.71,保险/金融科技,finance,candidate,★★☆,,,,跌破60线,57.55,57.63,59.37,60.04,,0.00139,0.031625,0.043267,,0.061859,-0.006082,-0.00267,0.007621,0.027156,,0.00406,0.024004,0.016111,,True,pending
stock,2026-04-27,300760,迈瑞医疗,REDUCE,-2,,,,,0,-1.57,医疗器械,pharma,candidate,★★☆,,,,跌破60线,158.01,161.11,168.4,170.5,,0.019619,0.065755,0.079046,,0.117398,-0.002595,-0.00267,0.007621,0.027156,,0.022289,0.058134,0.05189,,True,pending
stock,2026-04-27,000568,泸州老窖,REDUCE,-2,,,,,0,-2.62,高端白酒,food_bev,candidate,★★☆,,,,跌破60线,100.35,100.2,100.1,99.05,,-0.001495,-0.002491,-0.012955,,0.026408,-0.060289,-0.00267,0.007621,0.027156,,0.001176,-0.010112,-0.040111,,True,pending
stock,2026-04-27,688331,荣昌生物,REDUCE,-2,,,,,0,-4.89,ADC创新药,pharma,candidate,★★☆,,,,跌破20线; 绿柱扩张,135.05,134.6,129.31,130.0,,-0.003332,-0.042503,-0.037394,,0.036505,-0.121807,-0.00267,0.007621,0.027156,,-0.000662,-0.050124,-0.06455,,True,pending
stock,2026-04-27,600988,赤峰黄金,REDUCE,-2,,,,,0,-12.29,黄金矿采选,commodity,candidate,★★☆,,,,跌破60线; 绿柱扩张; RSI偏低35,38.98,37.37,38.0,42.36,,-0.041303,-0.025141,0.086711,,0.15136,-0.048999,-0.00267,0.007621,0.027156,,-0.038633,-0.032762,0.059555,,True,pending
stock,2026-04-27,688167,炬光科技,REDUCE,-2,,,,,0,-4.14,高功率半导体激光器,optics,watch,★☆☆,,,,跌破20线; 绿柱扩张,360.9,366.19,357.98,422.35,,0.014658,-0.008091,0.170269,,0.374342,-0.057911,-0.00267,0.007621,0.027156,,0.017328,-0.015712,0.143113,,True,pending
stock,2026-04-27,301200,大族数控,REDUCE,-2,,,,,0,3.42,激光/数控切割设备,industrial_auto,watch,★☆☆,,,,站20/60线; MACD死叉; RSI偏高71,188.26,185.1,182.59,193.95,,-0.016785,-0.030118,0.030224,,0.168597,-0.063157,-0.00267,0.007621,0.027156,,-0.014115,-0.037739,0.003068,,True,pending
stock,2026-04-27,600031,三一重工,REDUCE,-3,,,,,0,-2.77,工程机械,machinery,watch,★★☆,,,,跌破60线; 绿柱扩张,19.5,20.14,20.35,20.98,,0.032821,0.04359,0.075897,,0.152821,-0.000513,-0.00267,0.007621,0.027156,,0.035491,0.035969,0.048741,,True,pending
stock,2026-04-27,600276,恒瑞医药,REDUCE,-3,,,,,0,-1.88,创新药,pharma,watch,★☆☆,,,,跌破60线; 绿柱扩张,55.38,54.84,53.88,53.68,,-0.009751,-0.027086,-0.030697,,0.063019,-0.058866,-0.00267,0.007621,0.027156,,-0.00708,-0.034707,-0.057853,,True,pending
stock,2026-04-27,600519,贵州茅台,REDUCE,-3,,,,,0,-2.66,高端白酒,consumer,core,★★★,,,,跌破60线; 绿柱扩张,1403.2,1405.0,1384.79,1371.05,,0.001283,-0.01312,-0.022912,,0.004668,-0.037557,-0.00267,0.007621,0.027156,,0.003953,-0.020741,-0.050068,,True,pending
stock,2026-04-27,600438,通威股份,REDUCE,-3,,,,,0,2.78,光伏电池/硅料,new_energy,candidate,★★☆,,,,跌破60线; RSI偏高70,17.62,17.23,17.37,17.49,,-0.022134,-0.014188,-0.007378,,0.014756,-0.052213,-0.00267,0.007621,0.027156,,-0.019464,-0.02181,-0.034534,,True,pending
stock,2026-04-27,002865,钧达股份,REDUCE,-3,,,,,0,0.82,TOPCon光伏电池片,new_energy,watch,★☆☆,,,,跌破60线; 缩量0.6x,74.7,72.87,80.65,87.75,,-0.024498,0.079652,0.174699,,0.472557,-0.052209,-0.00267,0.007621,0.027156,,-0.021828,0.072031,0.147543,,True,pending
stock,2026-04-27,600879,航天电子,REDUCE,-3,,,,,0,2.91,军工电子/惯导,defense,candidate,★★☆,,,,跌破60线; RSI偏高69,23.39,22.34,23.97,25.31,,-0.044891,0.024797,0.082086,,0.169303,-0.047884,-0.00267,0.007621,0.027156,,-0.042221,0.017176,0.05493,,True,pending
stock,2026-04-27,600522,中天科技,BUY_STRONG,5,,,,,6,5.0,海缆/光纤/电力电缆,optics,core,★★★,,,,多头排列; 红柱扩张; 放量1.6x,35.78,35.0,33.12,38.38,,-0.0218,-0.074343,0.072666,,0.290665,-0.091392,-0.00267,0.007621,0.027156,,-0.01913,-0.081964,0.04551,,True,pending
stock,2026-04-27,300666,江丰电子,BUY_STRONG,5,,,,,4,5.0,高纯溅射靶材,semicon,candidate,★★☆,,,,多头排列; MACD金叉; 放量1.6x,167.75,179.37,179.71,186.55,,0.06927,0.071297,0.112072,,0.166021,-0.032548,-0.00267,0.007621,0.027156,,0.07194,0.063675,0.084916,,False,pending
stock,2026-04-27,002475,立讯精密,BUY_WATCH,3,,,,,4,5.0,消费电子精密制造,consumer_elec,core,★★★,,,,多头排列; 红柱扩张; RSI超买90; 放量1.5x,71.97,69.88,67.0,69.52,,-0.02904,-0.069057,-0.034042,,0.094623,-0.078922,-0.00267,0.007621,0.027156,,-0.02637,-0.076678,-0.061198,,True,pending
stock,2026-04-27,600309,万华化学,BUY_WATCH,3,,,,,4,2.43,MDI/聚氨酯,chemical,core,★★★,,,,多头排列,88.97,89.48,89.54,84.8,,0.005732,0.006407,-0.04687,,0.019557,-0.072159,-0.00267,0.007621,0.027156,,0.008403,-0.001214,-0.074026,,True,pending
stock,2026-04-27,688120,华海清科,BUY_WATCH,3,,,,,2,5.0,CMP研磨设备,semicon,candidate,★★☆,,,,多头排列; 红柱扩张; RSI偏高75; 放量1.9x,194.0,194.44,197.43,200.63,,0.002268,0.01768,0.034175,,0.226804,-0.036082,-0.00267,0.007621,0.027156,,0.004938,0.010059,0.007019,,False,pending
stock,2026-04-27,600487,亨通光电,BUY_WATCH,3,,,,,4,5.0,光纤光缆/海底电缆,optics,core,★★★,,,,多头排列; 红柱扩张; RSI偏高71,71.38,68.29,65.7,75.96,,-0.043289,-0.079574,0.064164,,0.119361,-0.113197,-0.00267,0.007621,0.027156,,-0.040619,-0.087195,0.037008,,True,pending
stock,2026-04-27,300502,新易盛,HOLD,2,,,,,0,3.71,光模块,optics,core,★★★,,,,站20/60线,538.0,535.46,525.79,563.5,,-0.004721,-0.022695,0.047398,,0.114777,-0.046468,-0.00267,0.007621,0.027156,,-0.002051,-0.030316,0.020242,,True,pending
stock,2026-04-27,688012,中微公司,HOLD,2,,,,,0,5.0,半导体设备,semicon,core,★★★,,,,红柱扩张; RSI偏高76; 放量2.2x,352.01,362.27,376.3,384.6,,0.029147,0.069004,0.092583,,0.171046,-0.007045,-0.00267,0.007621,0.027156,,0.031817,0.061383,0.065427,,False,pending
stock,2026-04-27,002594,比亚迪,HOLD,2,,,,,0,0.2,电动车/刀片电池,new_energy,core,★★★,,,,站20/60线,102.34,101.48,102.98,100.46,,-0.008403,0.006254,-0.01837,,0.032245,-0.032636,-0.00267,0.007621,0.027156,,-0.005733,-0.001367,-0.045526,,True,pending
stock,2026-04-27,688521,芯原股份,HOLD,2,,,,,0,2.8,半导体IP/芯片设计平台,semicon,candidate,★★☆,,,,多头排列,242.04,229.17,280.88,275.0,,-0.053173,0.160469,0.136176,,0.226905,-0.076516,-0.00267,0.007621,0.027156,,-0.050503,0.152848,0.10902,,True,pending
stock,2026-04-27,688498,源杰科技,HOLD,1,,,,,0,5.0,光芯片基材,optics,candidate,★★☆,,,,多头排列; RSI偏高77,1418.0,1442.67,1571.0,1629.0,,0.017398,0.107898,0.148801,,0.246037,-0.017102,-0.00267,0.007621,0.027156,,0.020068,0.100277,0.121645,,False,pending
stock,2026-04-27,601138,工业富联,HOLD,1,,,,,0,5.0,AI服务器/精密制造,consumer_elec,candidate,★★☆,,,,多头排列; RSI偏高76,67.25,68.2,62.88,64.18,,0.014126,-0.064981,-0.045651,,0.025874,-0.081933,-0.00267,0.007621,0.027156,,0.016797,-0.072603,-0.072807,,True,pending
stock,2026-04-27,000651,格力电器,HOLD,1,,,,,0,0.43,家电,consumer,candidate,★★☆,,,,跌破60线; MACD金叉; 放量1.8x,37.51,38.44,40.05,39.89,,0.024793,0.067715,0.06345,,0.089843,-0.003999,-0.00267,0.007621,0.027156,,0.027464,0.060094,0.036294,,False,pending
stock,2026-04-27,300476,胜宏科技,HOLD,1,,,,,0,5.0,PCB,pcb,candidate,★★☆,,,,站20/60线,317.4,313.06,328.49,338.06,,-0.013674,0.03494,0.065091,,0.212319,-0.042218,-0.00267,0.007621,0.027156,,-0.011003,0.027319,0.037935,,False,pending
stock,2026-04-27,600426,华鲁恒升,HOLD,1,,,,,0,3.19,煤化工/化肥,chemical,candidate,★★☆,,,,红柱扩张,37.94,38.99,38.5,36.12,,0.027675,0.01476,-0.04797,,0.046389,-0.086189,-0.00267,0.007621,0.027156,,0.030346,0.007139,-0.075126,,True,pending
stock,2026-04-27,601088,中国神华,HOLD,1,,,,,0,0.41,煤炭/电力,commodity,watch,★★☆,,,,站20/60线,46.78,48.15,48.0,45.59,,0.029286,0.02608,-0.025438,,0.041043,-0.043395,-0.00267,0.007621,0.027156,,0.031956,0.018458,-0.052594,,True,pending
stock,2026-04-27,000338,潍柴动力,HOLD,1,,,,,0,4.99,重型发动机/氢燃料,machinery,candidate,★★☆,,,,多头排列; 红柱扩张; RSI超买80,29.66,30.08,31.2,35.0,,0.01416,0.051922,0.18004,,0.208699,-0.004383,-0.00267,0.007621,0.027156,,0.016831,0.044301,0.152884,,False,pending
stock,2026-04-27,600498,烽火通信,HOLD,1,,,,,0,1.07,光通信设备,optics,candidate,★★☆,,,,站20/60线,51.6,52.3,46.68,51.82,,0.013566,-0.095349,0.004264,,0.167248,-0.101744,-0.00267,0.007621,0.027156,,0.016236,-0.10297,-0.022892,,True,pending
stock,2026-04-27,688777,中控技术,HOLD,1,,,,,0,5.01,工业自动化DCS,industrial_auto,candidate,★★☆,,,,红柱扩张; RSI偏高69; 放量2.2x,74.91,76.35,79.29,82.58,,0.019223,0.05847,0.10239,,0.137098,-0.00534,-0.00267,0.007621,0.027156,,0.021893,0.050849,0.075234,,False,pending
stock,2026-04-27,688548,广钢气体,HOLD,1,,,,,0,5.0,半导体特种气体,semicon,watch,★☆☆,,,,多头排列; 红柱扩张; RSI超买83; 放量1.7x,31.79,30.78,30.06,27.8,,-0.031771,-0.05442,-0.125511,,0.010695,-0.139037,-0.00267,0.007621,0.027156,,-0.029101,-0.062041,-0.152667,,True,pending
stock,2026-04-27,688409,富创精密,HOLD,1,,,,,0,5.0,半导体精密零部件,semicon,watch,★☆☆,,,,多头排列; 红柱扩张; RSI超买78; 放量1.9x,120.42,114.5,128.56,126.58,,-0.049161,0.067597,0.051154,,0.125394,-0.074074,-0.00267,0.007621,0.027156,,-0.046491,0.059976,0.023998,,True,pending
stock,2026-04-27,603929,亚翔集成,HOLD,1,,,,,0,3.4,半导体洁净室工程,semicon,watch,★☆☆,,,,多头排列,194.75,193.7,188.3,206.0,,-0.005392,-0.033119,0.057766,,0.102696,-0.070603,-0.00267,0.007621,0.027156,,-0.002721,-0.040741,0.03061,,True,pending
stock,2026-04-27,002384,东山精密,HOLD,0,,,,,0,5.0,PCB/光模块封装,optics,candidate,★★☆,,,,多头排列; RSI超买92,186.7,183.9,186.73,211.07,,-0.014997,0.000161,0.13053,,0.231923,-0.052598,-0.00267,0.007621,0.027156,,-0.012327,-0.00746,0.103374,,True,pending
stock,2026-04-27,688256,寒武纪,HOLD,0,,,,,0,5.0,AI推理芯片,semicon,watch,★☆☆,,,,多头排列; RSI超买83,1356.72,921.477,1139.906,1252.685,,-0.320805,-0.159807,-0.076681,,-0.028203,-0.334474,-0.00267,0.007621,0.027156,,-0.318135,-0.167429,-0.103837,,True,pending
stock,2026-04-27,300750,宁德时代,HOLD,0,,,,,0,4.55,动力电池,battery,core,★★★,,,,站20/60线; RSI偏高72,434.88,427.67,436.0,451.64,,-0.016579,0.002575,0.038539,,0.077884,-0.027318,-0.00267,0.007621,0.027156,,-0.013909,-0.005046,0.011383,,False,pending
stock,2026-04-27,000333,美的集团,HOLD,0,,,,,0,2.6,家电/工业机器人,consumer,core,★★★,,,,站20/60线; RSI偏高76,79.5,80.45,81.1,79.81,,0.01195,0.020126,0.003899,,0.037107,-0.004403,-0.00267,0.007621,0.027156,,0.01462,0.012505,-0.023257,,False,pending
stock,2026-04-27,600887,伊利股份,HOLD,0,,,,,0,-2.5,乳制品/食品,consumer,candidate,★★☆,,,,跌破60线; RSI超卖19,25.25,25.49,27.46,27.53,,0.009505,0.087525,0.090297,,0.124752,-0.002772,-0.00267,0.007621,0.027156,,0.012175,0.079904,0.063141,,True,pending
stock,2026-04-27,688041,海光信息,HOLD,0,,,,,0,5.0,国产CPU/GPU,semicon,core,★★★,,,,红柱扩张; RSI超买89; 放量1.7x,296.27,289.0,296.25,341.6,,-0.024538,-6.8e-05,0.153002,,0.211057,-0.085091,-0.00267,0.007621,0.027156,,-0.021868,-0.007689,0.125846,,True,pending
stock,2026-04-27,688981,中芯国际,HOLD,0,,,,,0,5.0,半导体代工,semicon,core,★★★,,,,红柱扩张; RSI超买86; 放量2.1x,116.58,114.0,118.73,125.34,,-0.022131,0.018442,0.075142,,0.098988,-0.058329,-0.00267,0.007621,0.027156,,-0.01946,0.010821,0.047986,,True,pending
stock,2026-04-27,002463,沪电股份,HOLD,0,,,,,0,5.0,高多层PCB,pcb,core,★★★,,,,多头排列; RSI超买81,104.95,101.38,102.07,107.38,,-0.034016,-0.027442,0.023154,,0.061077,-0.060981,-0.00267,0.007621,0.027156,,-0.031346,-0.035063,-0.004002,,True,pending
stock,2026-04-27,603288,海天味业,HOLD,0,,,,,0,-2.33,调味品,food_bev,watch,★☆☆,,,,跌破20线; RSI偏低31,39.85,39.26,38.64,38.73,,-0.014806,-0.030364,-0.028105,,0.01857,-0.052447,-0.00267,0.007621,0.027156,,-0.012135,-0.037985,-0.055261,,True,pending
stock,2026-04-27,601869,长飞光纤,HOLD,0,,,,,0,4.08,光纤光缆,optics,core,★★★,,,,站20/60线; 绿柱扩张,377.5,373.49,353.9,389.2,,-0.010623,-0.062517,0.030993,,0.139073,-0.107311,-0.00267,0.007621,0.027156,,-0.007952,-0.070138,0.003837,,True,pending
stock,2026-04-27,688048,长光华芯,HOLD,0,,,,,0,5.0,半导体激光芯片,optics,candidate,★★☆,,,,多头排列; RSI超买85,385.0,364.59,352.03,392.87,,-0.053013,-0.085636,0.020442,,0.194805,-0.106338,-0.00267,0.007621,0.027156,,-0.050343,-0.093257,-0.006714,,True,pending
stock,2026-04-27,688195,腾景科技,HOLD,0,,,,,0,1.81,精密光学元件,optics,candidate,★★☆,,,,站20/60线; 绿柱扩张,339.65,325.0,332.0,361.98,,-0.043133,-0.022523,0.065744,,0.162667,-0.071103,-0.00267,0.007621,0.027156,,-0.040462,-0.030144,0.038588,,True,pending
stock,2026-04-27,300757,罗博特科,HOLD,0,,,,,0,5.0,光伏/新能源自动化装备,industrial_auto,candidate,★★☆,,,,站20/60线; RSI偏高69,518.5,506.05,482.1,510.32,,-0.024012,-0.070203,-0.015776,,0.020251,-0.110916,-0.00267,0.007621,0.027156,,-0.021341,-0.077824,-0.042932,,True,pending
stock,2026-04-27,002008,大族激光,HOLD,0,,,,,0,5.0,工业激光设备,industrial_auto,candidate,★★☆,,,,多头排列; RSI超买89,104.67,105.22,100.72,112.41,,0.005255,-0.037738,0.073947,,0.335817,-0.060571,-0.00267,0.007621,0.027156,,0.007925,-0.045359,0.046791,,True,pending
stock,2026-04-27,601872,招商轮船,HOLD,0,,,,,0,-7.8,VLCC油轮/干散货,shipping,candidate,★★☆,,,,跌破20线; 绿柱扩张; RSI超卖23,17.19,16.8,17.6,18.43,,-0.022688,0.023851,0.072135,,0.155323,-0.030832,-0.00267,0.007621,0.027156,,-0.020017,0.01623,0.044979,,True,pending
stock,2026-04-27,600105,永鼎股份,HOLD,0,,,,,0,5.01,光纤光缆/新能源电缆,optics,watch,★☆☆,,,,多头排列; RSI超买90,48.52,44.85,42.41,47.52,,-0.075639,-0.125927,-0.02061,,0.153957,-0.1385,-0.00267,0.007621,0.027156,,-0.072969,-0.133549,-0.047766,,True,pending
stock,2026-04-27,300308,中际旭创,HOLD,-1,,,,,0,5.0,光模块,optics,core,★★★,,,,站20/60线; RSI超买87,857.03,824.0,857.5,877.47,,-0.03854,0.000548,0.02385,,0.19354,-0.048773,-0.00267,0.007621,0.027156,,-0.03587,-0.007073,-0.003306,,False,pending
stock,2026-04-27,603986,兆易创新,HOLD,-1,,,,,0,5.0,存储芯片,semicon,candidate,★★☆,,,,RSI偏高73,303.42,307.5,312.99,350.16,,0.013447,0.03154,0.154044,,0.211225,-0.021159,-0.00267,0.007621,0.027156,,0.016117,0.023919,0.126888,,False,pending
stock,2026-04-27,603259,药明康德,HOLD,-1,,,,,0,-1.56,CXO,pharma,watch,★☆☆,,,,跌破20线,100.52,110.57,109.55,111.28,,0.09998,0.089833,0.107043,,0.139077,0.049542,-0.00267,0.007621,0.027156,,0.10265,0.082212,0.079887,,False,pending
stock,2026-04-27,600030,中信证券,HOLD,-1,,,,,0,4.93,综合券商,finance,candidate,★★☆,,,,RSI偏高77,26.77,27.3,27.22,27.23,,0.019798,0.01681,0.017183,,0.03997,-0.000747,-0.00267,0.007621,0.027156,,0.022469,0.009189,-0.009973,,False,pending
stock,2026-04-27,605117,德业股份,HOLD,-1,,,,,0,3.08,储能逆变器/户用储能,new_energy,candidate,★★☆,,,,站20/60线; MACD死叉,140.7,139.97,150.63,154.34,,-0.005188,0.070576,0.096944,,0.16951,-0.012935,-0.00267,0.007621,0.027156,,-0.002518,0.062955,0.069788,,False,pending
stock,2026-04-27,603256,宏和科技,HOLD,-1,,,,,0,5.0,高端电子玻纤布,pcb,watch,★☆☆,,,,站20/60线; RSI超买91,106.41,109.65,119.1,144.11,,0.030448,0.119256,0.35429,,0.439714,-0.020769,-0.00267,0.007621,0.027156,,0.033119,0.111635,0.327134,,False,pending
stock,2026-04-28,600276,恒瑞医药,SELL_STOP,-4,,,,,0,-2.79,创新药,pharma,watch,★☆☆,,,,跌破60线; 绿柱扩张; MA60偏弱(-0.6%/5日),54.84,54.99,53.63,52.8,,0.002735,-0.022064,-0.037199,,0.073487,-0.049599,0.010958,0.024984,0.023896,,-0.008223,-0.047048,-0.061095,,True,pending
stock,2026-04-28,603799,华友钴业,SELL_STOP,-4,,,,,0,3.41,钴/三元前驱体,battery_materials,candidate,★★☆,,,,跌破60线; MA60下行趋势(-1.4%/5日),64.76,67.66,67.97,66.0,,0.044781,0.049568,0.019148,,0.09404,-0.034898,0.010958,0.024984,0.023896,,0.033823,0.024583,-0.004748,,True,pending
stock,2026-04-28,603993,洛阳钼业,SELL_STOP,-4,,,,,0,-3.08,铜/钴矿,commodity,core,★★★,,,,跌破60线; MA60下行趋势(-1.5%/5日),18.48,19.19,19.48,20.2,,0.03842,0.054113,0.093074,,0.134199,-0.016775,0.010958,0.024984,0.023896,,0.027462,0.029128,0.069178,,True,pending
stock,2026-04-28,002714,牧原股份,SELL_STOP,-4,,,,,0,-1.71,生猪养殖,agriculture,candidate,★★☆,,,,跌破60线; MA60偏弱(-0.5%/5日); 连跌4日且MA60偏弱,43.3,44.62,44.64,43.51,,0.030485,0.030947,0.00485,,0.048268,-0.011316,0.010958,0.024984,0.023896,,0.019527,0.005963,-0.019046,,True,pending
stock,2026-04-28,601318,中国平安,SELL_STOP,-4,,,,,0,-0.68,保险/金融科技,finance,candidate,★★☆,,,,跌破60线; RSI偏低34; MA60下行趋势(-1.0%/5日); 连跌3日且MA60偏弱,57.63,59.43,59.36,60.06,,0.031234,0.030019,0.042166,,0.060385,-0.000694,0.010958,0.024984,0.023896,,0.020276,0.005035,0.01827,,True,pending
stock,2026-04-28,300274,阳光电源,SELL_STOP,-5,,,,,0,-2.08,逆变器,new_energy,core,★★★,,,,跌破60线; MA60下行趋势(-1.7%/5日); 连跌3日且MA60偏弱,129.89,137.385,139.845,139.165,,0.057703,0.076642,0.071407,,0.124913,-0.027523,0.010958,0.024984,0.023896,,0.046745,0.051658,0.047511,,True,pending
stock,2026-04-28,600438,通威股份,SELL_STOP,-5,,,,,0,0.46,光伏电池/硅料,new_energy,candidate,★★☆,,,,跌破60线; MA60下行趋势(-1.6%/5日); 连跌3日且MA60偏弱,17.23,17.33,17.36,17.22,,0.005804,0.007545,-0.00058,,0.037725,-0.03076,0.010958,0.024984,0.023896,,-0.005154,-0.017439,-0.024476,,True,pending
stock,2026-04-28,002865,钧达股份,SELL_STOP,-5,,,,,0,-1.7,TOPCon光伏电池片,new_energy,watch,★☆☆,,,,跌破60线; MA60下行趋势(-1.3%/5日); 连跌4日且MA60偏弱,72.87,76.86,81.87,96.53,,0.054755,0.123508,0.324688,,0.509538,-0.028407,0.010958,0.024984,0.023896,,0.043797,0.098523,0.300792,,True,pending
stock,2026-04-28,600879,航天电子,SELL_STOP,-5,,,,,0,-1.75,军工电子/惯导,defense,candidate,★★☆,,,,跌破60线; MA60下行趋势(-1.4%/5日); 连跌5日,22.34,23.07,25.17,26.65,,0.032677,0.126679,0.192927,,0.224261,0.004476,0.010958,0.024984,0.023896,,0.021719,0.101694,0.169032,,True,pending
stock,2026-04-28,601899,紫金矿业,SELL_STOP,-6,,,,,0,-3.52,铜金矿,commodity,watch,★☆☆,,,,跌破60线; MACD死叉; MA60偏弱(-0.8%/5日); 连跌4日且MA60偏弱,32.95,34.14,34.21,34.8,,0.036115,0.03824,0.056146,,0.072231,-0.013354,0.010958,0.024984,0.023896,,0.025157,0.013256,0.03225,,True,pending
stock,2026-04-28,601012,隆基绿能,SELL_STOP,-6,,,,,0,-2.3,光伏组件,new_energy,watch,★☆☆,,,,跌破60线; MACD死叉; MA60偏弱(-0.3%/5日); 连跌5日,16.95,16.55,16.55,16.36,,-0.023599,-0.023599,-0.034808,,-0.00236,-0.066667,0.010958,0.024984,0.023896,,-0.034557,-0.048583,-0.058704,,True,pending
stock,2026-04-28,300394,天孚通信,REDUCE,-2,,,,,0,-10.12,光通信器件,optics,core,★★☆,,,,跌破60线; 绿柱扩张; MA60上行(+4.0%/5日),309.8,311.09,316.16,326.3,,0.004164,0.020529,0.05326,,0.127502,-0.015494,0.010958,0.024984,0.023896,,-0.006794,-0.004455,0.029365,,True,pending
stock,2026-04-28,600031,三一重工,REDUCE,-2,,,,,0,0.2,工程机械,machinery,watch,★★☆,,,,跌破60线; MACD金叉; 放量1.8x; MA60下行趋势(-1.1%/5日); 连跌4日且MA60偏弱,20.14,20.5,20.91,20.53,,0.017875,0.038232,0.019364,,0.116187,-0.007944,0.010958,0.024984,0.023896,,0.006917,0.013248,-0.004531,,True,pending
stock,2026-04-28,000858,五粮液,REDUCE,-2,,,,,0,-2.23,高端白酒,consumer,candidate,★★☆,,,,跌破60线; 绿柱扩张; RSI偏低26,100.2,98.34,92.26,92.13,,-0.018563,-0.079242,-0.080539,,-0.016168,-0.100798,0.010958,0.024984,0.023896,,-0.029521,-0.104226,-0.104434,,True,pending
stock,2026-04-28,601888,中国中免,REDUCE,-2,,,,,0,-5.39,免税零售,consumer,candidate,★★☆,,,,跌破60线; RSI超卖24; MA60下行趋势(-3.0%/5日),64.56,65.95,63.03,62.68,,0.02153,-0.023699,-0.02912,,0.037794,-0.052045,0.010958,0.024984,0.023896,,0.010572,-0.048683,-0.053016,,True,pending
stock,2026-04-28,688521,芯原股份,REDUCE,-2,,,,,0,-3.03,半导体IP/芯片设计平台,semicon,candidate,★★☆,,,,跌破60线; 绿柱扩张; MA60上行(+1.6%/5日),229.17,234.07,278.6,262.0,,0.021382,0.215691,0.143256,,0.295807,-0.024654,0.010958,0.024984,0.023896,,0.010424,0.190707,0.119361,,True,pending
stock,2026-04-28,600893,航发动力,REDUCE,-2,,,,,0,-8.42,航空发动机,defense,candidate,★★☆,,,,跌破60线; 绿柱扩张; RSI偏低31,45.6,45.46,46.84,50.1,,-0.00307,0.027193,0.098684,,0.12807,-0.010746,0.010958,0.024984,0.023896,,-0.014028,0.002209,0.074789,,True,pending
stock,2026-04-28,600519,贵州茅台,REDUCE,-3,,,,,0,-2.47,高端白酒,consumer,core,★★★,,,,跌破60线; 绿柱扩张,1405.0,1401.17,1375.0,1372.99,,-0.002726,-0.021352,-0.022783,,0.003381,-0.03879,0.010958,0.024984,0.023896,,-0.013684,-0.046336,-0.046678,,True,pending
stock,2026-04-28,688981,中芯国际,REDUCE,-3,,,,,0,5.0,半导体代工,semicon,core,★★★,,,,RSI偏高74; MA60下行趋势(-1.1%/5日),114.0,112.47,123.1,120.31,,-0.013421,0.079825,0.055351,,0.12386,-0.037018,0.010958,0.024984,0.023896,,-0.024379,0.05484,0.031455,,False,pending
stock,2026-04-28,002028,思源电气,REDUCE,-3,,,,,0,-7.56,特高压/变电设备,power_equip,core,★★★,,,,跌破60线; MACD死叉; MA60上行(+0.7%/5日),195.25,196.86,206.0,198.1,,0.008246,0.055058,0.014597,,0.081485,-0.019462,0.010958,0.024984,0.023896,,-0.002712,0.030073,-0.009299,,True,pending
stock,2026-04-28,300760,迈瑞医疗,REDUCE,-3,,,,,0,0.68,医疗器械,pharma,candidate,★★☆,,,,跌破60线; 红柱扩张; MA60下行趋势(-1.7%/5日),161.11,168.4,172.68,170.61,,0.045249,0.071814,0.058966,,0.095897,0.006207,0.010958,0.024984,0.023896,,0.034291,0.04683,0.03507,,False,pending
stock,2026-04-28,000568,泸州老窖,REDUCE,-3,,,,,0,-2.52,高端白酒,food_bev,candidate,★★☆,,,,跌破60线; RSI偏低28; MA60下行趋势(-0.8%/5日),100.2,101.73,98.33,97.53,,0.015269,-0.018663,-0.026647,,0.027944,-0.058882,0.010958,0.024984,0.023896,,0.004312,-0.043647,-0.050542,,True,pending
stock,2026-04-28,601088,中国神华,BUY_STRONG,5,,,,,0,3.22,煤炭/电力,commodity,watch,★★☆,,,,多头排列; MACD金叉; MA60上行(+1.2%/5日),48.15,47.98,47.73,45.18,,-0.003531,-0.008723,-0.061682,,0.011423,-0.070613,0.010958,0.024984,0.023896,,-0.014489,-0.033707,-0.085578,,True,pending
stock,2026-04-28,300666,江丰电子,BUY_STRONG,5,,,,,5,5.0,高纯溅射靶材,semicon,candidate,★★☆,,,,多头排列; 红柱扩张; 放量1.7x; MA60上行(+2.5%/5日),179.37,175.39,182.01,173.43,,-0.022189,0.014718,-0.033116,,0.090483,-0.095222,0.010958,0.024984,0.023896,,-0.033147,-0.010266,-0.057011,,True,pending
stock,2026-04-28,600522,中天科技,BUY_WATCH,4,,,,,5,5.0,海缆/光纤/电力电缆,optics,core,★★★,,,,多头排列; MA60上行(+4.9%/5日),35.0,34.28,34.89,40.9,,-0.020571,-0.003143,0.168571,,0.319429,-0.071143,0.010958,0.024984,0.023896,,-0.031529,-0.028127,0.144676,,True,pending
stock,2026-04-28,600309,万华化学,BUY_WATCH,3,,,,,5,2.49,MDI/聚氨酯,chemical,core,★★★,,,,多头排列,89.48,90.35,89.73,83.6,,0.009723,0.002794,-0.065713,,0.013746,-0.077447,0.010958,0.024984,0.023896,,-0.001235,-0.02219,-0.089609,,True,pending
stock,2026-04-28,000338,潍柴动力,BUY_WATCH,3,,,,,3,4.99,重型发动机/氢燃料,machinery,candidate,★★☆,,,,多头排列; 红柱扩张; RSI偏高78; MA60上行(+2.3%/5日),30.08,30.15,34.32,33.06,,0.002327,0.140957,0.099069,,0.191822,-0.013963,0.010958,0.024984,0.023896,,-0.008631,0.115973,0.075174,,False,pending
stock,2026-04-28,600487,亨通光电,BUY_WATCH,3,,,,,5,4.99,光纤光缆/海底电缆,optics,core,★★★,,,,站20/60线; MA60上行(+7.7%/5日),68.29,67.38,71.8,77.27,,-0.013326,0.051398,0.131498,,0.17001,-0.073071,0.010958,0.024984,0.023896,,-0.024283,0.026414,0.107602,,True,pending
stock,2026-04-28,688409,富创精密,BUY_WATCH,3,,,,,0,5.0,半导体精密零部件,semicon,watch,★☆☆,,,,多头排列; 红柱扩张; MA60上行(+1.3%/5日),114.5,122.5,125.59,121.56,,0.069869,0.096856,0.061659,,0.183581,-0.026201,0.010958,0.024984,0.023896,,0.058911,0.071872,0.037764,,False,pending
stock,2026-04-28,688498,源杰科技,HOLD,2,,,,,0,5.0,光芯片基材,optics,candidate,★★☆,,,,多头排列; RSI偏高75; MA60上行(+6.1%/5日),1442.67,1515.0,1531.01,1575.0,,0.050136,0.061234,0.091726,,0.224729,-0.015021,0.010958,0.024984,0.023896,,0.039178,0.036249,0.06783,,False,pending
stock,2026-04-28,603259,药明康德,HOLD,2,,,,,0,5.0,CXO,pharma,watch,★☆☆,,,,站20/60线; MACD金叉,110.57,111.18,109.0,106.8,,0.005517,-0.014199,-0.034096,,0.035543,-0.045853,0.010958,0.024984,0.023896,,-0.005441,-0.039183,-0.057992,,False,pending
stock,2026-04-28,601138,工业富联,HOLD,2,,,,,0,5.0,AI服务器/精密制造,consumer_elec,candidate,★★☆,,,,多头排列; RSI偏高74; MA60上行(+0.9%/5日),68.2,66.26,63.08,63.28,,-0.028446,-0.075073,-0.072141,,-0.006305,-0.094721,0.010958,0.024984,0.023896,,-0.039404,-0.100057,-0.096036,,True,pending
stock,2026-04-28,000333,美的集团,HOLD,2,,,,,0,3.24,家电/工业机器人,consumer,core,★★★,,,,多头排列; RSI偏高77,80.45,81.31,80.44,80.4,,0.01069,-0.000124,-0.000622,,0.02486,-0.016159,0.010958,0.024984,0.023896,,-0.000268,-0.025108,-0.024517,,False,pending
stock,2026-04-28,300476,胜宏科技,HOLD,2,,,,,0,4.88,PCB,pcb,candidate,★★☆,,,,站20/60线; MA60上行(+1.7%/5日),313.06,333.87,325.92,358.66,,0.066473,0.041078,0.145659,,0.229125,-0.02894,0.010958,0.024984,0.023896,,0.055515,0.016094,0.121763,,False,pending
stock,2026-04-28,600498,烽火通信,HOLD,2,,,,,0,2.05,光通信设备,optics,candidate,★★☆,,,,站20/60线; MA60上行(+2.7%/5日),52.3,51.5,48.59,57.0,,-0.015296,-0.070937,0.089866,,0.151625,-0.113767,0.010958,0.024984,0.023896,,-0.026254,-0.095921,0.065971,,True,pending
stock,2026-04-28,688120,华海清科,HOLD,2,,,,,0,5.0,CMP研磨设备,semicon,candidate,★★☆,,,,多头排列; 红柱扩张; RSI偏高69,194.44,193.2,193.32,195.94,,-0.006377,-0.00576,0.007714,,0.224028,-0.038264,0.010958,0.024984,0.023896,,-0.017335,-0.030744,-0.016181,,False,pending
stock,2026-04-28,688777,中控技术,HOLD,2,,,,,0,5.0,工业自动化DCS,industrial_auto,candidate,★★☆,,,,红柱扩张; 放量1.6x,76.35,77.46,82.22,81.44,,0.014538,0.076883,0.066667,,0.115652,-0.016896,0.010958,0.024984,0.023896,,0.00358,0.051899,0.042771,,False,pending
stock,2026-04-28,603929,亚翔集成,HOLD,2,,,,,0,2.72,半导体洁净室工程,semicon,watch,★☆☆,,,,多头排列; MA60上行(+2.4%/5日),193.7,192.38,201.81,200.97,,-0.006815,0.041869,0.037532,,0.108673,-0.065565,0.010958,0.024984,0.023896,,-0.017773,0.016885,0.013637,,True,pending
stock,2026-04-28,300308,中际旭创,HOLD,1,,,,,0,5.0,光模块,optics,core,★★★,,,,站20/60线; RSI偏高74; MA60上行(+3.8%/5日),825.0,845.0,856.0,886.0,,0.024242,0.037576,0.073939,,0.239879,-0.011842,0.010958,0.024984,0.023896,,0.013285,0.012592,0.050044,,False,pending
stock,2026-04-28,688012,中微公司,HOLD,1,,,,,0,5.0,半导体设备,semicon,core,★★★,,,,红柱扩张; RSI偏高72; 放量1.7x; MA60偏弱(-0.8%/5日),362.27,359.76,383.3,370.0,,-0.006929,0.058051,0.021338,,0.137881,-0.035167,0.010958,0.024984,0.023896,,-0.017886,0.033066,-0.002558,,False,pending
stock,2026-04-28,002475,立讯精密,HOLD,1,,,,,0,4.99,消费电子精密制造,consumer_elec,core,★★★,,,,多头排列; RSI超买81; MA60上行(+1.9%/5日),69.88,68.64,67.08,71.29,,-0.017745,-0.040069,0.020177,,0.127361,-0.051374,0.010958,0.024984,0.023896,,-0.028703,-0.065053,-0.003718,,True,pending
stock,2026-04-28,000651,格力电器,HOLD,1,,,,,0,2.73,家电,consumer,candidate,★★☆,,,,红柱扩张; 放量2.6x; MA60偏弱(-0.5%/5日),38.44,40.47,39.95,39.91,,0.05281,0.039282,0.038241,,0.063476,0.027836,0.010958,0.024984,0.023896,,0.041852,0.014298,0.014346,,False,pending
stock,2026-04-28,600183,生益科技,HOLD,1,,,,,0,5.0,PCB基板/覆铜板,pcb,core,★★★,,,,多头排列; RSI超买86; MA60上行(+0.6%/5日),76.62,78.0,80.81,82.0,,0.018011,0.054685,0.070217,,0.126729,-0.008353,0.010958,0.024984,0.023896,,0.007053,0.029701,0.046321,,False,pending
stock,2026-04-28,002463,沪电股份,HOLD,1,,,,,0,5.0,高多层PCB,pcb,core,★★★,,,,站20/60线; RSI偏高71; MA60上行(+3.2%/5日),101.88,101.48,104.29,108.71,,-0.003926,0.023655,0.06704,,0.093051,-0.032686,0.010958,0.024984,0.023896,,-0.014884,-0.001329,0.043144,,False,pending
stock,2026-04-28,600426,华鲁恒升,HOLD,1,,,,,0,5.0,煤化工/化肥,chemical,candidate,★★☆,,,,红柱扩张,38.99,39.19,38.57,35.51,,0.00513,-0.010772,-0.089254,,0.01821,-0.110798,0.010958,0.024984,0.023896,,-0.005828,-0.035756,-0.113149,,True,pending
stock,2026-04-28,600030,中信证券,HOLD,1,,,,,0,5.02,综合券商,finance,candidate,★★☆,,,,红柱扩张; RSI偏高75; 放量1.8x,27.3,27.32,27.49,26.95,,0.000733,0.00696,-0.012821,,0.01978,-0.020147,0.010958,0.024984,0.023896,,-0.010225,-0.018024,-0.036716,,False,pending
stock,2026-04-28,688048,长光华芯,HOLD,1,,,,,0,5.0,半导体激光芯片,optics,candidate,★★☆,,,,站20/60线; RSI偏高77; MA60上行(+11.4%/5日),364.59,351.2,372.01,438.88,,-0.036726,0.020352,0.203763,,0.261691,-0.05631,0.010958,0.024984,0.023896,,-0.047684,-0.004633,0.179868,,True,pending
stock,2026-04-28,002008,大族激光,HOLD,1,,,,,0,5.0,工业激光设备,industrial_auto,candidate,★★☆,,,,多头排列; RSI超买87; MA60上行(+6.9%/5日),105.22,103.34,102.19,122.06,,-0.017867,-0.028797,0.160046,,0.328835,-0.065482,0.010958,0.024984,0.023896,,-0.028825,-0.053781,0.13615,,True,pending
stock,2026-04-28,601872,招商轮船,HOLD,1,,,,,0,-10.24,VLCC油轮/干散货,shipping,candidate,★★☆,,,,跌破20线; 绿柱扩张; RSI超卖22; MA60上行(+3.4%/5日),16.8,17.61,18.64,19.49,,0.048214,0.109524,0.160119,,0.182143,0.004762,0.010958,0.024984,0.023896,,0.037256,0.08454,0.136224,,True,pending
stock,2026-04-28,688548,广钢气体,HOLD,1,,,,,0,5.0,半导体特种气体,semicon,watch,★☆☆,,,,多头排列; RSI偏高75; MA60上行(+2.9%/5日),30.78,30.47,30.0,27.64,,-0.010071,-0.025341,-0.102014,,0.033138,-0.110786,0.010958,0.024984,0.023896,,-0.021029,-0.050325,-0.12591,,True,pending
stock,2026-04-28,600105,永鼎股份,HOLD,1,,,,,0,4.99,光纤光缆/新能源电缆,optics,watch,★☆☆,,,,站20/60线; RSI偏高74; MA60上行(+5.9%/5日),44.85,43.32,43.68,49.94,,-0.034114,-0.026087,0.113489,,0.248384,-0.068004,0.010958,0.024984,0.023896,,-0.045072,-0.051071,0.089594,,True,pending
stock,2026-04-28,603256,宏和科技,HOLD,1,,,,,0,5.0,高端电子玻纤布,pcb,watch,★☆☆,,,,多头排列; RSI超买91; MA60上行(+7.7%/5日),109.65,120.62,131.01,148.87,,0.100046,0.194802,0.357684,,0.397173,-0.010306,0.010958,0.024984,0.023896,,0.089088,0.169817,0.333788,,False,pending
stock,2026-04-28,301200,大族数控,HOLD,1,,,,,0,1.53,激光/数控切割设备,industrial_auto,watch,★☆☆,,,,站20/60线; 绿柱扩张; MA60上行(+1.8%/5日),185.1,185.11,184.74,187.78,,5.4e-05,-0.001945,0.014479,,0.188547,-0.047164,0.010958,0.024984,0.023896,,-0.010904,-0.026929,-0.009417,,True,pending
stock,2026-04-28,300502,新易盛,HOLD,0,,,,,0,2.53,光模块,optics,core,★★★,,,,站20/60线; MACD死叉; MA60上行(+3.4%/5日),535.46,537.0,522.48,551.67,,0.002876,-0.024241,0.030273,,0.120065,-0.041945,0.010958,0.024984,0.023896,,-0.008082,-0.049225,0.006377,,True,pending
stock,2026-04-28,002384,东山精密,HOLD,0,,,,,0,5.0,PCB/光模块封装,optics,candidate,★★☆,,,,站20/60线; RSI超买88; MA60上行(+9.2%/5日),183.9,184.25,191.88,211.39,,0.001903,0.043393,0.149483,,0.25068,-0.038173,0.010958,0.024984,0.023896,,-0.009055,0.018409,0.125588,,False,pending
stock,2026-04-28,688256,寒武纪,HOLD,0,,,,,0,5.0,AI推理芯片,semicon,watch,★☆☆,,,,多头排列; RSI超买81,1374.5,949.752,1223.826,1182.53,,-0.30902,-0.109621,-0.139665,,-0.040774,-0.343083,0.010958,0.024984,0.023896,,-0.319978,-0.134605,-0.163561,,True,pending
stock,2026-04-28,300750,宁德时代,HOLD,0,,,,,0,2.69,动力电池,battery,core,★★★,,,,站20/60线; MACD死叉; MA60上行(+2.1%/5日),427.67,445.0,460.0,437.0,,0.040522,0.075596,0.021816,,0.096055,0.000772,0.010958,0.024984,0.023896,,0.029564,0.050611,-0.00208,,False,pending
stock,2026-04-28,600887,伊利股份,HOLD,0,,,,,0,-1.37,乳制品/食品,consumer,candidate,★★☆,,,,跌破60线; RSI超卖25; 放量2.2x; MA60偏弱(-0.5%/5日),25.49,26.57,27.45,27.52,,0.04237,0.076893,0.079639,,0.114162,0.000392,0.010958,0.024984,0.023896,,0.031412,0.051909,0.055744,,True,pending
stock,2026-04-28,688041,海光信息,HOLD,0,,,,,0,5.0,国产CPU/GPU,semicon,core,★★★,,,,多头排列; RSI超买81,289.0,278.77,344.41,323.28,,-0.035398,0.19173,0.118616,,0.241522,-0.062076,0.010958,0.024984,0.023896,,-0.046356,0.166746,0.09472,,True,pending
stock,2026-04-28,002594,比亚迪,HOLD,0,,,,,0,-0.42,电动车/刀片电池,new_energy,core,★★★,,,,跌破20线; MA60上行(+0.5%/5日),101.48,105.4,100.75,100.02,,0.038628,-0.007194,-0.014387,,0.040993,-0.024438,0.010958,0.024984,0.023896,,0.02767,-0.032178,-0.038283,,True,pending
stock,2026-04-28,603288,海天味业,HOLD,0,,,,,0,-3.74,调味品,food_bev,watch,★☆☆,,,,跌破20线; 绿柱扩张; RSI偏低30; MA60上行(+0.8%/5日),39.26,39.27,38.74,38.18,,0.000255,-0.013245,-0.027509,,0.0135,-0.038207,0.010958,0.024984,0.023896,,-0.010703,-0.038229,-0.051404,,True,pending
stock,2026-04-28,601869,长飞光纤,HOLD,0,,,,,0,2.09,光纤光缆,optics,core,★★★,,,,站20/60线; 绿柱扩张; 缩量0.6x; MA60上行(+9.3%/5日),373.49,370.52,361.05,397.23,,-0.007952,-0.033307,0.063563,,0.151303,-0.097727,0.010958,0.024984,0.023896,,-0.01891,-0.058292,0.039667,,True,pending
stock,2026-04-28,300757,罗博特科,HOLD,0,,,,,0,4.71,光伏/新能源自动化装备,industrial_auto,candidate,★★☆,,,,站20/60线; MACD死叉; MA60上行(+4.1%/5日),506.05,488.32,480.55,519.2,,-0.035036,-0.05039,0.025986,,0.045351,-0.089043,0.010958,0.024984,0.023896,,-0.045994,-0.075374,0.00209,,True,pending
stock,2026-04-28,605117,德业股份,HOLD,0,,,,,0,2.22,储能逆变器/户用储能,new_energy,candidate,★★☆,,,,站20/60线; 绿柱扩张; 缩量0.6x; MA60上行(+4.2%/5日),139.97,147.63,159.25,151.27,,0.054726,0.137744,0.080732,,0.175609,-0.007573,0.010958,0.024984,0.023896,,0.043768,0.11276,0.056836,,False,pending
stock,2026-04-28,600988,赤峰黄金,HOLD,0,,,,,0,-16.38,黄金矿采选,commodity,candidate,★★☆,,,,跌破60线; 绿柱扩张; RSI超卖13; MA60上行(+1.2%/5日),37.37,38.88,41.11,44.4,,0.040407,0.10008,0.188119,,0.200963,-0.008028,0.010958,0.024984,0.023896,,0.029449,0.075096,0.164223,,True,pending
stock,2026-04-28,688167,炬光科技,HOLD,0,,,,,0,-2.89,高功率半导体激光器,optics,watch,★☆☆,,,,跌破20线; MA60上行(+4.5%/5日),366.19,349.4,351.96,434.64,,-0.045851,-0.03886,0.186925,,0.354488,-0.07152,0.010958,0.024984,0.023896,,-0.056808,-0.063844,0.163029,,True,pending
stock,2026-04-28,603986,兆易创新,HOLD,-1,,,,,0,5.0,存储芯片,semicon,candidate,★★☆,,,,RSI偏高73,307.5,308.89,344.29,334.1,,0.00452,0.119642,0.086504,,0.195154,-0.034146,0.010958,0.024984,0.023896,,-0.006438,0.094658,0.062609,,False,pending
stock,2026-04-28,688195,腾景科技,HOLD,-1,,,,,0,-3.24,精密光学元件,optics,candidate,★★☆,,,,跌破20线; 绿柱扩张; MA60上行(+5.5%/5日),325.0,323.76,337.9,372.5,,-0.003815,0.039692,0.146154,,0.215077,-0.029231,0.010958,0.024984,0.023896,,-0.014773,0.014708,0.122258,,True,pending
stock,2026-04-28,688331,荣昌生物,HOLD,-1,,,,,0,-5.39,ADC创新药,pharma,candidate,★★☆,,,,跌破20线; 绿柱扩张; MA60上行(+2.4%/5日),134.6,131.0,127.7,123.9,,-0.026746,-0.051263,-0.079495,,0.002972,-0.118871,0.010958,0.024984,0.023896,,-0.037704,-0.076247,-0.10339,,True,pending
stock,2026-04-29,300274,阳光电源,SELL_STOP,-4,,,,,0,4.43,逆变器,new_energy,core,★★★,,,,跌破60线; 红柱扩张; MA60下行趋势(-1.6%/5日); 连跌4日且MA60偏弱,138.07,136.725,138.815,143.355,,-0.009741,0.005396,0.038278,,0.058268,-0.021402,-0.000632,0.018743,0.029414,,-0.009109,-0.013347,0.008864,,False,pending
stock,2026-04-29,603993,洛阳钼业,SELL_STOP,-4,,,,,0,0.21,铜/钴矿,commodity,core,★★★,,,,跌破60线; MA60下行趋势(-1.7%/5日),19.19,18.62,19.86,20.01,,-0.029703,0.034914,0.042731,,0.092236,-0.038041,-0.000632,0.018743,0.029414,,-0.029071,0.016171,0.013317,,True,pending
stock,2026-04-29,002865,钧达股份,SELL_STOP,-4,,,,,0,3.27,TOPCon光伏电池片,new_energy,watch,★☆☆,,,,跌破60线; 红柱扩张; MA60下行趋势(-1.7%/5日); 连跌5日,76.86,80.65,87.75,106.18,,0.04931,0.141686,0.381473,,0.431174,-0.01249,-0.000632,0.018743,0.029414,,0.049942,0.122943,0.352059,,False,pending
stock,2026-04-29,601899,紫金矿业,SELL_STOP,-5,,,,,0,-0.12,铜金矿,commodity,watch,★☆☆,,,,跌破60线; MA60下行趋势(-1.0%/5日); 连跌5日,34.14,33.3,34.46,34.27,,-0.024605,0.009373,0.003808,,0.034856,-0.031049,-0.000632,0.018743,0.029414,,-0.023973,-0.00937,-0.025606,,True,pending
stock,2026-04-29,600276,恒瑞医药,SELL_STOP,-5,,,,,0,-2.49,创新药,pharma,watch,★☆☆,,,,跌破60线; 绿柱扩张; MA60偏弱(-0.6%/5日); 连跌3日且MA60偏弱,54.99,53.88,53.68,53.52,,-0.020185,-0.023823,-0.026732,,0.070558,-0.052191,-0.000632,0.018743,0.029414,,-0.019554,-0.042565,-0.056146,,True,pending
stock,2026-04-29,600438,通威股份,SELL_STOP,-5,,,,,0,0.75,光伏电池/硅料,new_energy,candidate,★★☆,,,,跌破60线; MA60下行趋势(-1.7%/5日); 连跌4日且MA60偏弱,17.33,17.37,17.49,17.22,,0.002308,0.009233,-0.006347,,0.031737,-0.036353,-0.000632,0.018743,0.029414,,0.00294,-0.00951,-0.035761,,True,pending
stock,2026-04-29,601012,隆基绿能,SELL_STOP,-5,,,,,0,-4.47,光伏组件,new_energy,watch,★☆☆,,,,跌破60线; 绿柱扩张; MA60偏弱(-0.5%/5日); 连跌6日,16.55,16.46,16.55,16.61,,-0.005438,0.0,0.003625,,0.021752,-0.01994,-0.000632,0.018743,0.029414,,-0.004806,-0.018743,-0.025788,,True,pending
stock,2026-04-29,600879,航天电子,SELL_STOP,-5,,,,,0,1.3,军工电子/惯导,defense,candidate,★★☆,,,,跌破60线; MA60下行趋势(-1.7%/5日); 连跌6日,23.07,23.97,25.31,26.78,,0.039012,0.097096,0.160815,,0.185522,-0.006935,-0.000632,0.018743,0.029414,,0.039644,0.078353,0.131401,,False,pending
stock,2026-04-29,603799,华友钴业,REDUCE,-2,,,,,0,5.0,钴/三元前驱体,battery_materials,candidate,★★☆,,,,红柱扩张; RSI偏高68; MA60下行趋势(-1.4%/5日),67.66,66.59,68.2,64.84,,-0.015814,0.007981,-0.041679,,0.047148,-0.076264,-0.000632,0.018743,0.029414,,-0.015182,-0.010762,-0.071093,,True,pending
stock,2026-04-29,002028,思源电气,REDUCE,-2,,,,,0,-6.55,特高压/变电设备,power_equip,core,★★★,,,,跌破60线; 绿柱扩张; MA60上行(+0.7%/5日),196.86,195.0,206.68,196.16,,-0.009448,0.049883,-0.003556,,0.07264,-0.027481,-0.000632,0.018743,0.029414,,-0.008816,0.03114,-0.032969,,True,pending
stock,2026-04-29,002714,牧原股份,REDUCE,-2,,,,,0,0.99,生猪养殖,agriculture,candidate,★★☆,,,,跌破60线; 放量1.6x; MA60偏弱(-0.5%/5日),44.62,44.7,44.07,44.32,,0.001793,-0.012326,-0.006723,,0.017033,-0.040565,-0.000632,0.018743,0.029414,,0.002425,-0.031069,-0.036137,,True,pending
stock,2026-04-29,601318,中国平安,REDUCE,-2,,,,,0,2.14,保险/金融科技,finance,candidate,★★☆,,,,跌破60线; 红柱扩张; 放量2.4x; MA60下行趋势(-0.9%/5日),59.43,59.37,60.04,60.1,,-0.00101,0.010264,0.011274,,0.028269,-0.006394,-0.000632,0.018743,0.029414,,-0.000378,-0.008479,-0.01814,,False,pending
stock,2026-04-29,000568,泸州老窖,REDUCE,-2,,,,,0,-0.84,高端白酒,food_bev,candidate,★★☆,,,,跌破60线; 红柱扩张; 放量1.7x; MA60下行趋势(-0.8%/5日),101.73,100.1,99.05,96.91,,-0.016023,-0.026344,-0.04738,,0.003637,-0.073036,-0.000632,0.018743,0.029414,,-0.015391,-0.045087,-0.076794,,True,pending
stock,2026-04-29,600893,航发动力,REDUCE,-2,,,,,0,-8.47,航空发动机,defense,candidate,★★☆,,,,跌破60线; 绿柱扩张; RSI偏低33,45.46,46.25,48.33,50.5,,0.017378,0.063132,0.110867,,0.131544,-0.005499,-0.000632,0.018743,0.029414,,0.01801,0.04439,0.081453,,True,pending
stock,2026-04-29,300394,天孚通信,REDUCE,-3,,,,,0,-9.82,光通信器件,optics,core,★★☆,,,,跌破60线; 绿柱扩张; 缩量0.6x; MA60上行(+3.6%/5日),311.09,307.5,328.14,331.92,,-0.01154,0.054807,0.066958,,0.122826,-0.019576,-0.000632,0.018743,0.029414,,-0.010908,0.036064,0.037544,,True,pending
stock,2026-04-29,600031,三一重工,REDUCE,-3,,,,,0,1.66,工程机械,machinery,watch,★★☆,,,,跌破60线; 红柱扩张; MA60下行趋势(-1.1%/5日),20.5,20.35,20.98,21.84,,-0.007317,0.023415,0.065366,,0.096585,-0.025366,-0.000632,0.018743,0.029414,,-0.006685,0.004672,0.035952,,True,pending
stock,2026-04-29,600519,贵州茅台,REDUCE,-3,,,,,0,-2.58,高端白酒,consumer,core,★★★,,,,跌破60线; 绿柱扩张,1401.17,1384.79,1371.05,1361.33,,-0.01169,-0.021496,-0.028433,,0.0,-0.036163,-0.000632,0.018743,0.029414,,-0.011058,-0.040239,-0.057847,,True,pending
stock,2026-04-29,601888,中国中免,REDUCE,-3,,,,,0,-2.82,免税零售,consumer,candidate,★★☆,,,,跌破60线; 红柱扩张; MA60下行趋势(-3.0%/5日),65.95,65.62,63.05,62.69,,-0.005004,-0.043973,-0.049431,,0.015921,-0.072024,-0.000632,0.018743,0.029414,,-0.004372,-0.062716,-0.078845,,True,pending
stock,2026-04-29,688981,中芯国际,REDUCE,-3,,,,,0,5.0,半导体代工,semicon,core,★★★,,,,RSI偏高74; MA60下行趋势(-1.0%/5日),112.47,118.73,125.34,122.52,,0.055659,0.114431,0.089357,,0.139148,0.00738,-0.000632,0.018743,0.029414,,0.056291,0.095688,0.059944,,False,pending
stock,2026-04-29,300760,迈瑞医疗,REDUCE,-3,,,,,0,4.88,医疗器械,pharma,candidate,★★☆,,,,跌破60线; 红柱扩张; RSI偏高73; 放量2.2x; MA60下行趋势(-1.6%/5日),168.4,168.4,170.5,169.21,,0.0,0.01247,0.00481,,0.048456,-0.012708,-0.000632,0.018743,0.029414,,0.000632,-0.006273,-0.024604,,False,pending
stock,2026-04-29,300750,宁德时代,BUY_STRONG,5,,,,,6,5.0,动力电池,battery,core,★★★,,,,多头排列; MACD金叉; RSI偏高71; MA60上行(+2.2%/5日),445.0,436.0,451.64,446.11,,-0.020225,0.014921,0.002494,,0.053371,-0.035303,-0.000632,0.018743,0.029414,,-0.019593,-0.003822,-0.026919,,False,pending
stock,2026-04-29,300666,江丰电子,BUY_STRONG,5,,,,,4,5.0,高纯溅射靶材,semicon,candidate,★★☆,,,,多头排列; 红柱扩张; 放量1.7x; MA60上行(+2.5%/5日),175.39,179.71,186.55,185.0,,0.024631,0.06363,0.054792,,0.115229,-0.036433,-0.000632,0.018743,0.029414,,0.025263,0.044887,0.025379,,False,pending
stock,2026-04-29,603259,药明康德,BUY_WATCH,4,,,,,0,5.0,CXO,pharma,watch,★☆☆,,,,多头排列; 红柱扩张; 放量2.3x; MA60上行(+0.6%/5日),111.18,109.55,111.28,108.72,,-0.014661,0.000899,-0.022126,,0.017809,-0.051088,-0.000632,0.018743,0.029414,,-0.014029,-0.017843,-0.05154,,True,pending
stock,2026-04-29,300476,胜宏科技,BUY_WATCH,4,,,,,2,5.0,PCB,pcb,candidate,★★☆,,,,多头排列; 红柱扩张; MA60上行(+1.7%/5日),333.87,328.49,338.06,378.24,,-0.016114,0.01255,0.132896,,0.152514,-0.026567,-0.000632,0.018743,0.029414,,-0.015482,-0.006193,0.103482,,False,pending
stock,2026-04-29,600309,万华化学,BUY_WATCH,4,,,,,4,2.83,MDI/聚氨酯,chemical,core,★★★,,,,多头排列; 红柱扩张,90.35,89.54,84.8,83.51,,-0.008965,-0.061428,-0.075706,,0.003985,-0.086331,-0.000632,0.018743,0.029414,,-0.008333,-0.080171,-0.105119,,True,pending
stock,2026-04-29,601088,中国神华,BUY_WATCH,4,,,,,0,2.75,煤炭/电力,commodity,watch,★★☆,,,,多头排列; 红柱扩张; MA60上行(+1.3%/5日),47.98,48.0,45.59,45.17,,0.000417,-0.049812,-0.058566,,0.004168,-0.06732,-0.000632,0.018743,0.029414,,0.001049,-0.068555,-0.08798,,True,pending
stock,2026-04-29,002594,比亚迪,BUY_WATCH,4,,,,,4,3.3,电动车/刀片电池,new_energy,core,★★★,,,,站20/60线; 放量2.0x; MA60上行(+0.7%/5日),105.4,102.98,100.46,100.44,,-0.02296,-0.046869,-0.047059,,0.000474,-0.060721,-0.000632,0.018743,0.029414,,-0.022328,-0.065612,-0.076472,,True,pending
stock,2026-04-29,600522,中天科技,BUY_WATCH,3,,,,,4,4.99,海缆/光纤/电力电缆,optics,core,★★★,,,,站20/60线; MA60上行(+4.7%/5日),34.28,33.12,38.38,43.86,,-0.033839,0.119603,0.279463,,0.347141,-0.051634,-0.000632,0.018743,0.029414,,-0.033207,0.10086,0.25005,,True,pending
stock,2026-04-29,600487,亨通光电,BUY_WATCH,3,,,,,4,5.0,光纤光缆/海底电缆,optics,core,★★★,,,,站20/60线; MA60上行(+7.5%/5日),67.38,65.7,75.96,74.99,,-0.024933,0.127337,0.112942,,0.185812,-0.060552,-0.000632,0.018743,0.029414,,-0.024301,0.108595,0.083528,,True,pending
stock,2026-04-29,605117,德业股份,BUY_WATCH,3,,,,,2,5.0,储能逆变器/户用储能,new_energy,candidate,★★☆,,,,多头排列; MA60上行(+4.1%/5日),147.63,150.63,154.34,161.57,,0.020321,0.045451,0.094425,,0.114611,-0.000542,-0.000632,0.018743,0.029414,,0.020953,0.026709,0.065012,,False,pending
stock,2026-04-29,688498,源杰科技,HOLD,2,,,,,0,5.0,光芯片基材,optics,candidate,★★☆,,,,多头排列; 红柱扩张; RSI超买79; MA60上行(+6.1%/5日),1515.0,1571.0,1629.0,1624.0,,0.036964,0.075248,0.071947,,0.166257,-0.026403,-0.000632,0.018743,0.029414,,0.037596,0.056505,0.042534,,False,pending
stock,2026-04-29,000333,美的集团,HOLD,2,,,,,0,3.96,家电/工业机器人,consumer,core,★★★,,,,多头排列; 红柱扩张; RSI超买82,81.31,81.1,79.81,80.67,,-0.002583,-0.018448,-0.007871,,0.01402,-0.026565,-0.000632,0.018743,0.029414,,-0.001951,-0.037191,-0.037285,,False,pending
stock,2026-04-29,600887,伊利股份,HOLD,2,,,,,0,2.71,乳制品/食品,consumer,candidate,★★☆,,,,MACD金叉; 放量3.0x; MA60偏弱(-0.4%/5日),26.57,27.46,27.53,28.06,,0.033496,0.036131,0.056078,,0.068875,0.01656,-0.000632,0.018743,0.029414,,0.034128,0.017388,0.026665,,False,pending
stock,2026-04-29,000338,潍柴动力,HOLD,2,,,,,0,5.01,重型发动机/氢燃料,machinery,candidate,★★☆,,,,多头排列; RSI偏高76; MA60上行(+2.3%/5日),30.15,31.2,35.0,33.53,,0.034826,0.160862,0.112106,,0.189055,0.021891,-0.000632,0.018743,0.029414,,0.035458,0.142119,0.082692,,False,pending
stock,2026-04-29,688120,华海清科,HOLD,2,,,,,0,4.89,CMP研磨设备,semicon,candidate,★★☆,,,,多头排列,193.2,197.43,200.63,206.89,,0.021894,0.038458,0.070859,,0.231884,-0.006315,-0.000632,0.018743,0.029414,,0.022526,0.019715,0.041446,,False,pending
stock,2026-04-29,688409,富创精密,HOLD,2,,,,,0,5.0,半导体精密零部件,semicon,watch,★☆☆,,,,多头排列; 红柱扩张; RSI偏高72; MA60上行(+1.6%/5日),122.5,128.56,126.58,122.9,,0.049469,0.033306,0.003265,,0.106286,-0.053061,-0.000632,0.018743,0.029414,,0.050101,0.014563,-0.026148,,True,pending
stock,2026-04-29,603929,亚翔集成,HOLD,2,,,,,0,1.73,半导体洁净室工程,semicon,watch,★☆☆,,,,多头排列; MA60上行(+2.6%/5日),192.38,188.3,206.0,206.2,,-0.021208,0.070797,0.071837,,0.11628,-0.059154,-0.000632,0.018743,0.029414,,-0.020576,0.052054,0.042423,,True,pending
stock,2026-04-29,300308,中际旭创,HOLD,1,,,,,0,5.0,光模块,optics,core,★★★,,,,站20/60线; RSI偏高76; MA60上行(+3.7%/5日),846.0,857.5,877.47,940.13,,0.013593,0.037199,0.111265,,0.209102,-0.013002,-0.000632,0.018743,0.029414,,0.014225,0.018456,0.081851,,False,pending
stock,2026-04-29,300502,新易盛,HOLD,1,,,,,0,1.93,光模块,optics,core,★★★,,,,站20/60线; 绿柱扩张; MA60上行(+3.1%/5日),537.0,525.79,563.5,563.7,,-0.020875,0.049348,0.049721,,0.116853,-0.044693,-0.000632,0.018743,0.029414,,-0.020243,0.030605,0.020307,,True,pending
stock,2026-04-29,002475,立讯精密,HOLD,1,,,,,0,5.0,消费电子精密制造,consumer_elec,core,★★★,,,,站20/60线; RSI偏高76; MA60上行(+2.1%/5日),68.64,67.0,69.52,76.06,,-0.023893,0.012821,0.1081,,0.147727,-0.034237,-0.000632,0.018743,0.029414,,-0.023261,-0.005922,0.078687,,False,pending
stock,2026-04-29,601138,工业富联,HOLD,1,,,,,0,5.0,AI服务器/精密制造,consumer_elec,candidate,★★☆,,,,站20/60线; RSI偏高72; MA60上行(+0.9%/5日),66.26,62.88,64.18,65.85,,-0.051011,-0.031391,-0.006188,,-0.000906,-0.068216,-0.000632,0.018743,0.029414,,-0.050379,-0.050134,-0.035601,,True,pending
stock,2026-04-29,600183,生益科技,HOLD,1,,,,,0,5.0,PCB基板/覆铜板,pcb,core,★★★,,,,多头排列; RSI超买87; MA60上行(+0.7%/5日),78.0,76.51,82.0,83.66,,-0.019103,0.051282,0.072564,,0.106795,-0.021538,-0.000632,0.018743,0.029414,,-0.018471,0.032539,0.04315,,False,pending
stock,2026-04-29,002463,沪电股份,HOLD,1,,,,,0,5.0,高多层PCB,pcb,core,★★★,,,,站20/60线; RSI偏高70; MA60上行(+3.2%/5日),101.98,102.07,107.38,108.68,,0.000883,0.052952,0.065699,,0.091979,-0.002746,-0.000632,0.018743,0.029414,,0.001514,0.034209,0.036285,,False,pending
stock,2026-04-29,600426,华鲁恒升,HOLD,1,,,,,0,5.0,煤化工/化肥,chemical,candidate,★★☆,,,,红柱扩张,39.19,38.5,36.12,34.82,,-0.017607,-0.078336,-0.111508,,0.013014,-0.115336,-0.000632,0.018743,0.029414,,-0.016975,-0.097079,-0.140922,,True,pending
stock,2026-04-29,601869,长飞光纤,HOLD,1,,,,,0,0.48,光纤光缆,optics,core,★★★,,,,站20/60线; 绿柱扩张; MA60上行(+8.8%/5日),370.52,353.9,389.2,400.31,,-0.044856,0.050416,0.080401,,0.160531,-0.090494,-0.000632,0.018743,0.029414,,-0.044224,0.031673,0.050987,,True,pending
stock,2026-04-29,688048,长光华芯,HOLD,1,,,,,0,5.0,半导体激光芯片,optics,candidate,★★☆,,,,站20/60线; RSI偏高75; MA60上行(+11.0%/5日),351.2,352.03,392.87,433.3,,0.002363,0.11865,0.23377,,0.309795,-0.02033,-0.000632,0.018743,0.029414,,0.002995,0.099907,0.204356,,False,pending
stock,2026-04-29,300757,罗博特科,HOLD,1,,,,,0,0.15,光伏/新能源自动化装备,industrial_auto,candidate,★★☆,,,,站20/60线; 绿柱扩张; MA60上行(+3.6%/5日),488.32,482.1,510.32,512.3,,-0.012738,0.045052,0.049107,,0.083306,-0.055967,-0.000632,0.018743,0.029414,,-0.012106,0.02631,0.019693,,True,pending
stock,2026-04-29,688548,广钢气体,HOLD,1,,,,,0,4.99,半导体特种气体,semicon,watch,★☆☆,,,,站20/60线; RSI偏高75; MA60上行(+3.0%/5日),30.47,30.06,27.8,28.55,,-0.013456,-0.087627,-0.063013,,0.043649,-0.101739,-0.000632,0.018743,0.029414,,-0.012824,-0.10637,-0.092426,,True,pending
stock,2026-04-29,600105,永鼎股份,HOLD,1,,,,,0,5.01,光纤光缆/新能源电缆,optics,watch,★☆☆,,,,站20/60线; RSI偏高68; MA60上行(+5.7%/5日),43.32,42.41,47.52,51.4,,-0.021006,0.096953,0.186519,,0.292475,-0.035088,-0.000632,0.018743,0.029414,,-0.020374,0.07821,0.157105,,False,pending
stock,2026-04-29,603256,宏和科技,HOLD,1,,,,,0,5.0,高端电子玻纤布,pcb,watch,★☆☆,,,,多头排列; 红柱扩张; RSI超买92; 缩量0.6x; MA60上行(+7.7%/5日),120.62,119.1,144.11,149.98,,-0.012602,0.194744,0.243409,,0.270104,-0.078428,-0.000632,0.018743,0.029414,,-0.01197,0.176001,0.213995,,True,pending
stock,2026-04-29,301200,大族数控,HOLD,1,,,,,0,0.92,激光/数控切割设备,industrial_auto,watch,★☆☆,,,,站20/60线; 绿柱扩张; MA60上行(+1.2%/5日),185.11,182.59,193.95,201.91,,-0.013614,0.047755,0.090757,,0.188483,-0.047215,-0.000632,0.018743,0.029414,,-0.012982,0.029012,0.061343,,True,pending
stock,2026-04-29,002384,东山精密,HOLD,0,,,,,0,5.0,PCB/光模块封装,optics,candidate,★★☆,,,,站20/60线; RSI超买86; MA60上行(+9.1%/5日),184.25,186.73,211.07,218.3,,0.01346,0.145563,0.184803,,0.248304,-0.013134,-0.000632,0.018743,0.029414,,0.014092,0.12682,0.15539,,False,pending
stock,2026-04-29,688256,寒武纪,HOLD,0,,,,,0,5.0,AI推理芯片,semicon,watch,★☆☆,,,,多头排列; 红柱扩张; RSI超买82,1416.63,1139.906,1252.685,1200.0,,-0.19534,-0.115729,-0.152919,,-0.069301,-0.301917,-0.000632,0.018743,0.029414,,-0.194708,-0.134472,-0.182333,,True,pending
stock,2026-04-29,688041,海光信息,HOLD,0,,,,,0,5.0,国产CPU/GPU,semicon,core,★★★,,,,站20/60线; RSI偏高75,278.77,296.25,341.6,349.18,,0.062704,0.225383,0.252574,,0.287083,0.021918,-0.000632,0.018743,0.029414,,0.063336,0.20664,0.22316,,False,pending
stock,2026-04-29,603288,海天味业,HOLD,0,,,,,0,-3.49,调味品,food_bev,watch,★☆☆,,,,跌破20线; 绿柱扩张; RSI偏低30; MA60上行(+0.8%/5日),39.27,38.64,38.73,38.15,,-0.016043,-0.013751,-0.02852,,-0.002801,-0.038452,-0.000632,0.018743,0.029414,,-0.015411,-0.032494,-0.057934,,True,pending
stock,2026-04-29,600498,烽火通信,HOLD,0,,,,,0,0.43,光通信设备,optics,candidate,★★☆,,,,站20/60线; MACD死叉; MA60上行(+2.4%/5日),51.5,46.68,51.82,58.61,,-0.093592,0.006214,0.138058,,0.169515,-0.1,-0.000632,0.018743,0.029414,,-0.09296,-0.012529,0.108645,,True,pending
stock,2026-04-29,688777,中控技术,HOLD,0,,,,,0,5.0,工业自动化DCS,industrial_auto,candidate,★★☆,,,,红柱扩张; RSI偏高68,77.46,79.29,82.58,82.0,,0.023625,0.066099,0.058611,,0.099664,-0.016266,-0.000632,0.018743,0.029414,,0.024257,0.047356,0.029197,,False,pending
stock,2026-04-29,002008,大族激光,HOLD,0,,,,,0,5.0,工业激光设备,industrial_auto,candidate,★★☆,,,,站20/60线; RSI超买82; MA60上行(+7.0%/5日),103.34,100.72,112.41,134.27,,-0.025353,0.087769,0.299303,,0.353009,-0.048481,-0.000632,0.018743,0.029414,,-0.024721,0.069026,0.26989,,False,pending
stock,2026-04-29,601872,招商轮船,HOLD,0,,,,,0,-5.51,VLCC油轮/干散货,shipping,candidate,★★☆,,,,跌破20线; RSI偏低33; MA60上行(+3.3%/5日); 连跌5日,17.61,17.6,18.43,18.37,,-0.000568,0.046564,0.043157,,0.127768,-0.041454,-0.000632,0.018743,0.029414,,6.4e-05,0.027822,0.013744,,True,pending
stock,2026-04-29,600988,赤峰黄金,HOLD,0,,,,,0,-11.29,黄金矿采选,commodity,candidate,★★☆,,,,跌破60线; RSI超卖24; MA60上行(+0.8%/5日); 连跌5日,38.88,38.0,42.36,42.04,,-0.022634,0.089506,0.081276,,0.154321,-0.032665,-0.000632,0.018743,0.029414,,-0.022002,0.070763,0.051862,,True,pending
stock,2026-04-29,688012,中微公司,HOLD,-1,,,,,0,5.0,半导体设备,semicon,core,★★★,,,,红柱扩张; RSI偏高69; MA60偏弱(-0.5%/5日),359.76,376.3,384.6,383.64,,0.045975,0.069046,0.066378,,0.145819,-0.011702,-0.000632,0.018743,0.029414,,0.046607,0.050303,0.036964,,False,pending
stock,2026-04-29,603986,兆易创新,HOLD,-1,,,,,0,5.0,存储芯片,semicon,candidate,★★☆,,,,RSI偏高77,308.89,312.99,350.16,362.13,,0.013273,0.133607,0.172359,,0.189776,-0.007802,-0.000632,0.018743,0.029414,,0.013905,0.114865,0.142945,,False,pending
stock,2026-04-29,000858,五粮液,HOLD,-1,,,,,0,-3.9,高端白酒,consumer,candidate,★★☆,,,,跌破60线; 绿柱扩张; RSI超卖25,98.34,97.08,92.6,91.81,,-0.012813,-0.058369,-0.066402,,-0.003966,-0.083791,-0.000632,0.018743,0.029414,,-0.012181,-0.077112,-0.095816,,True,pending
stock,2026-04-29,000651,格力电器,HOLD,-1,,,,,0,4.99,家电,consumer,candidate,★★☆,,,,红柱扩张; RSI超买85; 放量5.6x; MA60偏弱(-0.3%/5日),40.47,40.05,39.89,40.46,,-0.010378,-0.014332,-0.000247,,0.009637,-0.023721,-0.000632,0.018743,0.029414,,-0.009746,-0.033075,-0.029661,,False,pending
stock,2026-04-29,600030,中信证券,HOLD,-1,,,,,0,5.01,综合券商,finance,candidate,★★☆,,,,红柱扩张; RSI超买85,27.32,27.22,27.23,27.33,,-0.00366,-0.003294,0.000366,,0.019034,-0.020864,-0.000632,0.018743,0.029414,,-0.003028,-0.022037,-0.029048,,False,pending
stock,2026-04-29,688195,腾景科技,HOLD,-1,,,,,0,-4.46,精密光学元件,optics,candidate,★★☆,,,,跌破20线; 绿柱扩张; MA60上行(+4.7%/5日),323.76,332.0,361.98,375.6,,0.025451,0.11805,0.160119,,0.219731,-0.011397,-0.000632,0.018743,0.029414,,0.026083,0.099307,0.130705,,True,pending
stock,2026-04-29,688521,芯原股份,HOLD,-1,,,,,0,-1.55,半导体IP/芯片设计平台,semicon,candidate,★★☆,,,,跌破20线; 绿柱扩张; MA60上行(+1.2%/5日),234.07,280.88,275.0,267.4,,0.199983,0.174862,0.142393,,0.26868,0.110779,-0.000632,0.018743,0.029414,,0.200615,0.156119,0.11298,,False,pending
stock,2026-04-29,688331,荣昌生物,HOLD,-1,,,,,0,-8.37,ADC创新药,pharma,candidate,★★☆,,,,跌破20线; 绿柱扩张; MA60上行(+2.3%/5日),131.0,129.31,130.0,124.63,,-0.012901,-0.007634,-0.048626,,0.019084,-0.094656,-0.000632,0.018743,0.029414,,-0.012269,-0.026377,-0.07804,,True,pending
stock,2026-04-29,688167,炬光科技,HOLD,-1,,,,,0,-8.19,高功率半导体激光器,optics,watch,★☆☆,,,,跌破20线; 绿柱扩张; MA60上行(+4.2%/5日),349.4,357.98,422.35,478.1,,0.024556,0.208786,0.368346,,0.419576,-0.004007,-0.000632,0.018743,0.029414,,0.025188,0.190044,0.338932,,True,pending
stock,2026-04-30,600276,恒瑞医药,SELL_STOP,-4,,,,,0,-3.96,创新药,pharma,watch,★☆☆,,,,跌破60线; 绿柱扩张; MA60偏弱(-0.5%/5日),54.03,53.63,52.8,56.11,,-0.007403,-0.022765,0.038497,,0.08958,-0.035351,0.014515,0.013438,0.029276,,-0.021919,-0.036203,0.009221,,True,pending
stock,2026-04-30,600438,通威股份,SELL_STOP,-4,,,,,0,0.75,光伏电池/硅料,new_energy,candidate,★★☆,,,,跌破60线; MA60下行趋势(-1.7%/5日),17.36,17.36,17.22,16.99,,0.0,-0.008065,-0.021313,,0.029954,-0.038018,0.014515,0.013438,0.029276,,-0.014515,-0.021502,-0.05059,,True,pending
stock,2026-04-30,300760,迈瑞医疗,SELL_STOP,-4,,,,,0,5.0,医疗器械,pharma,candidate,★★☆,,,,跌破60线; 红柱扩张; RSI偏高71; MA60下行趋势(-1.5%/5日),168.88,172.68,170.61,166.39,,0.022501,0.010244,-0.014744,,0.045476,-0.015514,0.014515,0.013438,0.029276,,0.007986,-0.003194,-0.04402,,False,pending
stock,2026-04-30,601899,紫金矿业,SELL_STOP,-5,,,,,0,-2.61,铜金矿,commodity,watch,★☆☆,,,,跌破60线; 绿柱扩张; MA60下行趋势(-1.2%/5日),33.27,34.21,34.8,34.58,,0.028254,0.045987,0.039375,,0.061918,-0.001803,0.014515,0.013438,0.029276,,0.013738,0.03255,0.010099,,True,pending
stock,2026-04-30,601012,隆基绿能,SELL_STOP,-5,,,,,0,-4.74,光伏组件,new_energy,watch,★☆☆,,,,跌破60线; 绿柱扩张; MA60偏弱(-0.7%/5日); 连跌7日,16.44,16.55,16.36,16.7,,0.006691,-0.004866,0.015815,,0.028589,-0.013382,0.014515,0.013438,0.029276,,-0.007824,-0.018304,-0.013461,,True,pending
stock,2026-04-30,603993,洛阳钼业,SELL_STOP,-6,,,,,0,-3.01,铜/钴矿,commodity,core,★★★,,,,跌破60线; MACD死叉; MA60下行趋势(-1.8%/5日),18.61,19.48,20.2,20.58,,0.046749,0.085438,0.105857,,0.126276,-0.000537,0.014515,0.013438,0.029276,,0.032234,0.072,0.076581,,True,pending
stock,2026-04-30,600031,三一重工,REDUCE,-2,,,,,0,1.27,工程机械,machinery,watch,★★☆,,,,跌破60线; 红柱扩张; 放量1.6x; MA60下行趋势(-1.1%/5日),20.43,20.91,20.53,21.36,,0.023495,0.004895,0.045521,,0.100343,-0.005874,0.014515,0.013438,0.029276,,0.008979,-0.008543,0.016245,,False,pending
stock,2026-04-30,600519,贵州茅台,REDUCE,-2,,,,,0,-3.69,高端白酒,consumer,core,★★★,,,,跌破60线; 绿柱扩张; RSI偏低35,1382.44,1375.0,1372.99,1354.55,,-0.005382,-0.006836,-0.020174,,0.004022,-0.023104,0.014515,0.013438,0.029276,,-0.019897,-0.020274,-0.049451,,True,pending
stock,2026-04-30,601888,中国中免,REDUCE,-2,,,,,0,-2.93,免税零售,consumer,candidate,★★☆,,,,跌破60线; 红柱扩张; RSI偏低31; MA60下行趋势(-2.9%/5日),65.6,63.03,62.68,61.55,,-0.039177,-0.044512,-0.061738,,-0.028506,-0.067073,0.014515,0.013438,0.029276,,-0.053692,-0.05795,-0.091014,,True,pending
stock,2026-04-30,603799,华友钴业,REDUCE,-2,,,,,0,4.97,钴/三元前驱体,battery_materials,candidate,★★☆,,,,MA60下行趋势(-1.4%/5日),66.62,67.97,66.0,62.87,,0.020264,-0.009307,-0.056289,,0.063494,-0.061843,0.014515,0.013438,0.029276,,0.005749,-0.022744,-0.085566,,True,pending
stock,2026-04-30,601318,中国平安,REDUCE,-2,,,,,0,2.04,保险/金融科技,finance,candidate,★★☆,,,,跌破60线; 红柱扩张; 放量1.5x; MA60下行趋势(-0.9%/5日),59.43,59.36,60.06,59.4,,-0.001178,0.010601,-0.000505,,0.028269,-0.006394,0.014515,0.013438,0.029276,,-0.015693,-0.002837,-0.029781,,False,pending
stock,2026-04-30,600498,烽火通信,REDUCE,-2,,,,,0,-9.95,光通信设备,optics,candidate,★★☆,,,,跌破60线; 绿柱扩张; MA60上行(+2.0%/5日),46.53,48.59,57.0,59.01,,0.044273,0.225016,0.268214,,0.294434,0.018698,0.014515,0.013438,0.029276,,0.029757,0.211578,0.238938,,True,pending
stock,2026-04-30,688195,腾景科技,REDUCE,-2,,,,,0,-2.24,精密光学元件,optics,candidate,★★☆,,,,跌破20线; 绿柱扩张; MA60上行(+4.3%/5日); 连跌5日,333.0,337.9,372.5,366.01,,0.014715,0.118619,0.099129,,0.185886,-0.001261,0.014515,0.013438,0.029276,,0.000199,0.105181,0.069853,,True,pending
stock,2026-04-30,600893,航发动力,REDUCE,-2,,,,,0,-6.34,航空发动机,defense,candidate,★★☆,,,,跌破60线; 绿柱扩张; RSI偏低26,46.24,46.84,50.1,48.7,,0.012976,0.083478,0.053201,,0.112457,0.005623,0.014515,0.013438,0.029276,,-0.00154,0.07004,0.023924,,True,pending
stock,2026-04-30,300394,天孚通信,REDUCE,-3,,,,,0,-10.74,光通信器件,optics,core,★★☆,,,,跌破60线; 绿柱扩张; 缩量0.5x; MA60上行(+3.2%/5日),307.33,316.16,326.3,342.45,,0.028731,0.061725,0.114275,,0.136563,-0.007581,0.014515,0.013438,0.029276,,0.014216,0.048287,0.084998,,True,pending
stock,2026-04-30,300274,阳光电源,REDUCE,-3,,,,,0,3.92,逆变器,new_energy,core,★★★,,,,跌破60线; 红柱扩张; MA60下行趋势(-1.5%/5日),137.5,139.845,139.165,139.85,,0.017055,0.012109,0.017091,,0.062655,-0.017345,0.014515,0.013438,0.029276,,0.002539,-0.001329,-0.012185,,False,pending
stock,2026-04-30,002028,思源电气,REDUCE,-3,,,,,0,-7.04,特高压/变电设备,power_equip,core,★★★,,,,跌破60线; 绿柱扩张,195.33,206.0,198.1,198.35,,0.054626,0.014181,0.015461,,0.081042,-0.013464,0.014515,0.013438,0.029276,,0.04011,0.000743,-0.013815,,True,pending
stock,2026-04-30,000568,泸州老窖,REDUCE,-3,,,,,0,-1.97,高端白酒,food_bev,candidate,★★☆,,,,跌破60线; MA60偏弱(-0.8%/5日),100.3,98.33,97.53,94.78,,-0.019641,-0.027617,-0.055035,,0.000499,-0.059821,0.014515,0.013438,0.029276,,-0.034156,-0.041055,-0.084311,,True,pending
stock,2026-04-30,002865,钧达股份,REDUCE,-3,,,,,0,5.0,TOPCon光伏电池片,new_energy,watch,★☆☆,,,,跌破60线; 红柱扩张; MA60下行趋势(-2.0%/5日),80.58,81.87,96.53,103.92,,0.016009,0.19794,0.28965,,0.365103,-0.020973,0.014515,0.013438,0.029276,,0.001494,0.184502,0.260374,,False,pending
stock,2026-04-30,688521,芯原股份,BUY_STRONG,6,,,,,5,5.0,半导体IP/芯片设计平台,semicon,candidate,★★☆,,,,多头排列; MACD金叉; 放量1.6x; MA60上行(+1.2%/5日),280.88,278.6,262.0,271.99,,-0.008117,-0.067217,-0.031651,,0.057249,-0.073768,0.014515,0.013438,0.029276,,-0.022633,-0.080655,-0.060927,,True,pending
stock,2026-04-30,688041,海光信息,BUY_WATCH,4,,,,,5,5.0,国产CPU/GPU,semicon,core,★★★,,,,多头排列; 红柱扩张; RSI偏高77; 放量1.5x,296.95,344.41,323.28,349.19,,0.159825,0.088668,0.175922,,0.208284,0.077656,0.014515,0.013438,0.029276,,0.145309,0.07523,0.146646,,False,pending
stock,2026-04-30,601088,中国神华,BUY_WATCH,4,,,,,0,2.52,煤炭/电力,commodity,watch,★★☆,,,,多头排列; 红柱扩张; MA60上行(+1.3%/5日),47.94,47.73,45.18,45.2,,-0.00438,-0.057572,-0.057155,,0.001043,-0.066542,0.014515,0.013438,0.029276,,-0.018896,-0.07101,-0.086431,,True,pending
stock,2026-04-30,002594,比亚迪,BUY_WATCH,4,,,,,5,1.03,电动车/刀片电池,new_energy,core,★★★,,,,多头排列; MA60上行(+0.8%/5日),103.0,100.75,100.02,99.23,,-0.021845,-0.028932,-0.036602,,-0.010777,-0.038835,0.014515,0.013438,0.029276,,-0.03636,-0.04237,-0.065878,,True,pending
stock,2026-04-30,688120,华海清科,BUY_WATCH,4,,,,,3,5.0,CMP研磨设备,semicon,candidate,★★☆,,,,多头排列; 红柱扩张; 放量1.5x,197.34,193.32,195.94,235.14,,-0.020371,-0.007094,0.191548,,0.20604,-0.027161,0.014515,0.013438,0.029276,,-0.034886,-0.020532,0.162271,,False,pending
stock,2026-04-30,688498,源杰科技,BUY_WATCH,3,,,,,3,5.0,光芯片基材,optics,candidate,★★☆,,,,多头排列; 红柱扩张; RSI偏高78; MA60上行(+6.2%/5日),1573.52,1531.01,1575.0,1731.0,,-0.027016,0.000941,0.100081,,0.122884,-0.062611,0.014515,0.013438,0.029276,,-0.041531,-0.012497,0.070805,,True,pending
stock,2026-04-30,603259,药明康德,BUY_WATCH,3,,,,,0,5.0,CXO,pharma,watch,★☆☆,,,,多头排列; 红柱扩张; MA60上行(+0.8%/5日),109.63,109.0,106.8,110.33,,-0.005747,-0.025814,0.006385,,0.032199,-0.037672,0.014515,0.013438,0.029276,,-0.020262,-0.039252,-0.022891,,False,pending
stock,2026-04-30,300476,胜宏科技,BUY_WATCH,3,,,,,3,5.0,PCB,pcb,candidate,★★☆,,,,多头排列; MA60上行(+1.7%/5日),329.11,325.92,358.66,375.43,,-0.009693,0.089788,0.140743,,0.169184,-0.012488,0.014515,0.013438,0.029276,,-0.024208,0.07635,0.111467,,False,pending
stock,2026-04-30,000338,潍柴动力,BUY_WATCH,3,,,,,3,4.99,重型发动机/氢燃料,machinery,candidate,★★☆,,,,多头排列; 红柱扩张; RSI偏高77; MA60上行(+2.2%/5日),31.25,34.32,33.06,32.7,,0.09824,0.05792,0.0464,,0.1472,0.0272,0.014515,0.013438,0.029276,,0.083725,0.044482,0.017124,,False,pending
stock,2026-04-30,600522,中天科技,BUY_WATCH,3,,,,,5,4.99,海缆/光纤/电力电缆,optics,core,★★★,,,,站20/60线; MA60上行(+4.5%/5日),33.06,34.89,40.9,44.08,,0.055354,0.237145,0.333333,,0.396854,0.018451,0.014515,0.013438,0.029276,,0.040839,0.223707,0.304057,,False,pending
stock,2026-04-30,300666,江丰电子,BUY_WATCH,3,,,,,3,5.0,高纯溅射靶材,semicon,candidate,★★☆,,,,多头排列; 红柱扩张; RSI偏高70; MA60上行(+2.7%/5日),183.19,182.01,173.43,181.77,,-0.006441,-0.053278,-0.007752,,0.067744,-0.061084,0.014515,0.013438,0.029276,,-0.020957,-0.066716,-0.037028,,True,pending
stock,2026-04-30,600487,亨通光电,BUY_WATCH,3,,,,,5,5.01,光纤光缆/海底电缆,optics,core,★★★,,,,站20/60线; MA60上行(+7.1%/5日),65.7,71.8,77.27,75.1,,0.092846,0.176104,0.143075,,0.216134,0.027397,0.014515,0.013438,0.029276,,0.078331,0.162666,0.113798,,False,pending
stock,2026-04-30,605117,德业股份,BUY_WATCH,3,,,,,3,5.0,储能逆变器/户用储能,new_energy,candidate,★★☆,,,,多头排列; MA60上行(+3.9%/5日),150.41,159.25,151.27,158.82,,0.058773,0.005718,0.055914,,0.09401,-0.019015,0.014515,0.013438,0.029276,,0.044257,-0.00772,0.026638,,False,pending
stock,2026-04-30,688409,富创精密,BUY_WATCH,3,,,,,0,5.0,半导体精密零部件,semicon,watch,★☆☆,,,,多头排列; 红柱扩张; RSI偏高77; 放量1.8x; MA60上行(+2.0%/5日),128.3,125.59,121.56,130.51,,-0.021122,-0.052533,0.017225,,0.056274,-0.095869,0.014515,0.013438,0.029276,,-0.035638,-0.065971,-0.012051,,True,pending
stock,2026-04-30,688256,寒武纪,HOLD,2,,,,,0,5.0,AI推理芯片,semicon,candidate,★☆☆,,,,多头排列; 红柱扩张; RSI超买90; 放量1.9x; MA60上行(+0.8%/5日),1699.96,1223.826,1182.53,1277.87,,-0.280085,-0.304378,-0.248294,,-0.224419,-0.318802,0.014515,0.013438,0.029276,,-0.294601,-0.317816,-0.27757,,True,pending
stock,2026-04-30,601138,工业富联,HOLD,2,,,,,0,4.37,AI服务器/精密制造,consumer_elec,candidate,★★☆,,,,站20/60线; MA60上行(+0.8%/5日),63.0,63.08,63.28,64.4,,0.00127,0.004444,0.022222,,0.046032,-0.02,0.014515,0.013438,0.029276,,-0.013246,-0.008993,-0.007054,,False,pending
stock,2026-04-30,600309,万华化学,HOLD,2,,,,,0,1.48,MDI/聚氨酯,chemical,core,★★★,,,,站20/60线,89.44,89.73,83.6,83.29,,0.003242,-0.065295,-0.068761,,0.00369,-0.077035,0.014515,0.013438,0.029276,,-0.011273,-0.078733,-0.098037,,True,pending
stock,2026-04-30,002384,东山精密,HOLD,1,,,,,0,5.0,PCB/光模块封装,optics,candidate,★★☆,,,,多头排列; RSI超买84; MA60上行(+8.9%/5日),186.81,191.88,211.39,219.46,,0.02714,0.131578,0.174777,,0.231197,-0.005407,0.014515,0.013438,0.029276,,0.012624,0.11814,0.1455,,False,pending
stock,2026-04-30,002475,立讯精密,HOLD,1,,,,,0,5.01,消费电子精密制造,consumer_elec,core,★★★,,,,站20/60线; RSI偏高68; MA60上行(+2.1%/5日),67.12,67.08,71.29,77.19,,-0.000596,0.062128,0.15003,,0.173719,-0.012366,0.014515,0.013438,0.029276,,-0.015111,0.04869,0.120754,,False,pending
stock,2026-04-30,600887,伊利股份,HOLD,1,,,,,0,5.02,乳制品/食品,consumer,candidate,★★☆,,,,红柱扩张; RSI偏高69; 放量4.0x,27.5,27.45,27.52,28.01,,-0.001818,0.000727,0.018545,,0.032727,-0.017818,0.014515,0.013438,0.029276,,-0.016334,-0.012711,-0.010731,,False,pending
stock,2026-04-30,600183,生益科技,HOLD,1,,,,,0,5.0,PCB基板/覆铜板,pcb,core,★★★,,,,多头排列; RSI超买81; MA60上行(+0.6%/5日),76.57,80.81,82.0,85.62,,0.055374,0.070916,0.118193,,0.127465,0.029124,0.014515,0.013438,0.029276,,0.040859,0.057478,0.088916,,False,pending
stock,2026-04-30,603288,海天味业,HOLD,1,,,,,0,-4.76,调味品,food_bev,watch,★☆☆,,,,跌破20线; 绿柱扩张; RSI超卖24; MA60上行(+0.8%/5日),38.65,38.74,38.18,37.84,,0.002329,-0.01216,-0.020957,,0.010608,-0.023027,0.014515,0.013438,0.029276,,-0.012187,-0.025598,-0.050234,,True,pending
stock,2026-04-30,688048,长光华芯,HOLD,1,,,,,0,5.0,半导体激光芯片,optics,candidate,★★☆,,,,站20/60线; RSI偏高74; MA60上行(+10.6%/5日),351.79,372.01,438.88,431.49,,0.057477,0.247562,0.226556,,0.307598,-0.021575,0.014515,0.013438,0.029276,,0.042962,0.234125,0.197279,,False,pending
stock,2026-04-30,002008,大族激光,HOLD,1,,,,,0,5.0,工业激光设备,industrial_auto,candidate,★★☆,,,,站20/60线; RSI偏高78; MA60上行(+6.6%/5日),101.05,102.19,122.06,134.66,,0.011282,0.207917,0.332608,,0.383671,-0.021376,0.014515,0.013438,0.029276,,-0.003234,0.194479,0.303331,,False,pending
stock,2026-04-30,688548,广钢气体,HOLD,1,,,,,0,5.0,半导体特种气体,semicon,watch,★☆☆,,,,站20/60线; RSI偏高75; MA60上行(+3.1%/5日),30.2,30.0,27.64,28.31,,-0.006623,-0.084768,-0.062583,,0.034106,-0.093709,0.014515,0.013438,0.029276,,-0.021138,-0.098206,-0.091859,,True,pending
stock,2026-04-30,603256,宏和科技,HOLD,1,,,,,0,5.0,高端电子玻纤布,pcb,watch,★☆☆,,,,多头排列; RSI超买88; MA60上行(+7.7%/5日),118.71,131.01,148.87,148.31,,0.103614,0.254065,0.249347,,0.29054,0.029905,0.014515,0.013438,0.029276,,0.089098,0.240627,0.220071,,False,pending
stock,2026-04-30,300308,中际旭创,HOLD,0,,,,,0,5.0,光模块,optics,core,★★★,,,,多头排列; MACD死叉; RSI偏高73; MA60上行(+3.4%/5日),858.08,856.0,886.0,1017.99,,-0.002424,0.032538,0.186358,,0.19208,-0.026897,0.014515,0.013438,0.029276,,-0.016939,0.0191,0.157082,,False,pending
stock,2026-04-30,688012,中微公司,HOLD,0,,,,,0,5.0,半导体设备,semicon,core,★★★,,,,红柱扩张; RSI偏高73,375.99,383.3,370.0,388.45,,0.019442,-0.015931,0.033139,,0.096359,-0.024868,0.014515,0.013438,0.029276,,0.004927,-0.029369,0.003863,,False,pending
stock,2026-04-30,300750,宁德时代,HOLD,0,,,,,0,3.68,动力电池,battery,core,★★★,,,,站20/60线; MACD死叉; MA60上行(+2.2%/5日),436.62,460.0,437.0,431.25,,0.053548,0.00087,-0.012299,,0.073588,-0.016788,0.014515,0.013438,0.029276,,0.039032,-0.012568,-0.041575,,False,pending
stock,2026-04-30,000333,美的集团,HOLD,0,,,,,0,3.77,家电/工业机器人,consumer,core,★★★,,,,多头排列; RSI超买83,81.39,80.44,80.4,80.09,,-0.011672,-0.012164,-0.015972,,0.013024,-0.027522,0.014515,0.013438,0.029276,,-0.026188,-0.025602,-0.045249,,False,pending
stock,2026-04-30,000651,格力电器,HOLD,0,,,,,0,5.01,家电,consumer,candidate,★★☆,,,,红柱扩张; RSI超买79; 放量1.8x,40.1,39.95,39.91,40.34,,-0.003741,-0.004738,0.005985,,0.018703,-0.014713,0.014515,0.013438,0.029276,,-0.018256,-0.018176,-0.023291,,False,pending
stock,2026-04-30,002463,沪电股份,HOLD,0,,,,,0,5.0,高多层PCB,pcb,core,★★★,,,,站20/60线; RSI偏高69; 缩量0.6x; MA60上行(+3.1%/5日),102.6,104.29,108.71,108.68,,0.016472,0.059552,0.059259,,0.08538,-0.002827,0.014515,0.013438,0.029276,,0.001956,0.046114,0.029983,,False,pending
stock,2026-04-30,600426,华鲁恒升,HOLD,0,,,,,0,3.69,煤化工/化肥,chemical,candidate,★★☆,,,,,38.5,38.57,35.51,34.99,,0.001818,-0.077662,-0.091169,,0.003896,-0.099481,0.014515,0.013438,0.029276,,-0.012697,-0.0911,-0.120445,,True,pending
stock,2026-04-30,688777,中控技术,HOLD,0,,,,,0,5.01,工业自动化DCS,industrial_auto,candidate,★★☆,,,,红柱扩张; RSI偏高71,79.31,82.22,81.44,78.77,,0.036691,0.026857,-0.006809,,0.074013,-0.010844,0.014515,0.013438,0.029276,,0.022176,0.013419,-0.036085,,False,pending
stock,2026-04-30,601872,招商轮船,HOLD,0,,,,,0,-5.45,VLCC油轮/干散货,shipping,candidate,★★☆,,,,跌破20线; MA60上行(+3.3%/5日),17.6,18.64,19.49,17.79,,0.059091,0.107386,0.010795,,0.128409,-0.028409,0.014515,0.013438,0.029276,,0.044576,0.093948,-0.018481,,True,pending
stock,2026-04-30,600988,赤峰黄金,HOLD,0,,,,,0,-12.57,黄金矿采选,commodity,candidate,★★☆,,,,跌破60线; RSI超卖24,38.12,41.11,44.4,40.95,,0.078437,0.164743,0.074239,,0.177335,-0.011542,0.014515,0.013438,0.029276,,0.063921,0.151305,0.044963,,True,pending
stock,2026-04-30,688167,炬光科技,HOLD,0,,,,,0,-4.79,高功率半导体激光器,optics,watch,★☆☆,,,,跌破20线; MA60上行(+4.1%/5日),360.44,351.96,434.64,475.0,,-0.023527,0.20586,0.317834,,0.376096,-0.034513,0.014515,0.013438,0.029276,,-0.038042,0.192422,0.288558,,True,pending
stock,2026-04-30,600105,永鼎股份,HOLD,0,,,,,0,5.0,光纤光缆/新能源电缆,optics,watch,★☆☆,,,,站20/60线; MACD死叉; MA60上行(+5.3%/5日),42.42,43.68,49.94,52.32,,0.029703,0.177275,0.23338,,0.319896,0.014616,0.014515,0.013438,0.029276,,0.015188,0.163837,0.204104,,False,pending
stock,2026-04-30,603929,亚翔集成,HOLD,0,,,,,0,-0.75,半导体洁净室工程,semicon,watch,★☆☆,,,,跌破20线; 绿柱扩张; RSI偏低29; MA60上行(+2.5%/5日),187.81,201.81,200.97,194.9,,0.074543,0.070071,0.037751,,0.143443,-0.009637,0.014515,0.013438,0.029276,,0.060028,0.056633,0.008475,,True,pending
stock,2026-04-30,300502,新易盛,HOLD,-1,,,,,0,-0.56,光模块,optics,core,★★★,,,,跌破20线; 绿柱扩张; MA60上行(+2.7%/5日),527.0,522.48,551.67,592.52,,-0.008577,0.046812,0.124326,,0.138046,-0.026565,0.014515,0.013438,0.029276,,-0.023092,0.033374,0.09505,,True,pending
stock,2026-04-30,603986,兆易创新,HOLD,-1,,,,,0,5.0,存储芯片,semicon,candidate,★★☆,,,,RSI偏高75,314.52,344.29,334.1,353.55,,0.094652,0.062254,0.124094,,0.168479,0.049218,0.014515,0.013438,0.029276,,0.080137,0.048816,0.094818,,False,pending
stock,2026-04-30,000858,五粮液,HOLD,-1,,,,,0,-4.92,高端白酒,consumer,candidate,★★☆,,,,跌破60线; 绿柱扩张; RSI超卖23,97.04,92.26,92.13,90.56,,-0.049258,-0.050598,-0.066777,,-0.026175,-0.071517,0.014515,0.013438,0.029276,,-0.063773,-0.064036,-0.096053,,True,pending
stock,2026-04-30,688981,中芯国际,HOLD,-1,,,,,0,5.0,半导体代工,semicon,core,★★★,,,,红柱扩张; RSI超买78; 放量1.9x; MA60偏弱(-0.8%/5日),118.95,123.1,120.31,121.98,,0.034889,0.011433,0.025473,,0.077091,0.008827,0.014515,0.013438,0.029276,,0.020373,-0.002004,-0.003803,,False,pending
stock,2026-04-30,002714,牧原股份,HOLD,-1,,,,,0,1.07,生猪养殖,agriculture,candidate,★★☆,,,,跌破60线; MACD金叉; MA60偏弱(-0.4%/5日),44.79,44.64,43.51,42.93,,-0.003349,-0.028578,-0.041527,,0.006921,-0.044206,0.014515,0.013438,0.029276,,-0.017864,-0.042016,-0.070803,,True,pending
stock,2026-04-30,600030,中信证券,HOLD,-1,,,,,0,4.95,综合券商,finance,candidate,★★☆,,,,RSI偏高74,27.27,27.49,26.95,27.22,,0.008067,-0.011735,-0.001834,,0.020902,-0.019069,0.014515,0.013438,0.029276,,-0.006448,-0.025172,-0.03111,,False,pending
stock,2026-04-30,601869,长飞光纤,HOLD,-1,,,,,0,-4.64,光纤光缆,optics,core,★★★,,,,跌破20线; 绿柱扩张; MA60上行(+8.4%/5日),354.63,361.05,397.23,411.46,,0.018103,0.120125,0.160252,,0.212531,-0.003186,0.014515,0.013438,0.029276,,0.003588,0.106687,0.130975,,True,pending
stock,2026-04-30,300757,罗博特科,HOLD,-1,,,,,0,-1.95,光伏/新能源自动化装备,industrial_auto,candidate,★★☆,,,,跌破20线; 绿柱扩张; MA60上行(+3.2%/5日),482.59,480.55,519.2,510.09,,-0.004227,0.075861,0.056984,,0.096169,-0.022566,0.014515,0.013438,0.029276,,-0.018743,0.062424,0.027708,,True,pending
stock,2026-04-30,688331,荣昌生物,HOLD,-1,,,,,0,-8.67,ADC创新药,pharma,candidate,★★☆,,,,跌破20线; 绿柱扩张; MA60上行(+2.2%/5日),130.0,127.7,123.9,121.57,,-0.017692,-0.046923,-0.064846,,0.015538,-0.087692,0.014515,0.013438,0.029276,,-0.032208,-0.060361,-0.094122,,True,pending
stock,2026-04-30,301200,大族数控,HOLD,-1,,,,,0,-0.71,激光/数控切割设备,industrial_auto,watch,★☆☆,,,,跌破20线; 绿柱扩张; MA60上行(+0.7%/5日),183.27,184.74,187.78,210.2,,0.008021,0.024609,0.146942,,0.200415,-0.037649,0.014515,0.013438,0.029276,,-0.006494,0.011171,0.117665,,True,pending
stock,2026-04-30,600879,航天电子,HOLD,-1,,,,,0,4.59,军工电子/惯导,defense,candidate,★★☆,,,,红柱扩张; MA60下行趋势(-1.9%/5日),23.99,25.17,26.65,26.02,,0.049187,0.11088,0.084619,,0.140058,0.001667,0.014515,0.013438,0.029276,,0.034672,0.097442,0.055342,,False,pending
stock,2026-05-06,000568,泸州老窖,SELL_STOP,-5,,,,,0,-3.62,高端白酒,food_bev,candidate,★★☆,,,,跌破60线; MACD死叉; RSI偏低35; MA60下行趋势(-0.8%/5日),98.33,99.05,96.91,,,0.007322,-0.014441,,,0.020543,-0.040984,0.004802,0.015327,,,0.00252,-0.029768,,,True,pending
stock,2026-05-06,600031,三一重工,REDUCE,-2,,,,,0,3.35,工程机械,machinery,watch,★★☆,,,,跌破60线; 红柱扩张; 放量2.0x; MA60下行趋势(-1.0%/5日),20.91,20.98,21.84,,,0.003348,0.044476,,,0.075084,-0.028694,0.004802,0.015327,,,-0.001454,0.02915,,,False,pending
stock,2026-05-06,000858,五粮液,REDUCE,-2,,,,,0,-9.67,高端白酒,consumer,candidate,★★☆,,,,跌破60线; 绿柱扩张; RSI超卖13; MA60偏弱(-0.3%/5日),92.26,92.6,91.81,,,0.003685,-0.004878,,,0.017234,-0.019077,0.004802,0.015327,,,-0.001117,-0.020204,,,True,pending
stock,2026-05-06,601888,中国中免,REDUCE,-2,,,,,0,-6.58,免税零售,consumer,candidate,★★☆,,,,跌破60线; RSI超卖24; MA60下行趋势(-2.9%/5日),63.03,63.05,62.69,,,0.000317,-0.005394,,,0.01063,-0.029034,0.004802,0.015327,,,-0.004485,-0.020721,,,True,pending
stock,2026-05-06,603993,洛阳钼业,REDUCE,-2,,,,,0,1.13,铜/钴矿,commodity,core,★★★,,,,跌破60线; MACD金叉; MA60下行趋势(-2.1%/5日),19.48,19.86,20.01,,,0.019507,0.027207,,,0.075975,-0.00308,0.004802,0.015327,,,0.014705,0.011881,,,False,pending
stock,2026-05-06,002028,思源电气,REDUCE,-2,,,,,0,-1.4,特高压/变电设备,power_equip,core,★★★,,,,跌破60线,206.0,206.68,196.16,,,0.003301,-0.047767,,,0.008738,-0.064563,0.004802,0.015327,,,-0.001501,-0.063094,,,True,pending
stock,2026-05-06,002714,牧原股份,REDUCE,-2,,,,,0,0.63,生猪养殖,agriculture,candidate,★★☆,,,,跌破60线; 红柱扩张; MA60偏弱(-0.3%/5日),44.64,44.07,44.32,,,-0.012769,-0.007168,,,0.010305,-0.040995,0.004802,0.015327,,,-0.017571,-0.022495,,,True,pending
stock,2026-05-06,601318,中国平安,REDUCE,-2,,,,,0,1.75,保险/金融科技,finance,candidate,★★☆,,,,跌破60线; 红柱扩张; MA60偏弱(-0.8%/5日),59.36,60.04,60.1,,,0.011456,0.012466,,,0.029481,-0.001853,0.004802,0.015327,,,0.006653,-0.00286,,,False,pending
stock,2026-05-06,600498,烽火通信,REDUCE,-2,,,,,0,-5.39,光通信设备,optics,candidate,★★☆,,,,跌破60线; 绿柱扩张; MA60上行(+1.8%/5日),48.59,51.82,58.61,,,0.066475,0.206215,,,0.239555,-0.010496,0.004802,0.015327,,,0.061673,0.190889,,,True,pending
stock,2026-05-06,600879,航天电子,REDUCE,-2,,,,,0,5.01,军工电子/惯导,defense,candidate,★★☆,,,,红柱扩张; RSI偏高68; MA60下行趋势(-1.8%/5日),25.17,25.31,26.78,,,0.005562,0.063965,,,0.086611,-0.011522,0.004802,0.015327,,,0.00076,0.048638,,,False,pending
stock,2026-05-06,600893,航发动力,REDUCE,-2,,,,,0,-4.65,航空发动机,defense,candidate,★★☆,,,,跌破60线; RSI偏低30; MA60偏弱(-0.3%/5日),46.84,48.33,50.5,,,0.03181,0.078138,,,0.098207,-0.00427,0.004802,0.015327,,,0.027008,0.062812,,,True,pending
stock,2026-05-06,300274,阳光电源,REDUCE,-3,,,,,0,5.0,逆变器,new_energy,core,★★★,,,,跌破60线; 红柱扩张; MA60下行趋势(-1.3%/5日),140.53,138.815,143.355,,,-0.012204,0.020102,,,0.039742,-0.022878,0.004802,0.015327,,,-0.017006,0.004776,,,False,pending
stock,2026-05-06,601899,紫金矿业,REDUCE,-3,,,,,0,0.06,铜金矿,commodity,watch,★☆☆,,,,跌破60线; 放量1.5x; MA60下行趋势(-1.4%/5日),34.21,34.46,34.27,,,0.007308,0.001754,,,0.032739,-0.010816,0.004802,0.015327,,,0.002506,-0.013573,,,True,pending
stock,2026-05-06,600519,贵州茅台,REDUCE,-3,,,,,0,-3.95,高端白酒,consumer,core,★★★,,,,跌破60线; 绿柱扩张,1375.0,1371.05,1361.33,,,-0.002873,-0.009942,,,0.009455,-0.017818,0.004802,0.015327,,,-0.007675,-0.025269,,,True,pending
stock,2026-05-06,002865,钧达股份,REDUCE,-3,,,,,0,5.0,TOPCon光伏电池片,new_energy,watch,★☆☆,,,,跌破60线; 红柱扩张; MA60下行趋势(-2.2%/5日),81.87,87.75,106.18,,,0.071821,0.296934,,,0.343594,0.011604,0.004802,0.015327,,,0.067019,0.281607,,,False,pending
stock,2026-05-06,600276,恒瑞医药,REDUCE,-4,,,,,0,-4.38,创新药,pharma,watch,★☆☆,,,,跌破60线; 绿柱扩张; MA60偏弱(-0.5%/5日),53.63,53.68,53.52,,,0.000932,-0.002051,,,0.097707,-0.028156,0.004802,0.015327,,,-0.00387,-0.017378,,,True,pending
stock,2026-05-06,600438,通威股份,REDUCE,-4,,,,,0,0.4,光伏电池/硅料,new_energy,candidate,★★☆,,,,跌破60线; MA60下行趋势(-1.6%/5日),17.36,17.49,17.22,,,0.007488,-0.008065,,,0.029954,-0.038018,0.004802,0.015327,,,0.002686,-0.023391,,,True,pending
stock,2026-05-06,601012,隆基绿能,REDUCE,-4,,,,,0,-3.81,光伏组件,new_energy,watch,★☆☆,,,,跌破60线; 绿柱扩张; RSI超卖22; MA60下行趋势(-1.0%/5日); 连跌8日,16.55,16.55,16.61,,,0.0,0.003625,,,0.021752,-0.01994,0.004802,0.015327,,,-0.004802,-0.011701,,,True,pending
stock,2026-05-06,300760,迈瑞医疗,REDUCE,-4,,,,,0,5.0,医疗器械,pharma,candidate,★★☆,,,,跌破60线; 红柱扩张; RSI偏高76; MA60下行趋势(-1.3%/5日),172.68,170.5,169.21,,,-0.012625,-0.020095,,,0.022469,-0.037179,0.004802,0.015327,,,-0.017427,-0.035422,,,False,pending
stock,2026-05-06,300750,宁德时代,BUY_STRONG,6,,,,,6,5.0,动力电池,battery,core,★★★,,,,多头排列; MACD金叉; MA60上行(+2.3%/5日),460.0,451.64,446.11,,,-0.018174,-0.030196,,,0.019022,-0.066761,0.004802,0.015327,,,-0.022976,-0.045522,,,True,pending
stock,2026-05-06,688521,芯原股份,BUY_STRONG,5,,,,,4,5.0,半导体IP/芯片设计平台,semicon,candidate,★★☆,,,,多头排列; 红柱扩张; 放量1.8x; MA60上行(+1.3%/5日),278.6,275.0,267.4,,,-0.012922,-0.040201,,,0.008543,-0.066188,0.004802,0.015327,,,-0.017724,-0.055528,,,True,pending
stock,2026-05-06,605117,德业股份,BUY_STRONG,5,,,,,4,5.0,储能逆变器/户用储能,new_energy,candidate,★★☆,,,,多头排列; MACD金叉; MA60上行(+4.0%/5日),159.25,154.34,161.57,,,-0.030832,0.014568,,,0.033281,-0.064364,0.004802,0.015327,,,-0.035634,-0.000758,,,True,pending
stock,2026-05-06,688041,海光信息,BUY_WATCH,4,,,,,4,5.0,国产CPU/GPU,semicon,core,★★★,,,,多头排列; 红柱扩张; RSI超买82; 放量1.9x; MA60上行(+0.9%/5日),344.41,341.6,349.18,,,-0.008159,0.01385,,,0.041782,-0.070846,0.004802,0.015327,,,-0.012961,-0.001477,,,True,pending
stock,2026-05-06,600487,亨通光电,BUY_WATCH,4,,,,,4,5.0,光纤光缆/海底电缆,optics,core,★★★,,,,多头排列; 红柱扩张; RSI偏高76; MA60上行(+6.8%/5日),71.8,75.96,74.99,,,0.057939,0.044429,,,0.112813,0.0,0.004802,0.015327,,,0.053137,0.029102,,,False,pending
stock,2026-05-06,603259,药明康德,HOLD,3,,,,,0,4.57,CXO,pharma,watch,★☆☆,,,,多头排列; 红柱扩张; MA60上行(+1.0%/5日),109.0,111.28,108.72,,,0.020917,-0.002569,,,0.038165,-0.03211,0.004802,0.015327,,,0.016115,-0.017896,,,False,pending
stock,2026-05-06,002475,立讯精密,HOLD,3,,,,,0,4.99,消费电子精密制造,consumer_elec,core,★★★,,,,站20/60线; MA60上行(+2.3%/5日),67.08,69.52,76.06,,,0.036374,0.13387,,,0.174419,-0.011777,0.004802,0.015327,,,0.031572,0.118543,,,False,pending
stock,2026-05-06,600183,生益科技,HOLD,3,,,,,0,5.0,PCB基板/覆铜板,pcb,core,★★★,,,,多头排列; 红柱扩张; RSI超买82; MA60上行(+0.7%/5日),80.81,82.0,83.66,,,0.014726,0.035268,,,0.068308,-0.010024,0.004802,0.015327,,,0.009924,0.019941,,,False,pending
stock,2026-05-06,002463,沪电股份,HOLD,3,,,,,0,5.0,高多层PCB,pcb,core,★★★,,,,多头排列; RSI偏高70; MA60上行(+3.2%/5日),104.79,107.38,108.68,,,0.024716,0.037122,,,0.062697,-0.023666,0.004802,0.015327,,,0.019914,0.021795,,,False,pending
stock,2026-05-06,300476,胜宏科技,HOLD,3,,,,,0,5.0,PCB,pcb,candidate,★★☆,,,,多头排列; MA60上行(+1.7%/5日),325.92,338.06,378.24,,,0.037248,0.16053,,,0.180627,0.012518,0.004802,0.015327,,,0.032446,0.145203,,,False,pending
stock,2026-05-06,600309,万华化学,HOLD,3,,,,,0,1.39,MDI/聚氨酯,chemical,core,★★★,,,,多头排列,89.73,84.8,83.51,,,-0.054943,-0.069319,,,-0.008247,-0.080018,0.004802,0.015327,,,-0.059745,-0.084646,,,True,pending
stock,2026-05-06,601088,中国神华,HOLD,3,,,,,0,2.07,煤炭/电力,commodity,watch,★★☆,,,,多头排列; MA60上行(+1.3%/5日),47.73,45.59,45.17,,,-0.044836,-0.053635,,,-0.004819,-0.062435,0.004802,0.015327,,,-0.049638,-0.068962,,,True,pending
stock,2026-05-06,600522,中天科技,HOLD,3,,,,,0,4.99,海缆/光纤/电力电缆,optics,core,★★★,,,,多头排列; RSI偏高69; MA60上行(+4.4%/5日),34.89,38.38,43.86,,,0.100029,0.257094,,,0.323588,0.003153,0.004802,0.015327,,,0.095227,0.241767,,,False,pending
stock,2026-05-06,300666,江丰电子,HOLD,3,,,,,0,5.0,高纯溅射靶材,semicon,candidate,★★☆,,,,多头排列; 红柱扩张; RSI偏高70; MA60上行(+2.9%/5日),182.01,186.55,185.0,,,0.024944,0.016428,,,0.025218,-0.054997,0.004802,0.015327,,,0.020142,0.001101,,,True,pending
stock,2026-05-06,688498,源杰科技,HOLD,2,,,,,0,5.0,光芯片基材,optics,candidate,★★☆,,,,多头排列; RSI偏高71; MA60上行(+6.2%/5日),1531.01,1629.0,1624.0,,,0.064004,0.060738,,,0.154062,-0.036584,0.004802,0.015327,,,0.059201,0.045411,,,False,pending
stock,2026-05-06,688256,寒武纪,HOLD,2,,,,,0,5.0,AI推理芯片,semicon,candidate,★☆☆,,,,多头排列; 红柱扩张; RSI超买91; 放量2.0x; MA60上行(+1.6%/5日),1825.0,1252.685,1200.0,,,-0.313597,-0.342466,,,-0.291326,-0.365474,0.004802,0.015327,,,-0.318399,-0.357793,,,True,pending
stock,2026-05-06,601138,工业富联,HOLD,2,,,,,0,3.61,AI服务器/精密制造,consumer_elec,candidate,★★☆,,,,站20/60线; MA60上行(+0.7%/5日),63.08,64.18,65.85,,,0.017438,0.043912,,,0.044705,-0.004914,0.004802,0.015327,,,0.012636,0.028586,,,False,pending
stock,2026-05-06,000338,潍柴动力,HOLD,2,,,,,0,5.01,重型发动机/氢燃料,machinery,candidate,★★☆,,,,多头排列; 红柱扩张; RSI超买84; MA60上行(+2.4%/5日),34.32,35.0,33.53,,,0.019814,-0.023019,,,0.04458,-0.064685,0.004802,0.015327,,,0.015011,-0.038345,,,True,pending
stock,2026-05-06,688048,长光华芯,HOLD,2,,,,,0,5.0,半导体激光芯片,optics,candidate,★★☆,,,,多头排列; RSI偏高75; MA60上行(+10.2%/5日),372.01,392.87,433.3,,,0.056074,0.164754,,,0.236526,-0.074487,0.004802,0.015327,,,0.051272,0.149427,,,True,pending
stock,2026-05-06,601872,招商轮船,HOLD,2,,,,,0,0.64,VLCC油轮/干散货,shipping,candidate,★★☆,,,,站20/60线; MA60上行(+3.4%/5日),18.64,18.43,18.37,,,-0.011266,-0.014485,,,0.065451,-0.050429,0.004802,0.015327,,,-0.016068,-0.029812,,,True,pending
stock,2026-05-06,688409,富创精密,HOLD,2,,,,,0,5.0,半导体精密零部件,semicon,watch,★☆☆,,,,多头排列; RSI偏高78; 放量1.6x; MA60上行(+2.4%/5日),125.59,126.58,122.9,,,0.007883,-0.021419,,,0.059002,-0.07636,0.004802,0.015327,,,0.003081,-0.036746,,,True,pending
stock,2026-05-06,603929,亚翔集成,HOLD,2,,,,,0,5.0,半导体洁净室工程,semicon,watch,★☆☆,,,,多头排列; MA60上行(+2.5%/5日),201.81,206.0,206.2,,,0.020762,0.021753,,,0.06412,-0.078341,0.004802,0.015327,,,0.01596,0.006426,,,True,pending
stock,2026-05-06,300308,中际旭创,HOLD,1,,,,,0,5.0,光模块,optics,core,★★★,,,,多头排列; 绿柱扩张; RSI偏高72; MA60上行(+3.2%/5日),856.0,877.47,940.13,,,0.025082,0.098283,,,0.194977,-0.024533,0.004802,0.015327,,,0.02028,0.082956,,,False,pending
stock,2026-05-06,002384,东山精密,HOLD,1,,,,,0,5.0,PCB/光模块封装,optics,candidate,★★☆,,,,多头排列; RSI超买84; MA60上行(+8.8%/5日),191.88,211.07,218.3,,,0.10001,0.13769,,,0.198666,-0.031686,0.004802,0.015327,,,0.095208,0.122363,,,False,pending
stock,2026-05-06,603986,兆易创新,HOLD,1,,,,,0,5.0,存储芯片,semicon,candidate,★★☆,,,,多头排列; 红柱扩张; RSI超买82,344.29,350.16,362.13,,,0.01705,0.051817,,,0.067443,-0.036278,0.004802,0.015327,,,0.012248,0.03649,,,False,pending
stock,2026-05-06,600887,伊利股份,HOLD,1,,,,,0,4.99,乳制品/食品,consumer,candidate,★★☆,,,,红柱扩张; RSI偏高72; 放量1.9x,27.45,27.53,28.06,,,0.002914,0.022222,,,0.034608,-0.006193,0.004802,0.015327,,,-0.001888,0.006895,,,False,pending
stock,2026-05-06,603288,海天味业,HOLD,1,,,,,0,-4.05,调味品,food_bev,watch,★☆☆,,,,跌破20线; RSI偏低27; MA60上行(+0.8%/5日),38.74,38.73,38.15,,,-0.000258,-0.01523,,,0.00697,-0.025297,0.004802,0.015327,,,-0.00506,-0.030556,,,True,pending
stock,2026-05-06,688120,华海清科,HOLD,1,,,,,0,3.82,CMP研磨设备,semicon,candidate,★★☆,,,,站20/60线,193.32,200.63,206.89,,,0.037813,0.070194,,,0.231119,-0.006932,0.004802,0.015327,,,0.033011,0.054868,,,False,pending
stock,2026-05-06,688548,广钢气体,HOLD,1,,,,,0,5.0,半导体特种气体,semicon,watch,★☆☆,,,,站20/60线; RSI偏高76; MA60上行(+3.2%/5日),30.0,27.8,28.55,,,-0.073333,-0.048333,,,-0.021667,-0.087667,0.004802,0.015327,,,-0.078135,-0.06366,,,True,pending
stock,2026-05-06,688167,炬光科技,HOLD,1,,,,,0,-6.96,高功率半导体激光器,optics,watch,★☆☆,,,,跌破20线; RSI偏低35; MA60上行(+3.9%/5日),351.96,422.35,478.1,,,0.199994,0.358393,,,0.409251,-0.01074,0.004802,0.015327,,,0.195192,0.343066,,,True,pending
stock,2026-05-06,600105,永鼎股份,HOLD,1,,,,,0,4.99,光纤光缆/新能源电缆,optics,watch,★☆☆,,,,站20/60线; 绿柱扩张; MA60上行(+4.9%/5日),43.68,47.52,51.4,,,0.087912,0.17674,,,0.281822,-0.006181,0.004802,0.015327,,,0.08311,0.161413,,,False,pending
stock,2026-05-06,603256,宏和科技,HOLD,1,,,,,0,5.0,高端电子玻纤布,pcb,watch,★☆☆,,,,多头排列; 红柱扩张; RSI超买90; 缩量0.5x; MA60上行(+7.9%/5日),131.01,144.11,149.98,,,0.099992,0.144798,,,0.169376,0.030456,0.004802,0.015327,,,0.09519,0.129471,,,False,pending
stock,2026-05-06,688012,中微公司,HOLD,0,,,,,0,5.0,半导体设备,semicon,core,★★★,,,,红柱扩张; RSI超买80; 放量1.7x,383.3,384.6,383.64,,,0.003392,0.000887,,,0.035168,-0.043465,0.004802,0.015327,,,-0.00141,-0.01444,,,False,pending
stock,2026-05-06,000651,格力电器,HOLD,0,,,,,0,5.01,家电,consumer,candidate,★★☆,,,,红柱扩张; RSI超买79; 放量1.5x,39.95,39.89,40.46,,,-0.001502,0.012766,,,0.022528,-0.008761,0.004802,0.015327,,,-0.006304,-0.002561,,,False,pending
stock,2026-05-06,600426,华鲁恒升,HOLD,0,,,,,0,3.5,煤化工/化肥,chemical,candidate,★★☆,,,,,38.57,36.12,34.82,,,-0.063521,-0.097226,,,-0.020742,-0.101115,0.004802,0.015327,,,-0.068323,-0.112553,,,True,pending
stock,2026-05-06,688195,腾景科技,HOLD,0,,,,,0,-1.54,精密光学元件,optics,candidate,★★☆,,,,跌破20线; MA60上行(+4.0%/5日),337.9,361.98,375.6,,,0.071264,0.111571,,,0.168689,-0.015744,0.004802,0.015327,,,0.066462,0.096245,,,True,pending
stock,2026-05-06,002008,大族激光,HOLD,0,,,,,0,5.0,工业激光设备,industrial_auto,candidate,★★☆,,,,站20/60线; RSI超买79; MA60上行(+6.5%/5日),102.19,112.41,134.27,,,0.10001,0.313925,,,0.368236,-0.001174,0.004802,0.015327,,,0.095208,0.298598,,,False,pending
stock,2026-05-06,688331,荣昌生物,HOLD,0,,,,,0,-9.73,ADC创新药,pharma,candidate,★★☆,,,,跌破20线; 绿柱扩张; RSI偏低30; MA60上行(+2.2%/5日),127.7,130.0,124.63,,,0.018011,-0.024041,,,0.033829,-0.071261,0.004802,0.015327,,,0.013209,-0.039367,,,True,pending
stock,2026-05-06,300502,新易盛,HOLD,-1,,,,,0,-2.13,光模块,optics,core,★★★,,,,跌破20线; 绿柱扩张; MA60上行(+2.6%/5日),522.48,563.5,563.7,,,0.07851,0.078893,,,0.147891,-0.018144,0.004802,0.015327,,,0.073708,0.063566,,,True,pending
stock,2026-05-06,300394,天孚通信,HOLD,-1,,,,,0,-7.54,光通信器件,optics,core,★★☆,,,,跌破60线; MA60上行(+3.0%/5日),316.16,328.14,331.92,,,0.037892,0.049848,,,0.10482,-0.035299,0.004802,0.015327,,,0.03309,0.034521,,,True,pending
stock,2026-05-06,000333,美的集团,HOLD,-1,,,,,0,2.46,家电/工业机器人,consumer,core,★★★,,,,站20/60线; RSI超买80,80.44,79.81,80.67,,,-0.007832,0.002859,,,0.024988,-0.013923,0.004802,0.015327,,,-0.012634,-0.012467,,,False,pending
stock,2026-05-06,688981,中芯国际,HOLD,-1,,,,,0,5.0,半导体代工,semicon,core,★★★,,,,红柱扩张; RSI超买82; 放量2.3x; MA60偏弱(-0.6%/5日),123.1,125.34,122.52,,,0.018197,-0.004712,,,0.035581,-0.025183,0.004802,0.015327,,,0.013395,-0.020038,,,False,pending
stock,2026-05-06,603799,华友钴业,HOLD,-1,,,,,0,5.0,钴/三元前驱体,battery_materials,candidate,★★☆,,,,红柱扩张; MA60下行趋势(-1.4%/5日),67.97,68.2,64.84,,,0.003384,-0.04605,,,0.042372,-0.080477,0.004802,0.015327,,,-0.001418,-0.061376,,,True,pending
stock,2026-05-06,002594,比亚迪,HOLD,-1,,,,,0,-1.13,电动车/刀片电池,new_energy,core,★★★,,,,跌破20线; 绿柱扩张; MA60上行(+0.8%/5日),100.75,100.46,100.44,,,-0.002878,-0.003077,,,0.005062,-0.01737,0.004802,0.015327,,,-0.00768,-0.018404,,,True,pending
stock,2026-05-06,600030,中信证券,HOLD,-1,,,,,0,4.98,综合券商,finance,candidate,★★☆,,,,RSI偏高73,27.49,27.23,27.33,,,-0.009458,-0.00582,,,0.007275,-0.026919,0.004802,0.015327,,,-0.01426,-0.021147,,,False,pending
stock,2026-05-06,601869,长飞光纤,HOLD,-1,,,,,0,-3.16,光纤光缆,optics,core,★★★,,,,跌破20线; 绿柱扩张; MA60上行(+8.0%/5日),361.05,389.2,400.31,,,0.077967,0.108738,,,0.190971,0.019748,0.004802,0.015327,,,0.073165,0.093412,,,True,pending
stock,2026-05-06,300757,罗博特科,HOLD,-1,,,,,0,-3.32,光伏/新能源自动化装备,industrial_auto,candidate,★★☆,,,,跌破20线; 绿柱扩张; MA60上行(+3.1%/5日),480.55,510.32,512.3,,,0.06195,0.06607,,,0.100822,0.015815,0.004802,0.015327,,,0.057148,0.050743,,,True,pending
stock,2026-05-06,688777,中控技术,HOLD,-1,,,,,0,5.0,工业自动化DCS,industrial_auto,candidate,★★☆,,,,红柱扩张; RSI超买79,82.22,82.58,82.0,,,0.004378,-0.002676,,,0.03442,-0.045853,0.004802,0.015327,,,-0.000424,-0.018003,,,False,pending
stock,2026-05-06,600988,赤峰黄金,HOLD,-1,,,,,0,-3.89,黄金矿采选,commodity,candidate,★★☆,,,,跌破60线; 放量1.9x,41.11,42.36,42.04,,,0.030406,0.022622,,,0.091705,-0.009243,0.004802,0.015327,,,0.025604,0.007295,,,True,pending
stock,2026-05-06,301200,大族数控,HOLD,-1,,,,,0,-0.64,激光/数控切割设备,industrial_auto,watch,★☆☆,,,,跌破20线; 绿柱扩张; MA60上行(+0.7%/5日),184.74,193.95,201.91,,,0.049854,0.092941,,,0.190863,-0.045307,0.004802,0.015327,,,0.045052,0.077615,,,True,pending
stock,2026-05-07,002463,沪电股份,BUY_STRONG,6,,,,,8,5.0,高多层PCB,pcb,core,★★★,,,,多头排列; 红柱扩张; MA60上行(+3.4%/5日); 主力净流入5.9亿,107.88,108.71,108.68,,,0.007694,0.007416,,,0.032258,-0.025213,-0.005836,0.009701,,,0.01353,-0.002285,,,False,pending
stock,2026-05-07,300750,宁德时代,BUY_STRONG,5,,,,,8,5.0,动力电池,battery,core,★★★,,,,多头排列; MA60上行(+2.4%/5日); 主力净流入1.3亿,451.64,437.0,431.25,,,-0.032415,-0.045147,,,0.008547,-0.049486,-0.005836,0.009701,,,-0.026579,-0.054848,,,False,pending
stock,2026-05-07,300476,胜宏科技,BUY_STRONG,5,,,,,5,5.0,PCB,pcb,candidate,★★☆,,,,多头排列; 红柱扩张; MA60上行(+2.0%/5日); 主力净流入0.6亿,338.06,358.66,375.43,,,0.060936,0.110543,,,0.13823,-0.014879,-0.005836,0.009701,,,0.066772,0.100841,,,False,pending
stock,2026-05-07,600522,中天科技,BUY_STRONG,5,,,,,8,5.0,海缆/光纤/电力电缆,optics,core,★★★,,,,多头排列; 红柱扩张; RSI偏高76; MA60上行(+4.3%/5日); 主力净流入13.2亿,38.38,40.9,44.08,,,0.065659,0.148515,,,0.203231,-0.00469,-0.005836,0.009701,,,0.071495,0.138814,,,False,pending
stock,2026-05-07,300502,新易盛,HOLD,4,,,,,0,4.34,光模块,optics,core,★★★,,,,站20/60线; MA60上行(+2.7%/5日); 主力净流入25.6亿,563.5,551.67,592.52,,,-0.020994,0.0515,,,0.06433,-0.067879,-0.005836,0.009701,,,-0.015158,0.041799,,,True,pending
stock,2026-05-07,603259,药明康德,HOLD,4,,,,,0,5.0,CXO,pharma,watch,★☆☆,,,,多头排列; 红柱扩张; MA60上行(+1.2%/5日); 主力净流入1.8亿,111.28,106.8,110.33,,,-0.040259,-0.008537,,,0.016894,-0.051941,-0.005836,0.009701,,,-0.034423,-0.018238,,,True,pending
stock,2026-05-07,002475,立讯精密,HOLD,4,,,,,0,5.01,消费电子精密制造,consumer_elec,core,★★★,,,,多头排列; RSI偏高70; MA60上行(+2.3%/5日); 主力净流入8.8亿,69.52,71.29,77.19,,,0.02546,0.110328,,,0.133199,-0.034666,-0.005836,0.009701,,,0.031296,0.100627,,,False,pending
stock,2026-05-07,601869,长飞光纤,HOLD,4,,,,,0,3.83,光纤光缆,optics,core,★★★,,,,站20/60线; MA60上行(+7.8%/5日); 主力净流入4.9亿,389.2,397.23,411.46,,,0.020632,0.057194,,,0.10483,-0.041624,-0.005836,0.009701,,,0.026468,0.047493,,,True,pending
stock,2026-05-07,600487,亨通光电,HOLD,4,,,,,0,5.0,光纤光缆/海底电缆,optics,core,★★★,,,,多头排列; 红柱扩张; RSI超买81; MA60上行(+6.7%/5日); 主力净流入0.7亿,75.96,77.27,75.1,,,0.017246,-0.011322,,,0.051869,-0.028041,-0.005836,0.009701,,,0.023082,-0.021023,,,False,pending
stock,2026-05-07,603929,亚翔集成,HOLD,4,,,,,0,5.0,半导体洁净室工程,semicon,watch,★☆☆,,,,多头排列; MACD金叉; MA60上行(+2.5%/5日),206.0,200.97,194.9,,,-0.024417,-0.053883,,,0.042476,-0.097087,-0.005836,0.009701,,,-0.018581,-0.063585,,,True,pending
stock,2026-05-07,688498,源杰科技,HOLD,3,,,,,0,5.0,光芯片基材,optics,candidate,★★☆,,,,多头排列; 红柱扩张; RSI偏高77; MA60上行(+6.4%/5日),1629.0,1575.0,1731.0,,,-0.033149,0.062615,,,0.084641,-0.048484,-0.005836,0.009701,,,-0.027313,0.052914,,,False,pending
stock,2026-05-07,002384,东山精密,HOLD,3,,,,,0,5.0,PCB/光模块封装,optics,candidate,★★☆,,,,多头排列; 红柱扩张; RSI超买89; MA60上行(+9.0%/5日); 主力净流入9.3亿,211.07,211.39,219.46,,,0.001516,0.03975,,,0.089686,-0.023973,-0.005836,0.009701,,,0.007352,0.030049,,,False,pending
stock,2026-05-07,600498,烽火通信,HOLD,3,,,,,0,0.93,光通信设备,optics,candidate,★★☆,,,,站20/60线; MA60上行(+1.7%/5日); 主力净流入5.9亿,51.82,57.0,59.01,,,0.099961,0.13875,,,0.162293,-0.015824,-0.005836,0.009701,,,0.105798,0.129048,,,True,pending
stock,2026-05-07,688048,长光华芯,HOLD,3,,,,,0,5.0,半导体激光芯片,optics,candidate,★★☆,,,,多头排列; 红柱扩张; RSI偏高73; MA60上行(+10.0%/5日),392.87,438.88,431.49,,,0.117113,0.098302,,,0.170871,-0.040726,-0.005836,0.009701,,,0.122949,0.088601,,,False,pending
stock,2026-05-07,688195,腾景科技,HOLD,3,,,,,0,4.9,精密光学元件,optics,candidate,★★☆,,,,站20/60线; MA60上行(+4.3%/5日); 主力净流入1.5亿,361.98,372.5,366.01,,,0.029062,0.011133,,,0.090944,-0.038621,-0.005836,0.009701,,,0.034899,0.001432,,,False,pending
stock,2026-05-07,300757,罗博特科,HOLD,3,,,,,0,1.96,光伏/新能源自动化装备,industrial_auto,candidate,★★☆,,,,站20/60线; MA60上行(+3.0%/5日); 主力净流入5.3亿,510.32,519.2,510.09,,,0.017401,-0.000451,,,0.036604,-0.02857,-0.005836,0.009701,,,0.023237,-0.010152,,,True,pending
stock,2026-05-07,688521,芯原股份,HOLD,3,,,,,0,5.0,半导体IP/芯片设计平台,semicon,candidate,★★☆,,,,多头排列; 红柱扩张; MA60上行(+1.5%/5日); 主力净流出7.9亿,275.0,262.0,271.99,,,-0.047273,-0.010945,,,0.021745,-0.053964,-0.005836,0.009701,,,-0.041437,-0.020646,,,True,pending
stock,2026-05-07,605117,德业股份,HOLD,3,,,,,0,5.0,储能逆变器/户用储能,new_energy,candidate,★★☆,,,,多头排列; 红柱扩张; MA60上行(+4.2%/5日); 主力净流出1.0亿,154.34,151.27,158.82,,,-0.019891,0.029027,,,0.066153,-0.034599,-0.005836,0.009701,,,-0.014055,0.019326,,,False,pending
stock,2026-05-07,002008,大族激光,HOLD,3,,,,,0,5.0,工业激光设备,industrial_auto,candidate,★★☆,,,,多头排列; 红柱扩张; RSI超买80; MA60上行(+6.7%/5日); 主力净流入8.1亿,112.41,122.06,134.66,,,0.085846,0.197936,,,0.24384,-0.001868,-0.005836,0.009701,,,0.091683,0.188235,,,False,pending
stock,2026-05-07,601872,招商轮船,HOLD,3,,,,,0,0.05,VLCC油轮/干散货,shipping,candidate,★★☆,,,,站20/60线; 放量1.5x; MA60上行(+3.5%/5日),18.43,19.49,17.79,,,0.057515,-0.034726,,,0.077591,-0.039609,-0.005836,0.009701,,,0.063351,-0.044427,,,True,pending
stock,2026-05-07,688167,炬光科技,HOLD,3,,,,,0,5.0,高功率半导体激光器,optics,watch,★☆☆,,,,站20/60线; 放量1.6x; MA60上行(+4.1%/5日); 主力净流入3.2亿,422.35,434.64,475.0,,,0.029099,0.12466,,,0.174381,-0.047354,-0.005836,0.009701,,,0.034935,0.114959,,,False,pending
stock,2026-05-07,300308,中际旭创,HOLD,2,,,,,0,5.0,光模块,optics,core,★★★,,,,多头排列; 绿柱扩张; RSI偏高71; MA60上行(+3.3%/5日); 主力净流入2.9亿,877.47,886.0,1017.99,,,0.009721,0.160142,,,0.165738,-0.018132,-0.005836,0.009701,,,0.015557,0.150441,,,False,pending
stock,2026-05-07,688256,寒武纪,HOLD,2,,,,,0,5.0,AI推理芯片,semicon,candidate,★☆☆,,,,多头排列; 红柱扩张; RSI超买92; MA60上行(+2.5%/5日); 主力净流入1.7亿,1868.0,1182.53,1277.87,,,-0.366954,-0.315915,,,-0.307639,-0.38008,-0.005836,0.009701,,,-0.361118,-0.325616,,,True,pending
stock,2026-05-07,688041,海光信息,HOLD,2,,,,,0,5.0,国产CPU/GPU,semicon,core,★★★,,,,多头排列; 红柱扩张; RSI超买81; MA60上行(+1.4%/5日); 主力净流出8.7亿,341.6,323.28,349.19,,,-0.05363,0.022219,,,0.050351,-0.063203,-0.005836,0.009701,,,-0.047794,0.012518,,,True,pending
stock,2026-05-07,600183,生益科技,HOLD,2,,,,,0,5.0,PCB基板/覆铜板,pcb,core,★★★,,,,多头排列; RSI超买80; MA60上行(+0.9%/5日); 主力净流入2.2亿,82.0,82.0,85.62,,,0.0,0.044146,,,0.052805,-0.023171,-0.005836,0.009701,,,0.005836,0.034445,,,False,pending
stock,2026-05-07,688120,华海清科,HOLD,2,,,,,0,5.0,CMP研磨设备,semicon,candidate,★★☆,,,,多头排列; 红柱扩张; RSI偏高68,200.63,195.94,235.14,,,-0.023376,0.172008,,,0.186263,-0.043114,-0.005836,0.009701,,,-0.01754,0.162307,,,False,pending
stock,2026-05-07,300666,江丰电子,HOLD,2,,,,,0,5.0,高纯溅射靶材,semicon,candidate,★★☆,,,,多头排列; 红柱扩张; RSI偏高70; MA60上行(+3.2%/5日); 主力净流出0.6亿,186.55,173.43,181.77,,,-0.07033,-0.025623,,,-0.008309,-0.077995,-0.005836,0.009701,,,-0.064494,-0.035324,,,True,pending
stock,2026-05-07,600105,永鼎股份,HOLD,2,,,,,0,5.01,光纤光缆/新能源电缆,optics,watch,★☆☆,,,,多头排列; RSI偏高71; MA60上行(+4.8%/5日); 主力净流入9.9亿,47.52,49.94,52.32,,,0.050926,0.10101,,,0.178241,-0.03367,-0.005836,0.009701,,,0.056762,0.091309,,,False,pending
stock,2026-05-07,301200,大族数控,HOLD,2,,,,,0,3.1,激光/数控切割设备,industrial_auto,watch,★☆☆,,,,站20/60线; MA60上行(+0.9%/5日); 主力净流入0.8亿,193.95,187.78,210.2,,,-0.031812,0.083784,,,0.134313,-0.056458,-0.005836,0.009701,,,-0.025976,0.074083,,,True,pending
stock,2026-05-07,300394,天孚通信,HOLD,1,,,,,0,-3.53,光通信器件,optics,core,★★☆,,,,跌破20线; MA60上行(+2.9%/5日); 主力净流入0.7亿,328.14,326.3,342.45,,,-0.005607,0.043609,,,0.064485,-0.030597,-0.005836,0.009701,,,0.000229,0.033908,,,True,pending
stock,2026-05-07,688012,中微公司,HOLD,1,,,,,0,5.0,半导体设备,semicon,core,★★★,,,,多头排列; 红柱扩张; RSI超买78; 主力净流出4.3亿,384.6,370.0,388.45,,,-0.037962,0.01001,,,0.031669,-0.046698,-0.005836,0.009701,,,-0.032125,0.000309,,,False,pending
stock,2026-05-07,603986,兆易创新,HOLD,1,,,,,0,5.0,存储芯片,semicon,candidate,★★☆,,,,多头排列; 红柱扩张; RSI超买81; MA60上行(+0.6%/5日); 主力净流出13.9亿,350.16,334.1,353.55,,,-0.045865,0.009681,,,0.049549,-0.052433,-0.005836,0.009701,,,-0.040029,-2e-05,,,True,pending
stock,2026-05-07,601138,工业富联,HOLD,1,,,,,0,4.33,AI服务器/精密制造,consumer_elec,candidate,★★☆,,,,站20/60线; MACD死叉; MA60上行(+0.8%/5日); 主力净流入2.8亿,64.18,63.28,64.4,,,-0.014023,0.003428,,,0.0268,-0.021969,-0.005836,0.009701,,,-0.008187,-0.006273,,,False,pending
stock,2026-05-07,600887,伊利股份,HOLD,1,,,,,0,5.01,乳制品/食品,consumer,candidate,★★☆,,,,红柱扩张; RSI偏高73; 主力净流入1.3亿,27.53,27.52,28.01,,,-0.000363,0.017436,,,0.031602,-0.006175,-0.005836,0.009701,,,0.005473,0.007734,,,False,pending
stock,2026-05-07,688981,中芯国际,HOLD,1,,,,,0,5.0,半导体代工,semicon,core,★★★,,,,多头排列; 红柱扩张; RSI超买82; MA60偏弱(-0.4%/5日),125.34,120.31,121.98,,,-0.040131,-0.026807,,,0.000798,-0.042604,-0.005836,0.009701,,,-0.034295,-0.036508,,,False,pending
stock,2026-05-07,000338,潍柴动力,HOLD,1,,,,,0,5.0,重型发动机/氢燃料,machinery,candidate,★★☆,,,,多头排列; 红柱扩张; RSI超买90; MA60上行(+2.7%/5日); 主力净流出1.6亿,35.0,33.06,32.7,,,-0.055429,-0.065714,,,-0.014286,-0.082857,-0.005836,0.009701,,,-0.049592,-0.075415,,,True,pending
stock,2026-05-07,603288,海天味业,HOLD,1,,,,,0,-3.72,调味品,food_bev,watch,★☆☆,,,,跌破20线; RSI偏低28; MA60上行(+0.8%/5日),38.73,38.18,37.84,,,-0.014201,-0.02298,,,0.001291,-0.025045,-0.005836,0.009701,,,-0.008365,-0.032681,,,True,pending
stock,2026-05-07,688409,富创精密,HOLD,1,,,,,0,5.0,半导体精密零部件,semicon,watch,★☆☆,,,,多头排列; RSI偏高73; MA60上行(+2.3%/5日),126.58,121.56,130.51,,,-0.039659,0.031048,,,0.050719,-0.083584,-0.005836,0.009701,,,-0.033823,0.021347,,,True,pending
stock,2026-05-07,603256,宏和科技,HOLD,1,,,,,0,5.0,高端电子玻纤布,pcb,watch,★☆☆,,,,多头排列; 红柱扩张; RSI超买90; MA60上行(+8.6%/5日),144.11,148.87,148.31,,,0.03303,0.029144,,,0.063077,-0.03768,-0.005836,0.009701,,,0.038866,0.019443,,,False,pending
stock,2026-05-07,000333,美的集团,HOLD,0,,,,,0,1.48,家电/工业机器人,consumer,core,★★★,,,,站20/60线; RSI偏高72,79.81,80.4,80.09,,,0.007393,0.003508,,,0.033079,-0.00614,-0.005836,0.009701,,,0.013229,-0.006193,,,False,pending
stock,2026-05-07,688777,中控技术,HOLD,0,,,,,0,5.0,工业自动化DCS,industrial_auto,candidate,★★☆,,,,红柱扩张; RSI偏高76,82.58,81.44,78.77,,,-0.013805,-0.046137,,,0.02991,-0.050012,-0.005836,0.009701,,,-0.007969,-0.055838,,,True,pending
stock,2026-05-07,688331,荣昌生物,HOLD,0,,,,,0,-7.05,ADC创新药,pharma,candidate,★★☆,,,,跌破20线; MA60上行(+2.1%/5日),130.0,123.9,121.57,,,-0.046923,-0.064846,,,0.015538,-0.087692,-0.005836,0.009701,,,-0.041087,-0.074547,,,True,pending
stock,2026-05-07,600988,赤峰黄金,HOLD,0,,,,,0,-0.5,黄金矿采选,commodity,candidate,★★☆,,,,跌破20线; 主力净流入0.6亿,42.36,44.4,40.95,,,0.048159,-0.033286,,,0.05949,-0.03848,-0.005836,0.009701,,,0.053995,-0.042987,,,True,pending
stock,2026-05-07,688548,广钢气体,HOLD,0,,,,,0,1.76,半导体特种气体,semicon,watch,★☆☆,,,,站20/60线; MA60上行(+3.0%/5日); 主力净流出2.6亿,27.8,27.64,28.31,,,-0.005755,0.018345,,,0.046403,-0.015468,-0.005836,0.009701,,,8.1e-05,0.008644,,,False,pending
stock,2026-05-07,600519,贵州茅台,HOLD,-1,,,,,0,-3.93,高端白酒,consumer,core,★★★,,,,跌破60线; 绿柱扩张; RSI偏低33; 主力净流入0.5亿,1371.05,1372.99,1354.55,,,0.001415,-0.012035,,,0.008548,-0.014989,-0.005836,0.009701,,,0.007251,-0.021736,,,True,pending
stock,2026-05-07,000651,格力电器,HOLD,-1,,,,,0,4.99,家电,consumer,candidate,★★☆,,,,RSI偏高78,39.89,39.91,40.34,,,0.000501,0.011281,,,0.024066,-0.00727,-0.005836,0.009701,,,0.006338,0.00158,,,False,pending
stock,2026-05-07,600030,中信证券,HOLD,-1,,,,,0,3.64,综合券商,finance,candidate,★★☆,,,,主力净流出2.0亿,27.23,26.95,27.22,,,-0.010283,-0.000367,,,0.009181,-0.017628,-0.005836,0.009701,,,-0.004447,-0.010068,,,False,pending
stock,2026-05-07,002865,钧达股份,HOLD,-1,,,,,0,5.0,TOPCon光伏电池片,new_energy,watch,★☆☆,,,,红柱扩张; RSI偏高74; 放量1.5x; MA60下行趋势(-2.2%/5日); 主力净流入2.6亿,87.75,96.53,103.92,,,0.100057,0.184274,,,0.253561,0.006268,-0.005836,0.009701,,,0.105893,0.174572,,,False,pending
stock,2026-05-07,600879,航天电子,HOLD,-1,,,,,0,5.02,军工电子/惯导,defense,candidate,★★☆,,,,红柱扩张; MA60下行趋势(-1.5%/5日),25.31,26.65,26.02,,,0.052944,0.028052,,,0.080601,-0.016989,-0.005836,0.009701,,,0.05878,0.018351,,,False,pending
stock,2026-05-07,601088,中国神华,HOLD,-2,,,,,0,-2.3,煤炭/电力,commodity,watch,★★☆,,,,跌破60线; MA60上行(+1.2%/5日); 主力净流出1.1亿,45.59,45.18,45.2,,,-0.008993,-0.008555,,,0.00658,-0.018425,-0.005836,0.009701,,,-0.003157,-0.018256,,,True,pending
stock,2026-05-07,002594,比亚迪,HOLD,-2,,,,,0,-1.49,电动车/刀片电池,new_energy,core,★★★,,,,跌破20线; 绿柱扩张; MA60上行(+0.8%/5日); 主力净流出4.2亿,100.46,100.02,99.23,,,-0.00438,-0.012244,,,0.005375,-0.014533,-0.005836,0.009701,,,0.001456,-0.021945,,,True,pending
stock,2026-05-07,002028,思源电气,HOLD,-2,,,,,0,-1.0,特高压/变电设备,power_equip,core,★★★,,,,跌破60线,206.68,198.1,198.35,,,-0.041513,-0.040304,,,-0.013064,-0.067641,-0.005836,0.009701,,,-0.035677,-0.050005,,,True,pending
stock,2026-05-07,600893,航发动力,HOLD,-2,,,,,0,-1.34,航空发动机,defense,candidate,★★☆,,,,跌破60线; MA60偏弱(-0.3%/5日); 主力净流入2.1亿,48.33,50.1,48.7,,,0.036623,0.007656,,,0.064349,-0.020484,-0.005836,0.009701,,,0.042459,-0.002045,,,True,pending
stock,2026-05-07,601899,紫金矿业,REDUCE,-3,,,,,0,0.55,铜金矿,commodity,watch,★☆☆,,,,跌破60线; MACD金叉; MA60下行趋势(-1.6%/5日); 主力净流出8.1亿,34.46,34.8,34.58,,,0.009867,0.003482,,,0.025247,-0.017992,-0.005836,0.009701,,,0.015703,-0.006219,,,True,pending
stock,2026-05-07,600426,华鲁恒升,REDUCE,-3,,,,,0,-3.18,煤化工/化肥,chemical,candidate,★★☆,,,,跌破60线; 主力净流出1.8亿,36.12,35.51,34.99,,,-0.016888,-0.031285,,,0.007752,-0.040144,-0.005836,0.009701,,,-0.011052,-0.040986,,,True,pending
stock,2026-05-07,603799,华友钴业,REDUCE,-3,,,,,0,5.0,钴/三元前驱体,battery_materials,candidate,★★☆,,,,MA60下行趋势(-1.5%/5日); 主力净流出1.2亿,68.2,66.0,62.87,,,-0.032258,-0.078152,,,0.009531,-0.083578,-0.005836,0.009701,,,-0.026422,-0.087854,,,True,pending
stock,2026-05-07,600438,通威股份,REDUCE,-3,,,,,0,0.63,光伏电池/硅料,new_energy,candidate,★★☆,,,,跌破60线; MA60下行趋势(-1.5%/5日); 主力净流入0.5亿,17.49,17.22,16.99,,,-0.015437,-0.028588,,,-0.001715,-0.045169,-0.005836,0.009701,,,-0.009601,-0.038289,,,True,pending
stock,2026-05-07,601012,隆基绿能,REDUCE,-3,,,,,0,-3.81,光伏组件,new_energy,watch,★☆☆,,,,跌破60线; RSI超卖23; MA60下行趋势(-1.1%/5日); 主力净流出1.7亿,16.55,16.36,16.7,,,-0.01148,0.009063,,,0.021752,-0.01994,-0.005836,0.009701,,,-0.005644,-0.000638,,,True,pending
stock,2026-05-07,002714,牧原股份,REDUCE,-3,,,,,0,-0.79,生猪养殖,agriculture,candidate,★★☆,,,,跌破60线; 主力净流出2.3亿,44.07,43.51,42.93,,,-0.012707,-0.025868,,,0.023372,-0.028591,-0.005836,0.009701,,,-0.006871,-0.035569,,,True,pending
stock,2026-05-07,601318,中国平安,REDUCE,-3,,,,,0,2.63,保险/金融科技,finance,candidate,★★☆,,,,跌破60线; 红柱扩张; 放量1.8x; MA60下行趋势(-0.8%/5日); 主力净流出0.8亿,60.04,60.06,59.4,,,0.000333,-0.01066,,,0.008494,-0.013158,-0.005836,0.009701,,,0.006169,-0.020361,,,False,pending
stock,2026-05-07,000568,泸州老窖,REDUCE,-3,,,,,0,-2.6,高端白酒,food_bev,candidate,★★☆,,,,跌破60线; 绿柱扩张; RSI偏低35; MA60下行趋势(-1.0%/5日); 主力净流入1.0亿,99.05,97.53,94.78,,,-0.015346,-0.04311,,,-0.000303,-0.047956,-0.005836,0.009701,,,-0.00951,-0.052811,,,True,pending
stock,2026-05-07,300274,阳光电源,REDUCE,-4,,,,,0,4.24,逆变器,new_energy,core,★★★,,,,跌破60线; 红柱扩张; MA60下行趋势(-1.1%/5日); 主力净流出6.7亿,139.5,139.165,139.85,,,-0.002401,0.002509,,,0.047419,-0.015663,-0.005836,0.009701,,,0.003435,-0.007192,,,False,pending
stock,2026-05-07,600031,三一重工,REDUCE,-4,,,,,0,3.43,工程机械,machinery,watch,★★☆,,,,跌破60线; 红柱扩张; MA60下行趋势(-0.8%/5日); 主力净流出0.9亿,20.98,20.53,21.36,,,-0.021449,0.018112,,,0.071497,-0.031935,-0.005836,0.009701,,,-0.015613,0.008411,,,False,pending
stock,2026-05-07,600276,恒瑞医药,REDUCE,-4,,,,,0,-4.02,创新药,pharma,watch,★☆☆,,,,跌破60线; 绿柱扩张; RSI偏低34; MA60偏弱(-0.5%/5日); 主力净流出1.8亿,53.68,52.8,56.11,,,-0.016393,0.045268,,,0.096684,-0.029061,-0.005836,0.009701,,,-0.010557,0.035567,,,True,pending
stock,2026-05-07,000858,五粮液,REDUCE,-4,,,,,0,-8.67,高端白酒,consumer,candidate,★★☆,,,,跌破60线; 绿柱扩张; RSI超卖11; MA60偏弱(-0.6%/5日); 连跌3日且MA60偏弱; 主力净流出1.0亿,92.6,92.13,90.56,,,-0.005076,-0.02203,,,0.00216,-0.022678,-0.005836,0.009701,,,0.000761,-0.031731,,,True,pending
stock,2026-05-07,600309,万华化学,REDUCE,-4,,,,,0,-4.48,MDI/聚氨酯,chemical,core,★★★,,,,跌破60线; MACD死叉; RSI偏低31; 主力净流出9.0亿,84.8,83.6,83.29,,,-0.014151,-0.017807,,,0.00684,-0.026533,-0.005836,0.009701,,,-0.008315,-0.027508,,,True,pending
stock,2026-05-07,603993,洛阳钼业,REDUCE,-4,,,,,0,2.42,铜/钴矿,commodity,core,★★★,,,,跌破60线; 红柱扩张; MA60下行趋势(-2.4%/5日); 主力净流出2.0亿,19.86,20.2,20.58,,,0.01712,0.036254,,,0.055388,-0.022155,-0.005836,0.009701,,,0.022956,0.026553,,,False,pending
stock,2026-05-07,300760,迈瑞医疗,REDUCE,-4,,,,,0,5.0,医疗器械,pharma,candidate,★★☆,,,,跌破60线; 红柱扩张; MA60下行趋势(-1.2%/5日); 主力净流出0.9亿,170.5,170.61,166.39,,,0.000645,-0.024106,,,0.012727,-0.024868,-0.005836,0.009701,,,0.006481,-0.033807,,,False,pending
stock,2026-05-07,601888,中国中免,REDUCE,-5,,,,,0,-6.07,免税零售,consumer,candidate,★★☆,,,,跌破60线; MACD死叉; RSI超卖23; MA60下行趋势(-2.9%/5日); 主力净流出1.3亿; RSI深度超卖(23<25)，暂缓止损降为减仓,63.05,62.68,61.55,,,-0.005868,-0.023791,,,0.002062,-0.029342,-0.005836,0.009701,,,-3.2e-05,-0.033492,,,True,pending
stock,2026-05-08,002475,立讯精密,HOLD,4,,,,,0,5.0,消费电子精密制造,consumer_elec,core,★★★,,,,多头排列; 红柱扩张; RSI偏高72; MA60上行(+2.5%/5日),71.34,76.06,,,,0.066162,,,,0.104289,0.043734,0.016406,,,,0.049756,,,,False,pending
stock,2026-05-08,002463,沪电股份,HOLD,4,,,,,0,5.0,高多层PCB,pcb,core,★★★,,,,多头排列; 红柱扩张; RSI偏高76; MA60上行(+3.5%/5日),108.31,108.68,,,,0.003416,,,,0.02299,-0.029083,0.016406,,,,-0.01299,,,,False,pending
stock,2026-05-08,601869,长飞光纤,HOLD,4,,,,,0,4.08,光纤光缆,optics,core,★★★,,,,站20/60线; MACD即将金叉🔔; MA60上行(+7.6%/5日),392.06,400.31,,,,0.021043,,,,0.096771,-0.018007,0.016406,,,,0.004636,,,,False,pending
stock,2026-05-08,600498,烽火通信,HOLD,4,,,,,0,5.0,光通信设备,optics,candidate,★★☆,,,,站20/60线; MACD金叉; MA60上行(+1.9%/5日),57.0,58.61,,,,0.028246,,,,0.056667,-0.024561,0.016406,,,,0.011839,,,,False,pending
stock,2026-05-08,300502,新易盛,HOLD,3,,,,,0,1.49,光模块,optics,core,★★★,,,,站20/60线; MA60上行(+2.7%/5日),551.91,563.7,,,,0.021362,,,,0.086681,-0.048305,0.016406,,,,0.004956,,,,True,pending
stock,2026-05-08,688195,腾景科技,HOLD,3,,,,,0,5.0,精密光学元件,optics,candidate,★★☆,,,,站20/60线; MACD即将金叉🔔; MA60上行(+4.5%/5日),369.28,375.6,,,,0.017114,,,,0.069378,-0.024968,0.016406,,,,0.000708,,,,False,pending
stock,2026-05-08,300757,罗博特科,HOLD,3,,,,,0,2.75,光伏/新能源自动化装备,industrial_auto,candidate,★★☆,,,,站20/60线; MACD即将金叉🔔; MA60上行(+2.9%/5日),518.73,512.3,,,,-0.012396,,,,0.012087,-0.040156,0.016406,,,,-0.028802,,,,True,pending
stock,2026-05-08,601872,招商轮船,HOLD,3,,,,,0,4.99,VLCC油轮/干散货,shipping,candidate,★★☆,,,,站20/60线; MACD即将金叉🔔; MA60上行(+3.7%/5日),19.43,18.37,,,,-0.054555,,,,-0.022131,-0.089038,0.016406,,,,-0.070961,,,,True,pending
stock,2026-05-08,688167,炬光科技,HOLD,3,,,,,0,5.0,高功率半导体激光器,optics,watch,★☆☆,,,,多头排列; MACD金叉; MA60上行(+4.1%/5日); 偏离MA20+13%,430.5,478.1,,,,0.110569,,,,0.152149,0.056911,0.016406,,,,0.094163,,,,False,pending
stock,2026-05-08,603929,亚翔集成,HOLD,3,,,,,0,3.73,半导体洁净室工程,semicon,watch,★☆☆,,,,多头排列; 红柱扩张; MA60上行(+2.4%/5日),200.68,206.2,,,,0.027506,,,,0.070112,-0.073151,0.016406,,,,0.0111,,,,True,pending
stock,2026-05-08,688041,海光信息,HOLD,2,,,,,0,5.0,国产CPU/GPU,semicon,core,★★★,,,,多头排列; RSI偏高71; MA60上行(+1.7%/5日); 偏离MA20+18%,321.8,349.18,,,,0.085084,,,,0.114978,0.034711,0.016406,,,,0.068678,,,,False,pending
stock,2026-05-08,300476,胜宏科技,HOLD,2,,,,,0,5.0,PCB,pcb,candidate,★★☆,,,,多头排列; 红柱扩张; RSI偏高69; MA60上行(+2.2%/5日); 偏离MA20+13%,357.65,378.24,,,,0.05757,,,,0.075884,-0.015798,0.016406,,,,0.041164,,,,False,pending
stock,2026-05-08,688120,华海清科,HOLD,2,,,,,0,3.77,CMP研磨设备,semicon,candidate,★★☆,,,,多头排列,196.25,206.89,,,,0.054217,,,,0.212739,0.008764,0.016406,,,,0.03781,,,,False,pending
stock,2026-05-08,300666,江丰电子,HOLD,2,,,,,0,4.94,高纯溅射靶材,semicon,candidate,★★☆,,,,站20/60线; MA60上行(+3.2%/5日),173.02,185.0,,,,0.069241,,,,0.069241,0.005722,0.016406,,,,0.052834,,,,False,pending
stock,2026-05-08,688521,芯原股份,HOLD,2,,,,,0,5.0,半导体IP/芯片设计平台,semicon,candidate,★★☆,,,,站20/60线; MA60上行(+1.6%/5日),260.74,267.4,,,,0.025543,,,,0.077625,0.001381,0.016406,,,,0.009136,,,,False,pending
stock,2026-05-08,605117,德业股份,HOLD,2,,,,,0,5.0,储能逆变器/户用储能,new_energy,candidate,★★☆,,,,站20/60线; MA60上行(+4.4%/5日),151.18,161.57,,,,0.068726,,,,0.088438,-0.01442,0.016406,,,,0.05232,,,,False,pending
stock,2026-05-08,600988,赤峰黄金,HOLD,2,,,,,0,3.75,黄金矿采选,commodity,candidate,★★☆,,,,站20/60线; MACD即将金叉🔔,44.26,42.04,,,,-0.050158,,,,-0.016042,-0.079756,0.016406,,,,-0.066564,,,,True,pending
stock,2026-05-08,600105,永鼎股份,HOLD,2,,,,,0,5.0,光纤光缆/新能源电缆,optics,watch,★☆☆,,,,多头排列; MACD金叉; RSI偏高73; MA60上行(+5.1%/5日); 偏离MA20+18%,49.76,51.4,,,,0.032958,,,,0.125201,-0.01668,0.016406,,,,0.016552,,,,False,pending
stock,2026-05-08,300308,中际旭创,HOLD,1,,,,,0,5.0,光模块,optics,core,★★★,,,,多头排列; 绿柱扩张; RSI偏高71; MA60上行(+3.2%/5日),883.8,940.13,,,,0.063736,,,,0.157389,-0.015614,0.016406,,,,0.04733,,,,False,pending
stock,2026-05-08,688498,源杰科技,HOLD,1,,,,,0,5.0,光芯片基材,optics,candidate,★★☆,,,,多头排列; RSI偏高70; MA60上行(+6.4%/5日); 偏离MA20+14%,1580.84,1624.0,,,,0.027302,,,,0.117684,-0.019496,0.016406,,,,0.010896,,,,False,pending
stock,2026-05-08,603986,兆易创新,HOLD,1,,,,,0,5.0,存储芯片,semicon,candidate,★★☆,,,,多头排列; RSI偏高74; MA60上行(+0.6%/5日); 偏离MA20+13%,334.1,362.13,,,,0.083897,,,,0.1,0.038641,0.016406,,,,0.067491,,,,False,pending
stock,2026-05-08,603259,药明康德,HOLD,1,,,,,0,1.81,CXO,pharma,watch,★☆☆,,,,站20/60线; MA60上行(+1.1%/5日),106.79,108.72,,,,0.018073,,,,0.05965,-0.01208,0.016406,,,,0.001667,,,,False,pending
stock,2026-05-08,601138,工业富联,HOLD,1,,,,,0,1.89,AI服务器/精密制造,consumer_elec,candidate,★★☆,,,,站20/60线; 绿柱扩张; MA60上行(+0.7%/5日),63.12,65.85,,,,0.043251,,,,0.044043,-0.001901,0.016406,,,,0.026845,,,,False,pending
stock,2026-05-08,688981,中芯国际,HOLD,1,,,,,0,5.0,半导体代工,semicon,core,★★★,,,,多头排列; RSI偏高71; MA60偏弱(-0.3%/5日),120.21,122.52,,,,0.019216,,,,0.043507,-0.001747,0.016406,,,,0.00281,,,,False,pending
stock,2026-05-08,000338,潍柴动力,HOLD,1,,,,,0,4.99,重型发动机/氢燃料,machinery,candidate,★★☆,,,,多头排列; RSI偏高76; MA60上行(+2.9%/5日); 偏离MA20+15%,33.04,33.53,,,,0.014831,,,,0.024516,-0.02845,0.016406,,,,-0.001576,,,,False,pending
stock,2026-05-08,600030,中信证券,HOLD,1,,,,,0,1.86,综合券商,finance,candidate,★★☆,,,,站20/60线,26.89,27.33,,,,0.016363,,,,0.021941,-0.005206,0.016406,,,,-4.3e-05,,,,False,pending
stock,2026-05-08,600522,中天科技,HOLD,1,,,,,0,5.01,海缆/光纤/电力电缆,optics,core,★★★,,,,多头排列; 红柱扩张; RSI超买80; MA60上行(+4.5%/5日); 严重偏离MA20+25%,40.72,43.86,,,,0.077112,,,,0.134086,0.049853,0.016406,,,,0.060706,,,,False,pending
stock,2026-05-08,688048,长光华芯,HOLD,1,,,,,0,5.0,半导体激光芯片,optics,candidate,★★☆,,,,多头排列; 红柱扩张; RSI偏高78; MA60上行(+10.4%/5日); 严重偏离MA20+34%,442.01,433.3,,,,-0.019705,,,,0.0407,-0.049795,0.016406,,,,-0.036112,,,,False,pending
stock,2026-05-08,600487,亨通光电,HOLD,1,,,,,0,5.0,光纤光缆/海底电缆,optics,core,★★★,,,,多头排列; 红柱扩张; RSI超买82; MA60上行(+6.7%/5日); 严重偏离MA20+22%,77.2,74.99,,,,-0.028627,,,,0.034974,-0.043653,0.016406,,,,-0.045033,,,,False,pending
stock,2026-05-08,688331,荣昌生物,HOLD,1,,,,,0,-11.52,ADC创新药,pharma,candidate,★★☆,,,,跌破20线; 绿柱扩张; RSI超卖20; MA60上行(+1.9%/5日),124.0,124.63,,,,0.005081,,,,0.038548,-0.043548,0.016406,,,,-0.011326,,,,True,pending
stock,2026-05-08,300394,天孚通信,HOLD,0,,,,,0,-4.64,光通信器件,optics,core,★★☆,,,,跌破20线; MA60上行(+2.6%/5日),325.01,331.92,,,,0.021261,,,,0.074736,-0.021261,0.016406,,,,0.004855,,,,True,pending
stock,2026-05-08,002384,东山精密,HOLD,0,,,,,0,5.0,PCB/光模块封装,optics,candidate,★★☆,,,,多头排列; 红柱扩张; RSI超买88; MA60上行(+9.2%/5日); 严重偏离MA20+24%,210.5,218.3,,,,0.037055,,,,0.092637,-0.009644,0.016406,,,,0.020648,,,,False,pending
stock,2026-05-08,688012,中微公司,HOLD,0,,,,,0,5.0,半导体设备,semicon,core,★★★,,,,站20/60线; RSI偏高70,368.5,383.64,,,,0.041085,,,,0.076744,0.007598,0.016406,,,,0.024679,,,,False,pending
stock,2026-05-08,300750,宁德时代,HOLD,0,,,,,0,1.35,动力电池,battery,core,★★★,,,,站20/60线; MACD死叉; MA60上行(+2.4%/5日),436.25,446.11,,,,0.022602,,,,0.032688,-0.015954,0.016406,,,,0.006195,,,,True,pending
stock,2026-05-08,000333,美的集团,HOLD,0,,,,,0,1.81,家电/工业机器人,consumer,core,★★★,,,,站20/60线; RSI偏高70,80.29,80.67,,,,0.004733,,,,0.026902,-0.008843,0.016406,,,,-0.011673,,,,False,pending
stock,2026-05-08,600183,生益科技,HOLD,0,,,,,0,5.0,PCB基板/覆铜板,pcb,core,★★★,,,,多头排列; RSI超买80; MA60上行(+1.1%/5日); 偏离MA20+14%,81.86,83.66,,,,0.021989,,,,0.054605,-0.010506,0.016406,,,,0.005582,,,,False,pending
stock,2026-05-08,603288,海天味业,HOLD,0,,,,,0,-4.77,调味品,food_bev,watch,★☆☆,,,,跌破60线; 绿柱扩张; RSI超卖23; MA60上行(+0.8%/5日),38.18,38.15,,,,-0.000786,,,,0.007072,-0.011001,0.016406,,,,-0.017192,,,,True,pending
stock,2026-05-08,002008,大族激光,HOLD,0,,,,,0,5.0,工业激光设备,industrial_auto,candidate,★★☆,,,,多头排列; 红柱扩张; RSI超买90; MA60上行(+7.1%/5日); 严重偏离MA20+30%,121.6,134.27,,,,0.104194,,,,0.149836,0.023849,0.016406,,,,0.087788,,,,False,pending
stock,2026-05-08,688409,富创精密,HOLD,0,,,,,0,5.0,半导体精密零部件,semicon,watch,★☆☆,,,,站20/60线; RSI偏高70; MA60上行(+2.2%/5日); 偏离MA20+13%,121.5,122.9,,,,0.011523,,,,0.09465,-0.045267,0.016406,,,,-0.004884,,,,False,pending
stock,2026-05-08,301200,大族数控,HOLD,0,,,,,0,-0.81,激光/数控切割设备,industrial_auto,watch,★☆☆,,,,跌破20线; MA60上行(+1.0%/5日),188.15,201.91,,,,0.073133,,,,0.16928,0.000319,0.016406,,,,0.056727,,,,True,pending
stock,2026-05-08,600893,航发动力,HOLD,0,,,,,0,1.9,航空发动机,defense,candidate,★★☆,,,,跌破60线; MACD金叉,50.11,50.5,,,,0.007783,,,,0.026542,-0.048493,0.016406,,,,-0.008623,,,,True,pending
stock,2026-05-08,688256,寒武纪,HOLD,-1,,,,,0,5.0,AI推理芯片,semicon,candidate,★☆☆,,,,多头排列; RSI超买80; 放量1.8x; MA60上行(+3.1%/5日); 严重偏离MA20+26%,1182.08,1200.0,,,,0.01516,,,,0.094114,-0.020345,0.016406,,,,-0.001247,,,,False,pending
stock,2026-05-08,600519,贵州茅台,HOLD,-1,,,,,0,-3.69,高端白酒,consumer,core,★★★,,,,跌破60线; RSI偏低27,1370.88,1361.33,,,,-0.006966,,,,0.001466,-0.014866,0.016406,,,,-0.023373,,,,True,pending
stock,2026-05-08,600887,伊利股份,HOLD,-1,,,,,0,5.01,乳制品/食品,consumer,candidate,★★☆,,,,红柱扩张; RSI超买80,27.52,28.06,,,,0.019622,,,,0.031977,-0.005814,0.016406,,,,0.003216,,,,False,pending
stock,2026-05-08,000651,格力电器,HOLD,-1,,,,,0,4.81,家电,consumer,candidate,★★☆,,,,RSI偏高77,39.9,40.46,,,,0.014035,,,,0.02381,-0.007519,0.016406,,,,-0.002371,,,,False,pending
stock,2026-05-08,002594,比亚迪,HOLD,-1,,,,,0,-2.08,电动车/刀片电池,new_energy,core,★★★,,,,跌破20线; 绿柱扩张; MA60上行(+0.8%/5日),99.98,100.44,,,,0.004601,,,,0.007502,-0.009802,0.016406,,,,-0.011805,,,,True,pending
stock,2026-05-08,002714,牧原股份,HOLD,-1,,,,,0,-2.16,生猪养殖,agriculture,candidate,★★☆,,,,跌破60线; RSI偏低35,43.48,44.32,,,,0.019319,,,,0.037259,-0.015409,0.016406,,,,0.002913,,,,True,pending
stock,2026-05-08,688548,广钢气体,HOLD,-1,,,,,0,0.58,半导体特种气体,semicon,watch,★☆☆,,,,站20/60线; MACD死叉; MA60上行(+2.9%/5日); 连跌5日,27.68,28.55,,,,0.031431,,,,0.050939,-0.011199,0.016406,,,,0.015024,,,,True,pending
stock,2026-05-08,603256,宏和科技,HOLD,-1,,,,,0,5.0,高端电子玻纤布,pcb,watch,★☆☆,,,,多头排列; 红柱扩张; RSI超买90; MA60上行(+9.2%/5日); 严重偏离MA20+39%,148.73,149.98,,,,0.008404,,,,0.030054,-0.053385,0.016406,,,,-0.008002,,,,True,pending
stock,2026-05-08,600879,航天电子,HOLD,-1,,,,,0,4.99,军工电子/惯导,defense,candidate,★★☆,,,,红柱扩张; 放量1.6x; MA60下行趋势(-0.9%/5日); 偏离MA20+13%,26.67,26.78,,,,0.004124,,,,0.025497,-0.032246,0.016406,,,,-0.012282,,,,False,pending
stock,2026-05-08,600276,恒瑞医药,HOLD,-2,,,,,0,-5.62,创新药,pharma,watch,★☆☆,,,,跌破60线; 绿柱扩张; RSI超卖16; MA60偏弱(-0.6%/5日),52.71,53.52,,,,0.015367,,,,0.116866,-0.011193,0.016406,,,,-0.001039,,,,True,pending
stock,2026-05-08,000858,五粮液,HOLD,-2,,,,,0,-8.68,高端白酒,consumer,candidate,★★☆,,,,跌破60线; 绿柱扩张; RSI超卖7; MA60偏弱(-0.8%/5日),92.09,91.81,,,,-0.003041,,,,0.002172,-0.017266,0.016406,,,,-0.019447,,,,True,pending
stock,2026-05-08,600309,万华化学,HOLD,-2,,,,,0,-5.83,MDI/聚氨酯,chemical,core,★★★,,,,跌破60线; 绿柱扩张; RSI偏低32,83.6,83.51,,,,-0.001077,,,,0.008971,-0.01256,0.016406,,,,-0.017483,,,,True,pending
stock,2026-05-08,603799,华友钴业,HOLD,-2,,,,,0,1.97,钴/三元前驱体,battery_materials,candidate,★★☆,,,,MA60下行趋势(-1.3%/5日),66.01,64.84,,,,-0.017725,,,,0.011968,-0.053174,0.016406,,,,-0.034131,,,,True,pending
stock,2026-05-08,300274,阳光电源,REDUCE,-3,,,,,0,3.78,逆变器,new_energy,core,★★★,,,,跌破60线; 红柱扩张; MA60下行趋势(-0.8%/5日),139.73,143.355,,,,0.025943,,,,0.045695,-0.002541,0.016406,,,,0.009537,,,,False,pending
stock,2026-05-08,601899,紫金矿业,REDUCE,-3,,,,,0,1.12,铜金矿,commodity,watch,★☆☆,,,,跌破60线; 红柱扩张; MA60下行趋势(-1.6%/5日),34.78,34.27,,,,-0.014664,,,,0.015814,-0.02674,0.016406,,,,-0.03107,,,,True,pending
stock,2026-05-08,600031,三一重工,REDUCE,-3,,,,,0,0.93,工程机械,machinery,watch,★★☆,,,,跌破60线; MA60偏弱(-0.7%/5日),20.5,21.84,,,,0.065366,,,,0.096585,0.036585,0.016406,,,,0.04896,,,,False,pending
stock,2026-05-08,601888,中国中免,REDUCE,-3,,,,,0,-6.29,免税零售,consumer,candidate,★★☆,,,,跌破60线; 绿柱扩张; RSI超卖24; MA60下行趋势(-2.9%/5日),62.68,62.69,,,,0.00016,,,,0.006701,-0.023612,0.016406,,,,-0.016247,,,,True,pending
stock,2026-05-08,603993,洛阳钼业,REDUCE,-3,,,,,0,3.37,铜/钴矿,commodity,core,★★★,,,,跌破60线; 红柱扩张; MA60下行趋势(-2.4%/5日),20.18,20.01,,,,-0.008424,,,,0.038652,-0.021804,0.016406,,,,-0.02483,,,,False,pending
stock,2026-05-08,601088,中国神华,REDUCE,-3,,,,,0,-2.86,煤炭/电力,commodity,watch,★★☆,,,,跌破60线; MACD死叉; MA60上行(+1.0%/5日),45.18,45.17,,,,-0.000221,,,,0.004427,-0.009517,0.016406,,,,-0.016628,,,,True,pending
stock,2026-05-08,601012,隆基绿能,REDUCE,-3,,,,,0,-5.08,光伏组件,new_energy,watch,★☆☆,,,,跌破60线; 绿柱扩张; RSI超卖23; MA60下行趋势(-1.0%/5日),16.33,16.61,,,,0.017146,,,,0.035517,0.0,0.016406,,,,0.00074,,,,True,pending
stock,2026-05-08,002028,思源电气,REDUCE,-3,,,,,0,-5.52,特高压/变电设备,power_equip,core,★★★,,,,跌破60线; 绿柱扩张,197.7,196.16,,,,-0.00779,,,,0.017602,-0.025291,0.016406,,,,-0.024196,,,,True,pending
stock,2026-05-08,601318,中国平安,REDUCE,-3,,,,,0,2.35,保险/金融科技,finance,candidate,★★☆,,,,跌破60线; 红柱扩张; MA60下行趋势(-0.8%/5日),60.04,60.1,,,,0.000999,,,,0.008494,-0.013158,0.016406,,,,-0.015407,,,,False,pending
stock,2026-05-08,600426,华鲁恒升,REDUCE,-4,,,,,0,-4.5,煤化工/化肥,chemical,candidate,★★☆,,,,跌破60线; MACD死叉,35.53,34.82,,,,-0.019983,,,,0.024205,-0.024205,0.016406,,,,-0.036389,,,,True,pending
stock,2026-05-08,000568,泸州老窖,REDUCE,-4,,,,,0,-3.91,高端白酒,food_bev,candidate,★★☆,,,,跌破60线; 绿柱扩张; RSI偏低31; MA60下行趋势(-1.2%/5日),97.52,96.91,,,,-0.006255,,,,0.008306,-0.033019,0.016406,,,,-0.022661,,,,True,pending
stock,2026-05-08,688777,中控技术,REDUCE,-4,,,,,0,5.0,工业自动化DCS,industrial_auto,candidate,★★☆,,,,RSI超买80; MA60偏弱(-0.4%/5日); 偏离MA20+14%,81.8,82.0,,,,0.002445,,,,0.033985,-0.040954,0.016406,,,,-0.013961,,,,False,pending
stock,2026-05-08,002865,钧达股份,REDUCE,-4,,,,,0,5.0,TOPCon光伏电池片,new_energy,watch,★☆☆,,,,红柱扩张; RSI超买78; 放量1.6x; MA60下行趋势(-1.8%/5日); 严重偏离MA20+25%,96.53,106.18,,,,0.099969,,,,0.139542,0.02507,0.016406,,,,0.083563,,,,False,pending
stock,2026-05-08,300760,迈瑞医疗,SELL_STOP,-5,,,,,0,4.95,医疗器械,pharma,candidate,★★☆,,,,跌破60线; RSI偏高68; MA60下行趋势(-1.0%/5日),170.52,169.21,,,,-0.007682,,,,0.002228,-0.024982,0.016406,,,,-0.024089,,,,False,pending
stock,2026-05-08,600438,通威股份,SELL_STOP,-6,,,,,0,-1.39,光伏电池/硅料,new_energy,candidate,★★☆,,,,跌破60线; MACD死叉; MA60下行趋势(-1.4%/5日),17.22,17.22,,,,0.0,,,,0.013357,-0.030197,0.016406,,,,-0.016406,,,,True,pending
stock,2026-05-11,601869,长飞光纤,BUY_STRONG,5,,,,,8,5.0,光纤光缆,optics,core,★★★,,,,多头排列; MACD即将金叉🔔; MA60上行(+7.5%/5日),398.91,411.46,,,,0.031461,,,,0.077937,0.017773,-0.000765,,,,0.032226,,,,False,pending
stock,2026-05-11,600498,烽火通信,HOLD,4,,,,,0,4.99,光通信设备,optics,candidate,★★☆,,,,多头排列; 红柱扩张; MA60上行(+2.2%/5日),58.06,59.01,,,,0.016362,,,,0.037375,-0.003445,-0.000765,,,,0.017128,,,,False,pending
stock,2026-05-11,688195,腾景科技,HOLD,4,,,,,0,5.0,精密光学元件,optics,candidate,★★☆,,,,多头排列; MACD即将金叉🔔; MA60上行(+4.8%/5日),372.03,366.01,,,,-0.016181,,,,0.061474,-0.029057,-0.000765,,,,-0.015416,,,,False,pending
stock,2026-05-11,300308,中际旭创,HOLD,3,,,,,0,5.0,光模块,optics,core,★★★,,,,多头排列; MACD即将金叉🔔; RSI偏高73; MA60上行(+3.5%/5日); 偏离MA20+12%,934.82,1017.99,,,,0.088969,,,,0.094221,0.026936,-0.000765,,,,0.089734,,,,False,pending
stock,2026-05-11,300502,新易盛,HOLD,3,,,,,0,2.83,光模块,optics,core,★★★,,,,站20/60线; MA60上行(+2.5%/5日),562.66,592.52,,,,0.053069,,,,0.065919,0.014662,-0.000765,,,,0.053835,,,,False,pending
stock,2026-05-11,300750,宁德时代,HOLD,3,,,,,0,3.05,动力电池,battery,core,★★★,,,,多头排列; 绿柱扩张; MA60上行(+2.4%/5日),447.15,431.25,,,,-0.035559,,,,-0.000671,-0.039942,-0.000765,,,,-0.034793,,,,True,pending
stock,2026-05-11,002475,立讯精密,HOLD,3,,,,,0,5.0,消费电子精密制造,consumer_elec,core,★★★,,,,多头排列; 红柱扩张; RSI偏高75; MA60上行(+2.8%/5日); 偏离MA20+17%,76.17,77.19,,,,0.013391,,,,0.034265,-0.008796,-0.000765,,,,0.014156,,,,False,pending
stock,2026-05-11,601138,工业富联,HOLD,3,,,,,0,4.68,AI服务器/精密制造,consumer_elec,candidate,★★☆,,,,多头排列; MA60上行(+0.8%/5日),65.44,64.4,,,,-0.015892,,,,0.007029,-0.033771,-0.000765,,,,-0.015127,,,,False,pending
stock,2026-05-11,002463,沪电股份,HOLD,3,,,,,0,5.0,高多层PCB,pcb,core,★★★,,,,多头排列; RSI偏高75; MA60上行(+3.7%/5日),108.51,108.68,,,,0.001567,,,,0.018339,-0.030873,-0.000765,,,,0.002332,,,,False,pending
stock,2026-05-11,688120,华海清科,HOLD,3,,,,,0,5.0,CMP研磨设备,semicon,candidate,★★☆,,,,多头排列; 红柱扩张,206.14,235.14,,,,0.140681,,,,0.154555,-0.014602,-0.000765,,,,0.141446,,,,False,pending
stock,2026-05-11,605117,德业股份,HOLD,3,,,,,0,5.0,储能逆变器/户用储能,new_energy,candidate,★★☆,,,,多头排列; 红柱扩张; RSI偏高68; MA60上行(+4.7%/5日),160.46,158.82,,,,-0.010221,,,,0.012713,-0.018198,-0.000765,,,,-0.009455,,,,False,pending
stock,2026-05-11,603929,亚翔集成,HOLD,3,,,,,0,5.0,半导体洁净室工程,semicon,watch,★☆☆,,,,多头排列; 红柱扩张; MA60上行(+2.4%/5日),204.93,194.9,,,,-0.048944,,,,0.014981,-0.092373,-0.000765,,,,-0.048178,,,,True,pending
stock,2026-05-11,301200,大族数控,HOLD,3,,,,,0,5.0,激光/数控切割设备,industrial_auto,watch,★☆☆,,,,站20/60线; MACD即将金叉🔔; 放量1.6x; MA60上行(+1.4%/5日),201.55,210.2,,,,0.042917,,,,0.091541,-0.044406,-0.000765,,,,0.043683,,,,False,pending
stock,2026-05-11,688012,中微公司,HOLD,2,,,,,0,5.0,半导体设备,semicon,core,★★★,,,,多头排列; RSI偏高75; MA60上行(+0.7%/5日); 偏离MA20+13%,382.46,388.45,,,,0.015662,,,,0.037442,-0.021179,-0.000765,,,,0.016427,,,,False,pending
stock,2026-05-11,603986,兆易创新,HOLD,2,,,,,0,5.0,存储芯片,semicon,candidate,★★☆,,,,多头排列; 红柱扩张; RSI偏高77; MA60上行(+1.0%/5日); 偏离MA20+20%,361.81,353.55,,,,-0.02283,,,,0.001078,-0.034853,-0.000765,,,,-0.022064,,,,False,pending
stock,2026-05-11,000333,美的集团,HOLD,2,,,,,0,2.0,家电/工业机器人,consumer,core,★★★,,,,多头排列; RSI偏高70,80.65,80.09,,,,-0.006944,,,,0.006448,-0.011407,-0.000765,,,,-0.006178,,,,False,pending
stock,2026-05-11,688041,海光信息,HOLD,2,,,,,0,5.0,国产CPU/GPU,semicon,core,★★★,,,,多头排列; 红柱扩张; RSI偏高75; MA60上行(+2.3%/5日); 严重偏离MA20+25%,347.5,349.19,,,,0.004863,,,,0.032518,-0.026043,-0.000765,,,,0.005629,,,,False,pending
stock,2026-05-11,688981,中芯国际,HOLD,2,,,,,0,5.0,半导体代工,semicon,core,★★★,,,,多头排列; RSI偏高72,122.37,121.98,,,,-0.003187,,,,0.025088,-0.019367,-0.000765,,,,-0.002422,,,,False,pending
stock,2026-05-11,300476,胜宏科技,HOLD,2,,,,,0,5.0,PCB,pcb,candidate,★★☆,,,,多头排列; 红柱扩张; RSI偏高71; MA60上行(+2.5%/5日); 偏离MA20+17%,377.38,375.43,,,,-0.005167,,,,0.019635,-0.022524,-0.000765,,,,-0.004402,,,,False,pending
stock,2026-05-11,600030,中信证券,HOLD,2,,,,,0,2.89,综合券商,finance,candidate,★★☆,,,,多头排列,27.32,27.22,,,,-0.00366,,,,0.004392,-0.006955,-0.000765,,,,-0.002895,,,,False,pending
stock,2026-05-11,600522,中天科技,HOLD,2,,,,,0,5.0,海缆/光纤/电力电缆,optics,core,★★★,,,,多头排列; 红柱扩张; RSI超买82; 放量1.6x; MA60上行(+5.0%/5日); 严重偏离MA20+32%,43.8,44.08,,,,0.006393,,,,0.054338,-0.012557,-0.000765,,,,0.007158,,,,False,pending
stock,2026-05-11,300666,江丰电子,HOLD,2,,,,,0,5.0,高纯溅射靶材,semicon,candidate,★★☆,,,,多头排列; RSI偏高69; MA60上行(+3.3%/5日),184.2,181.77,,,,-0.013192,,,,-0.004995,-0.034908,-0.000765,,,,-0.012427,,,,False,pending
stock,2026-05-11,300757,罗博特科,HOLD,2,,,,,0,0.96,光伏/新能源自动化装备,industrial_auto,candidate,★★☆,,,,站20/60线; MA60上行(+2.9%/5日),511.18,510.09,,,,-0.002132,,,,0.027035,-0.008177,-0.000765,,,,-0.001367,,,,False,pending
stock,2026-05-11,600487,亨通光电,HOLD,2,,,,,0,5.0,光纤光缆/海底电缆,optics,core,★★★,,,,多头排列; RSI偏高77; MA60上行(+6.8%/5日); 偏离MA20+17%,74.67,75.1,,,,0.005759,,,,0.051292,-0.000134,-0.000765,,,,0.006524,,,,False,pending
stock,2026-05-11,688521,芯原股份,HOLD,2,,,,,0,5.0,半导体IP/芯片设计平台,semicon,candidate,★★☆,,,,站20/60线; MA60上行(+2.0%/5日),266.34,271.99,,,,0.021213,,,,0.054967,-0.019674,-0.000765,,,,0.021979,,,,False,pending
stock,2026-05-11,688331,荣昌生物,HOLD,2,,,,,0,-10.58,ADC创新药,pharma,candidate,★★☆,,,,跌破20线; RSI超卖12; MA60上行(+1.8%/5日),124.27,121.57,,,,-0.021727,,,,0.036292,-0.024061,-0.000765,,,,-0.020962,,,,True,pending
stock,2026-05-11,300394,天孚通信,HOLD,1,,,,,0,-2.78,光通信器件,optics,core,★★☆,,,,跌破20线; MACD即将金叉🔔; MA60上行(+2.5%/5日),330.66,342.45,,,,0.035656,,,,0.056372,0.017087,-0.000765,,,,0.036421,,,,True,pending
stock,2026-05-11,688498,源杰科技,HOLD,1,,,,,0,5.0,光芯片基材,optics,candidate,★★☆,,,,多头排列; RSI偏高71; MA60上行(+6.3%/5日); 偏离MA20+15%,1623.54,1731.0,,,,0.066189,,,,0.088289,0.026153,-0.000765,,,,0.066954,,,,False,pending
stock,2026-05-11,600031,三一重工,HOLD,1,,,,,0,4.99,工程机械,machinery,watch,★★☆,,,,红柱扩张; 放量2.6x; MA60偏弱(-0.5%/5日),21.84,21.36,,,,-0.021978,,,,-0.002289,-0.027015,-0.000765,,,,-0.021213,,,,False,pending
stock,2026-05-11,603259,药明康德,HOLD,1,,,,,0,3.09,CXO,pharma,watch,★☆☆,,,,站20/60线; MA60上行(+1.1%/5日),108.44,110.33,,,,0.017429,,,,0.043526,-0.006455,-0.000765,,,,0.018194,,,,False,pending
stock,2026-05-11,000338,潍柴动力,HOLD,1,,,,,0,5.01,重型发动机/氢燃料,machinery,candidate,★★☆,,,,多头排列; RSI偏高75; MA60上行(+3.2%/5日); 偏离MA20+15%,33.54,32.7,,,,-0.025045,,,,0.006559,-0.042934,-0.000765,,,,-0.024279,,,,False,pending
stock,2026-05-11,603288,海天味业,HOLD,1,,,,,0,-4.57,调味品,food_bev,watch,★☆☆,,,,跌破60线; RSI超卖23; MA60上行(+0.7%/5日),38.1,37.84,,,,-0.006824,,,,0.009186,-0.007349,-0.000765,,,,-0.006059,,,,True,pending
stock,2026-05-11,688048,长光华芯,HOLD,1,,,,,0,5.0,半导体激光芯片,optics,candidate,★★☆,,,,多头排列; 红柱扩张; RSI偏高76; MA60上行(+10.8%/5日); 严重偏离MA20+28%,434.5,431.49,,,,-0.006928,,,,0.058688,-0.010127,-0.000765,,,,-0.006162,,,,False,pending
stock,2026-05-11,601872,招商轮船,HOLD,1,,,,,0,0.38,VLCC油轮/干散货,shipping,candidate,★★☆,,,,站20/60线; 绿柱扩张; MA60上行(+3.8%/5日),18.36,17.79,,,,-0.031046,,,,0.015795,-0.035948,-0.000765,,,,-0.03028,,,,True,pending
stock,2026-05-11,600988,赤峰黄金,HOLD,1,,,,,0,-0.86,黄金矿采选,commodity,candidate,★★☆,,,,跌破20线; MACD金叉; 放量1.5x; MA60偏弱(-0.5%/5日),41.97,40.95,,,,-0.024303,,,,0.030498,-0.029545,-0.000765,,,,-0.023538,,,,True,pending
stock,2026-05-11,688167,炬光科技,HOLD,1,,,,,0,5.0,高功率半导体激光器,optics,watch,★☆☆,,,,多头排列; 红柱扩张; MA60上行(+4.4%/5日); 严重偏离MA20+25%,480.72,475.0,,,,-0.011899,,,,0.021863,-0.052671,-0.000765,,,,-0.011133,,,,True,pending
stock,2026-05-11,600105,永鼎股份,HOLD,1,,,,,0,5.0,光纤光缆/新能源电缆,optics,watch,★☆☆,,,,多头排列; 红柱扩张; RSI偏高73; MA60上行(+5.5%/5日); 偏离MA20+19%,51.38,52.32,,,,0.018295,,,,0.089724,0.004282,-0.000765,,,,0.01906,,,,False,pending
stock,2026-05-11,688409,富创精密,HOLD,1,,,,,0,5.0,半导体精密零部件,semicon,watch,★☆☆,,,,站20/60线; RSI偏高69; MA60上行(+2.1%/5日),120.29,130.51,,,,0.084961,,,,0.105661,-0.010308,-0.000765,,,,0.085727,,,,False,pending
stock,2026-05-11,002384,东山精密,HOLD,0,,,,,0,5.0,PCB/光模块封装,optics,candidate,★★☆,,,,多头排列; 红柱扩张; RSI超买90; MA60上行(+9.5%/5日); 严重偏离MA20+25%,218.51,219.46,,,,0.004348,,,,0.052583,-0.022882,-0.000765,,,,0.005113,,,,False,pending
stock,2026-05-11,000651,格力电器,HOLD,0,,,,,0,5.0,家电,consumer,candidate,★★☆,,,,多头排列; RSI超买81,40.42,40.34,,,,-0.001979,,,,0.010638,-0.004948,-0.000765,,,,-0.001214,,,,False,pending
stock,2026-05-11,600183,生益科技,HOLD,0,,,,,0,4.99,PCB基板/覆铜板,pcb,core,★★★,,,,多头排列; RSI超买81; MA60上行(+1.3%/5日); 偏离MA20+15%,83.5,85.62,,,,0.025389,,,,0.033892,-0.011976,-0.000765,,,,0.026155,,,,False,pending
stock,2026-05-11,002008,大族激光,HOLD,0,,,,,0,5.0,工业激光设备,industrial_auto,candidate,★★☆,,,,多头排列; 红柱扩张; RSI超买90; MA60上行(+7.8%/5日); 严重偏离MA20+39%,134.25,134.66,,,,0.003054,,,,0.04149,-0.044469,-0.000765,,,,0.003819,,,,False,pending
stock,2026-05-11,688548,广钢气体,HOLD,0,,,,,0,3.08,半导体特种气体,semicon,watch,★☆☆,,,,站20/60线; 绿柱扩张; MA60上行(+2.9%/5日); 连跌6日,28.6,28.31,,,,-0.01014,,,,0.013986,-0.025175,-0.000765,,,,-0.009374,,,,False,pending
stock,2026-05-11,600879,航天电子,HOLD,0,,,,,0,5.0,军工电子/惯导,defense,candidate,★★☆,,,,多头排列; 红柱扩张; RSI偏高68; MA60偏弱(-0.4%/5日); 偏离MA20+12%,26.82,26.02,,,,-0.029828,,,,-0.001491,-0.037658,-0.000765,,,,-0.029063,,,,False,pending
stock,2026-05-11,688256,寒武纪,HOLD,-1,,,,,0,5.0,AI推理芯片,semicon,candidate,★☆☆,,,,多头排列; RSI超买80; 放量2.0x; MA60上行(+3.8%/5日); 严重偏离MA20+25%,1201.25,1277.87,,,,0.063784,,,,0.076653,-0.009523,-0.000765,,,,0.064549,,,,False,pending
stock,2026-05-11,600276,恒瑞医药,HOLD,-1,,,,,0,-3.91,创新药,pharma,watch,★☆☆,,,,跌破60线; RSI超卖23; MA60偏弱(-0.6%/5日),53.39,56.11,,,,0.050946,,,,0.102641,-0.011987,-0.000765,,,,0.051711,,,,True,pending
stock,2026-05-11,600887,伊利股份,HOLD,-1,,,,,0,4.99,乳制品/食品,consumer,candidate,★★☆,,,,红柱扩张; RSI超买85,28.04,28.01,,,,-0.00107,,,,0.012839,-0.00535,-0.000765,,,,-0.000305,,,,False,pending
stock,2026-05-11,002594,比亚迪,HOLD,-1,,,,,0,-1.78,电动车/刀片电池,new_energy,core,★★★,,,,跌破20线; 绿柱扩张; MA60上行(+0.8%/5日),100.23,99.23,,,,-0.009977,,,,-0.001297,-0.011274,-0.000765,,,,-0.009212,,,,True,pending
stock,2026-05-11,603256,宏和科技,HOLD,-1,,,,,0,5.0,高端电子玻纤布,pcb,watch,★☆☆,,,,多头排列; 红柱扩张; RSI超买91; MA60上行(+9.6%/5日); 严重偏离MA20+35%,148.96,148.31,,,,-0.004364,,,,0.013695,-0.036318,-0.000765,,,,-0.003598,,,,False,pending
stock,2026-05-11,600893,航发动力,HOLD,-1,,,,,0,2.44,航空发动机,defense,candidate,★★☆,,,,跌破60线; 红柱扩张,50.39,48.7,,,,-0.033538,,,,0.003175,-0.053781,-0.000765,,,,-0.032773,,,,True,pending
stock,2026-05-11,300274,阳光电源,HOLD,-2,,,,,0,5.0,逆变器,new_energy,core,★★★,,,,跌破60线; 红柱扩张; MA60偏弱(-0.6%/5日),144.04,139.85,,,,-0.029089,,,,0.002777,-0.030825,-0.000765,,,,-0.028324,,,,False,pending
stock,2026-05-11,600519,贵州茅台,HOLD,-2,,,,,0,-3.97,高端白酒,consumer,core,★★★,,,,跌破60线; 绿柱扩张; RSI偏低27,1362.32,1354.55,,,,-0.005704,,,,0.000925,-0.008676,-0.000765,,,,-0.004938,,,,True,pending
stock,2026-05-11,000858,五粮液,HOLD,-2,,,,,0,-8.38,高端白酒,consumer,candidate,★★☆,,,,跌破60线; RSI超卖7; MA60下行趋势(-0.9%/5日),91.77,90.56,,,,-0.013185,,,,0.001743,-0.013839,-0.000765,,,,-0.01242,,,,True,pending
stock,2026-05-11,600309,万华化学,HOLD,-2,,,,,0,-5.89,MDI/聚氨酯,chemical,core,★★★,,,,跌破60线; 绿柱扩张; RSI偏低26,83.4,83.29,,,,-0.001319,,,,0.009113,-0.010192,-0.000765,,,,-0.000554,,,,True,pending
stock,2026-05-11,601088,中国神华,HOLD,-2,,,,,0,-2.77,煤炭/电力,commodity,watch,★★☆,,,,跌破60线; 绿柱扩张; MA60上行(+1.0%/5日),45.14,45.2,,,,0.001329,,,,0.005317,-0.004431,-0.000765,,,,0.002095,,,,True,pending
stock,2026-05-11,601012,隆基绿能,HOLD,-2,,,,,0,-3.26,光伏组件,new_energy,watch,★☆☆,,,,跌破60线; MACD即将金叉🔔; RSI偏低26; MA60下行趋势(-0.9%/5日),16.58,16.7,,,,0.007238,,,,0.019903,-0.012063,-0.000765,,,,0.008003,,,,True,pending
stock,2026-05-11,002714,牧原股份,HOLD,-2,,,,,0,-0.25,生猪养殖,agriculture,candidate,★★☆,,,,跌破60线; 红柱扩张; 连跌3日且MA60偏弱,44.31,42.93,,,,-0.031144,,,,0.0,-0.033852,-0.000765,,,,-0.030379,,,,True,pending
stock,2026-05-11,601888,中国中免,REDUCE,-3,,,,,0,-5.88,免税零售,consumer,candidate,★★☆,,,,跌破60线; 绿柱扩张; RSI超卖23; MA60下行趋势(-2.9%/5日),62.57,61.55,,,,-0.016302,,,,0.001758,-0.021895,-0.000765,,,,-0.015536,,,,True,pending
stock,2026-05-11,600426,华鲁恒升,REDUCE,-3,,,,,0,-6.36,煤化工/化肥,chemical,candidate,★★☆,,,,跌破60线; 绿柱扩张,34.73,34.99,,,,0.007486,,,,0.021595,-0.001728,-0.000765,,,,0.008252,,,,True,pending
stock,2026-05-11,603993,洛阳钼业,REDUCE,-3,,,,,0,2.05,铜/钴矿,commodity,core,★★★,,,,跌破60线; 红柱扩张; MA60下行趋势(-2.1%/5日),19.96,20.58,,,,0.031062,,,,0.0501,0.018036,-0.000765,,,,0.031827,,,,False,pending
stock,2026-05-11,002028,思源电气,REDUCE,-3,,,,,0,-6.32,特高压/变电设备,power_equip,core,★★★,,,,跌破60线; 绿柱扩张,195.71,198.35,,,,0.013489,,,,0.02795,-0.01538,-0.000765,,,,0.014255,,,,True,pending
stock,2026-05-11,601899,紫金矿业,REDUCE,-4,,,,,0,-0.47,铜金矿,commodity,watch,★☆☆,,,,跌破60线; MA60下行趋势(-1.5%/5日),34.21,34.58,,,,0.010816,,,,0.032739,0.008477,-0.000765,,,,0.011581,,,,False,pending
stock,2026-05-11,603799,华友钴业,REDUCE,-4,,,,,0,-0.62,钴/三元前驱体,battery_materials,candidate,★★☆,,,,跌破60线; MA60下行趋势(-1.1%/5日),64.48,62.87,,,,-0.024969,,,,0.017835,-0.030707,-0.000765,,,,-0.024204,,,,True,pending
stock,2026-05-11,601318,中国平安,REDUCE,-4,,,,,0,2.36,保险/金融科技,finance,candidate,★★☆,,,,跌破60线; MA60下行趋势(-0.9%/5日),60.08,59.4,,,,-0.011318,,,,0.006991,-0.013815,-0.000765,,,,-0.010553,,,,False,pending
stock,2026-05-11,300760,迈瑞医疗,REDUCE,-4,,,,,0,3.76,医疗器械,pharma,candidate,★★☆,,,,跌破60线; MA60下行趋势(-0.9%/5日),168.71,166.39,,,,-0.013751,,,,0.006698,-0.014522,-0.000765,,,,-0.012986,,,,False,pending
stock,2026-05-11,000568,泸州老窖,REDUCE,-4,,,,,0,-4.18,高端白酒,food_bev,candidate,★★☆,,,,跌破60线; 绿柱扩张; RSI偏低30; MA60下行趋势(-1.5%/5日),96.87,94.78,,,,-0.021575,,,,0.00031,-0.02653,-0.000765,,,,-0.02081,,,,True,pending
stock,2026-05-11,688777,中控技术,REDUCE,-4,,,,,0,5.0,工业自动化DCS,industrial_auto,candidate,★★☆,,,,RSI超买79; MA60偏弱(-0.3%/5日); 偏离MA20+14%,82.2,78.77,,,,-0.041727,,,,-0.004988,-0.04562,-0.000765,,,,-0.040962,,,,False,pending
stock,2026-05-11,600438,通威股份,SELL_STOP,-5,,,,,0,-1.74,光伏电池/硅料,new_energy,candidate,★★☆,,,,跌破60线; 绿柱扩张; MA60下行趋势(-1.3%/5日),17.2,16.99,,,,-0.012209,,,,0.011628,-0.02907,-0.000765,,,,-0.011444,,,,True,pending
stock,2026-05-11,002865,钧达股份,REDUCE,-5,,,,,0,5.0,TOPCon光伏电池片,new_energy,watch,★☆☆,,,,红柱扩张; RSI超买81; MA60下行趋势(-1.1%/5日); 严重偏离MA20+34%; MA60跌破0日未满4日确认，降级为减仓,106.18,103.92,,,,-0.021285,,,,0.035977,-0.068092,-0.000765,,,,-0.020519,,,,True,pending
stock,2026-05-12,300502,新易盛,BUY_STRONG,5,,,,,8,5.0,光模块,optics,core,★★★,,,,多头排列; MACD即将金叉🔔; MA60上行(+2.7%/5日),594.83,,,,,,,,,,,,,,,,,,,,pending
stock,2026-05-12,601869,长飞光纤,BUY_STRONG,5,,,,,8,5.0,光纤光缆,optics,core,★★★,,,,多头排列; MACD即将金叉🔔; MA60上行(+7.5%/5日),410.9,,,,,,,,,,,,,,,,,,,,pending
stock,2026-05-12,301200,大族数控,BUY_STRONG,5,,,,,0,5.0,激光/数控切割设备,industrial_auto,watch,★☆☆,,,,多头排列; MACD金叉; 放量1.9x; MA60上行(+1.8%/5日),210.2,,,,,,,,,,,,,,,,,,,,pending
stock,2026-05-12,300308,中际旭创,HOLD,4,,,,,0,5.0,光模块,optics,core,★★★,,,,多头排列; MACD金叉; RSI偏高76; MA60上行(+3.9%/5日); 偏离MA20+19%,1015.04,,,,,,,,,,,,,,,,,,,,pending
stock,2026-05-12,300394,天孚通信,HOLD,3,,,,,0,0.77,光通信器件,optics,core,★★☆,,,,站20/60线; MACD即将金叉🔔; MA60上行(+2.3%/5日),342.31,,,,,,,,,,,,,,,,,,,,pending
stock,2026-05-12,002475,立讯精密,HOLD,3,,,,,0,5.01,消费电子精密制造,consumer_elec,core,★★★,,,,多头排列; 红柱扩张; RSI偏高78; MA60上行(+3.1%/5日); 偏离MA20+16%,77.11,,,,,,,,,,,,,,,,,,,,pending
stock,2026-05-12,002463,沪电股份,HOLD,3,,,,,0,5.0,高多层PCB,pcb,core,★★★,,,,多头排列; RSI偏高71; MA60上行(+3.9%/5日),108.13,,,,,,,,,,,,,,,,,,,,pending
stock,2026-05-12,300476,胜宏科技,HOLD,3,,,,,0,5.0,PCB,pcb,candidate,★★☆,,,,多头排列; 红柱扩张; MA60上行(+2.8%/5日); 偏离MA20+15%,375.55,,,,,,,,,,,,,,,,,,,,pending
stock,2026-05-12,600498,烽火通信,HOLD,3,,,,,0,4.99,光通信设备,optics,candidate,★★☆,,,,多头排列; 红柱扩张; MA60上行(+2.5%/5日); 偏离MA20+13%,59.08,,,,,,,,,,,,,,,,,,,,pending
stock,2026-05-12,688195,腾景科技,HOLD,3,,,,,0,4.88,精密光学元件,optics,candidate,★★☆,,,,多头排列; MA60上行(+4.8%/5日),368.11,,,,,,,,,,,,,,,,,,,,pending
stock,2026-05-12,688521,芯原股份,HOLD,3,,,,,0,5.0,半导体IP/芯片设计平台,semicon,candidate,★★☆,,,,多头排列; MA60上行(+1.9%/5日),272.33,,,,,,,,,,,,,,,,,,,,pending
stock,2026-05-12,605117,德业股份,HOLD,3,,,,,0,5.0,储能逆变器/户用储能,new_energy,candidate,★★☆,,,,多头排列; MA60上行(+4.8%/5日),158.72,,,,,,,,,,,,,,,,,,,,pending
stock,2026-05-12,688498,源杰科技,HOLD,2,,,,,0,5.0,光芯片基材,optics,candidate,★★☆,,,,多头排列; 红柱扩张; RSI偏高70; MA60上行(+6.5%/5日); 偏离MA20+20%,1731.85,,,,,,,,,,,,,,,,,,,,pending
stock,2026-05-12,601138,工业富联,HOLD,2,,,,,0,2.33,AI服务器/精密制造,consumer_elec,candidate,★★☆,,,,多头排列; 绿柱扩张; MA60上行(+1.0%/5日),64.37,,,,,,,,,,,,,,,,,,,,pending
stock,2026-05-12,600183,生益科技,HOLD,2,,,,,0,5.0,PCB基板/覆铜板,pcb,core,★★★,,,,多头排列; 红柱扩张; RSI超买81; MA60上行(+1.8%/5日); 偏离MA20+16%,85.76,,,,,,,,,,,,,,,,,,,,pending
stock,2026-05-12,600030,中信证券,HOLD,2,,,,,0,2.13,综合券商,finance,candidate,★★☆,,,,多头排列,27.26,,,,,,,,,,,,,,,,,,,,pending
stock,2026-05-12,600522,中天科技,HOLD,2,,,,,0,5.0,海缆/光纤/电力电缆,optics,core,★★★,,,,多头排列; 红柱扩张; RSI超买82; 放量1.6x; MA60上行(+5.5%/5日); 严重偏离MA20+30%,43.78,,,,,,,,,,,,,,,,,,,,pending
stock,2026-05-12,688120,华海清科,HOLD,2,,,,,0,5.0,CMP研磨设备,semicon,candidate,★★☆,,,,多头排列; 红柱扩张; RSI偏高78; 放量2.2x; MA60上行(+0.9%/5日); 严重偏离MA20+22%,235.42,,,,,,,,,,,,,,,,,,,,pending
stock,2026-05-12,300666,江丰电子,HOLD,2,,,,,0,5.0,高纯溅射靶材,semicon,candidate,★★☆,,,,站20/60线; MA60上行(+3.4%/5日),180.58,,,,,,,,,,,,,,,,,,,,pending
stock,2026-05-12,300757,罗博特科,HOLD,2,,,,,0,0.8,光伏/新能源自动化装备,industrial_auto,candidate,★★☆,,,,站20/60线; MA60上行(+2.7%/5日),511.61,,,,,,,,,,,,,,,,,,,,pending
stock,2026-05-12,600487,亨通光电,HOLD,2,,,,,0,5.0,光纤光缆/海底电缆,optics,core,★★★,,,,多头排列; RSI偏高76; MA60上行(+6.9%/5日); 偏离MA20+16%,75.04,,,,,,,,,,,,,,,,,,,,pending
stock,2026-05-12,688331,荣昌生物,HOLD,2,,,,,0,-11.9,ADC创新药,pharma,candidate,★★☆,,,,跌破20线; RSI超卖13; MA60上行(+1.7%/5日),122.13,,,,,,,,,,,,,,,,,,,,pending
stock,2026-05-12,688409,富创精密,HOLD,2,,,,,0,5.0,半导体精密零部件,semicon,watch,★☆☆,,,,多头排列; 红柱扩张; RSI偏高75; 放量1.6x; MA60上行(+2.2%/5日); 偏离MA20+18%,130.17,,,,,,,,,,,,,,,,,,,,pending
stock,2026-05-12,600879,航天电子,HOLD,2,,,,,0,4.98,军工电子/惯导,defense,candidate,★★☆,,,,多头排列,26.08,,,,,,,,,,,,,,,,,,,,pending
stock,2026-05-12,603986,兆易创新,HOLD,1,,,,,0,5.0,存储芯片,semicon,candidate,★★☆,,,,多头排列; RSI偏高72; MA60上行(+1.3%/5日); 偏离MA20+15%,354.4,,,,,,,,,,,,,,,,,,,,pending
stock,2026-05-12,603259,药明康德,HOLD,1,,,,,0,4.36,CXO,pharma,watch,★☆☆,,,,多头排列; RSI偏高70; MA60上行(+1.2%/5日),110.1,,,,,,,,,,,,,,,,,,,,pending
stock,2026-05-12,688041,海光信息,HOLD,1,,,,,0,5.0,国产CPU/GPU,semicon,core,★★★,,,,多头排列; RSI偏高74; MA60上行(+2.8%/5日); 严重偏离MA20+23%,349.36,,,,,,,,,,,,,,,,,,,,pending
stock,2026-05-12,000338,潍柴动力,HOLD,1,,,,,0,4.99,重型发动机/氢燃料,machinery,candidate,★★☆,,,,站20/60线; RSI偏高76; MA60上行(+3.3%/5日),32.67,,,,,,,,,,,,,,,,,,,,pending
stock,2026-05-12,688548,广钢气体,HOLD,1,,,,,0,1.76,半导体特种气体,semicon,watch,★☆☆,,,,站20/60线; 绿柱扩张; MA60上行(+2.8%/5日),28.43,,,,,,,,,,,,,,,,,,,,pending
stock,2026-05-12,688167,炬光科技,HOLD,1,,,,,0,5.0,高功率半导体激光器,optics,watch,★☆☆,,,,多头排列; 红柱扩张; MA60上行(+4.5%/5日); 严重偏离MA20+21%,471.0,,,,,,,,,,,,,,,,,,,,pending
stock,2026-05-12,600105,永鼎股份,HOLD,1,,,,,0,5.0,光纤光缆/新能源电缆,optics,watch,★☆☆,,,,多头排列; 红柱扩张; RSI偏高72; MA60上行(+5.9%/5日); 偏离MA20+19%,52.42,,,,,,,,,,,,,,,,,,,,pending
stock,2026-05-12,688012,中微公司,HOLD,0,,,,,0,5.0,半导体设备,semicon,core,★★★,,,,多头排列; RSI超买79; MA60上行(+0.9%/5日); 偏离MA20+14%,389.69,,,,,,,,,,,,,,,,,,,,pending
stock,2026-05-12,688256,寒武纪,HOLD,0,,,,,0,5.0,AI推理芯片,semicon,candidate,★☆☆,,,,多头排列; 红柱扩张; RSI超买82; 放量1.7x; MA60上行(+4.3%/5日); 严重偏离MA20+31%,1282.99,,,,,,,,,,,,,,,,,,,,pending
stock,2026-05-12,600276,恒瑞医药,HOLD,0,,,,,0,0.82,创新药,pharma,watch,★☆☆,,,,MACD即将金叉🔔; 放量3.1x; MA60偏弱(-0.5%/5日),55.89,,,,,,,,,,,,,,,,,,,,pending
stock,2026-05-12,000651,格力电器,HOLD,0,,,,,0,5.01,家电,consumer,candidate,★★☆,,,,多头排列; RSI超买84,40.32,,,,,,,,,,,,,,,,,,,,pending
stock,2026-05-12,688981,中芯国际,HOLD,0,,,,,0,5.0,半导体代工,semicon,core,★★★,,,,站20/60线; RSI偏高70,121.79,,,,,,,,,,,,,,,,,,,,pending
stock,2026-05-12,603993,洛阳钼业,HOLD,0,,,,,0,4.71,铜/钴矿,commodity,core,★★★,,,,红柱扩张; MA60下行趋势(-1.9%/5日),20.59,,,,,,,,,,,,,,,,,,,,pending
stock,2026-05-12,603288,海天味业,HOLD,0,,,,,0,-4.75,调味品,food_bev,watch,★☆☆,,,,跌破60线; RSI偏低26; MA60上行(+0.7%/5日),37.88,,,,,,,,,,,,,,,,,,,,pending
stock,2026-05-12,688048,长光华芯,HOLD,0,,,,,0,5.0,半导体激光芯片,optics,candidate,★★☆,,,,多头排列; RSI偏高72; MA60上行(+11.2%/5日); 严重偏离MA20+24%,433.03,,,,,,,,,,,,,,,,,,,,pending
stock,2026-05-12,002008,大族激光,HOLD,0,,,,,0,5.0,工业激光设备,industrial_auto,candidate,★★☆,,,,多头排列; 红柱扩张; RSI超买90; MA60上行(+8.6%/5日); 严重偏离MA20+36%,135.02,,,,,,,,,,,,,,,,,,,,pending
stock,2026-05-12,603929,亚翔集成,HOLD,0,,,,,0,0.3,半导体洁净室工程,semicon,watch,★☆☆,,,,站20/60线; MACD死叉; MA60上行(+2.4%/5日),194.85,,,,,,,,,,,,,,,,,,,,pending
stock,2026-05-12,002384,东山精密,HOLD,-1,,,,,0,5.0,PCB/光模块封装,optics,candidate,★★☆,,,,多头排列; RSI超买88; MA60上行(+9.8%/5日); 严重偏离MA20+23%,220.68,,,,,,,,,,,,,,,,,,,,pending
stock,2026-05-12,600031,三一重工,HOLD,-1,,,,,0,4.32,工程机械,machinery,watch,★★☆,,,,MA60偏弱(-0.4%/5日),21.32,,,,,,,,,,,,,,,,,,,,pending
stock,2026-05-12,300750,宁德时代,HOLD,-1,,,,,0,-0.81,动力电池,battery,core,★★★,,,,跌破20线; 绿柱扩张; MA60上行(+2.3%/5日),432.43,,,,,,,,,,,,,,,,,,,,pending
stock,2026-05-12,000333,美的集团,HOLD,-1,,,,,0,0.73,家电/工业机器人,consumer,core,★★★,,,,站20/60线; MACD死叉,79.79,,,,,,,,,,,,,,,,,,,,pending
stock,2026-05-12,002594,比亚迪,HOLD,-1,,,,,0,-2.84,电动车/刀片电池,new_energy,core,★★★,,,,跌破20线; 绿柱扩张; MA60上行(+0.8%/5日),99.21,,,,,,,,,,,,,,,,,,,,pending
stock,2026-05-12,601872,招商轮船,HOLD,-1,,,,,0,-2.3,VLCC油轮/干散货,shipping,candidate,★★☆,,,,跌破20线; 绿柱扩张; MA60上行(+3.8%/5日),17.79,,,,,,,,,,,,,,,,,,,,pending
stock,2026-05-12,603256,宏和科技,HOLD,-1,,,,,0,5.0,高端电子玻纤布,pcb,watch,★☆☆,,,,多头排列; RSI超买89; MA60上行(+9.9%/5日); 严重偏离MA20+30%,149.01,,,,,,,,,,,,,,,,,,,,pending
stock,2026-05-12,600519,贵州茅台,HOLD,-2,,,,,0,-4.19,高端白酒,consumer,core,★★★,,,,跌破60线; 绿柱扩张; RSI偏低34,1354.35,,,,,,,,,,,,,,,,,,,,pending
stock,2026-05-12,600887,伊利股份,HOLD,-2,,,,,0,5.0,乳制品/食品,consumer,candidate,★★☆,,,,RSI超买88,27.98,,,,,,,,,,,,,,,,,,,,pending
stock,2026-05-12,600309,万华化学,HOLD,-2,,,,,0,-5.88,MDI/聚氨酯,chemical,core,★★★,,,,跌破60线; 绿柱扩张; RSI偏低31,83.21,,,,,,,,,,,,,,,,,,,,pending
stock,2026-05-12,601088,中国神华,HOLD,-2,,,,,0,-2.52,煤炭/电力,commodity,watch,★★☆,,,,跌破60线; 绿柱扩张; MA60上行(+0.9%/5日),45.17,,,,,,,,,,,,,,,,,,,,pending
stock,2026-05-12,601012,隆基绿能,HOLD,-2,,,,,0,-2.52,光伏组件,new_energy,watch,★☆☆,,,,跌破60线; MACD即将金叉🔔; RSI偏低31; MA60下行趋势(-0.8%/5日),16.69,,,,,,,,,,,,,,,,,,,,pending
stock,2026-05-12,002028,思源电气,HOLD,-2,,,,,0,-4.78,特高压/变电设备,power_equip,core,★★★,,,,跌破60线,198.41,,,,,,,,,,,,,,,,,,,,pending
stock,2026-05-12,688777,中控技术,HOLD,-2,,,,,0,5.0,工业自动化DCS,industrial_auto,candidate,★★☆,,,,RSI偏高69; MA60偏弱(-0.5%/5日),78.82,,,,,,,,,,,,,,,,,,,,pending
stock,2026-05-12,600893,航发动力,HOLD,-2,,,,,0,-0.57,航空发动机,defense,candidate,★★☆,,,,跌破60线,48.86,,,,,,,,,,,,,,,,,,,,pending
stock,2026-05-12,300274,阳光电源,REDUCE,-3,,,,,0,3.24,逆变器,new_energy,core,★★★,,,,跌破60线; MA60偏弱(-0.5%/5日),140.01,,,,,,,,,,,,,,,,,,,,pending
stock,2026-05-12,601899,紫金矿业,REDUCE,-3,,,,,0,0.49,铜金矿,commodity,watch,★☆☆,,,,跌破60线; 红柱扩张; MA60下行趋势(-1.3%/5日),34.58,,,,,,,,,,,,,,,,,,,,pending
stock,2026-05-12,000858,五粮液,REDUCE,-3,,,,,0,-9.17,高端白酒,consumer,candidate,★★☆,,,,跌破60线; 绿柱扩张; RSI超卖7; MA60下行趋势(-1.2%/5日),90.56,,,,,,,,,,,,,,,,,,,,pending
stock,2026-05-12,601888,中国中免,REDUCE,-3,,,,,0,-7.1,免税零售,consumer,candidate,★★☆,,,,跌破60线; 绿柱扩张; RSI超卖25; MA60下行趋势(-3.0%/5日),61.57,,,,,,,,,,,,,,,,,,,,pending
stock,2026-05-12,600426,华鲁恒升,REDUCE,-3,,,,,0,-5.12,煤化工/化肥,chemical,candidate,★★☆,,,,跌破60线; 绿柱扩张,34.97,,,,,,,,,,,,,,,,,,,,pending
stock,2026-05-12,002865,钧达股份,REDUCE,-3,,,,,0,5.0,TOPCon光伏电池片,new_energy,watch,★☆☆,,,,红柱扩张; RSI超买79; 放量1.5x; MA60偏弱(-0.8%/5日); 严重偏离MA20+29%,103.57,,,,,,,,,,,,,,,,,,,,pending
stock,2026-05-12,601318,中国平安,REDUCE,-4,,,,,0,1.23,保险/金融科技,finance,candidate,★★☆,,,,跌破60线; MA60下行趋势(-0.9%/5日),59.43,,,,,,,,,,,,,,,,,,,,pending
stock,2026-05-12,300760,迈瑞医疗,REDUCE,-4,,,,,0,2.14,医疗器械,pharma,candidate,★★☆,,,,跌破60线; MA60下行趋势(-0.9%/5日),166.46,,,,,,,,,,,,,,,,,,,,pending
stock,2026-05-12,000568,泸州老窖,REDUCE,-4,,,,,0,-6.02,高端白酒,food_bev,candidate,★★☆,,,,跌破60线; 绿柱扩张; RSI偏低30; MA60下行趋势(-1.7%/5日),94.81,,,,,,,,,,,,,,,,,,,,pending
stock,2026-05-12,600438,通威股份,SELL_STOP,-5,,,,,0,-3.11,光伏电池/硅料,new_energy,candidate,★★☆,,,,跌破60线; 绿柱扩张; MA60下行趋势(-1.1%/5日),17.02,,,,,,,,,,,,,,,,,,,,pending
stock,2026-05-12,002714,牧原股份,SELL_STOP,-5,,,,,0,-3.35,生猪养殖,agriculture,candidate,★★☆,,,,跌破60线; MACD死叉; MA60偏弱(-0.3%/5日),42.93,,,,,,,,,,,,,,,,,,,,pending
stock,2026-05-12,600988,赤峰黄金,REDUCE,-5,,,,,0,-3.01,黄金矿采选,commodity,candidate,★★☆,,,,跌破60线; MACD死叉; MA60偏弱(-0.5%/5日); MA60跌破1日未满4日确认，降级为减仓,40.86,,,,,,,,,,,,,,,,,,,,pending
stock,2026-05-12,603799,华友钴业,REDUCE,-6,,,,,0,-3.43,钴/三元前驱体,battery_materials,candidate,★★☆,,,,跌破60线; MACD死叉; MA60下行趋势(-1.0%/5日); MA60跌破2日未满4日确认，降级为减仓,62.9,,,,,,,,,,,,,,,,,,,,pending
