source,signal_date,code,name,signal,score,tier,stars,regime,sentiment_level,position_pct,stop_loss_pct,theme,cluster,pool,signal_3d,market_panic,triggers,cautions,note,close_t,close_t1,close_t3,close_t5,close_t10,ret_1d,ret_3d,ret_5d,ret_10d,max_gain_10d,max_drawdown_10d,ret_csi300_1d,ret_csi300_3d,ret_csi300_5d,ret_csi300_10d,excess_1d,excess_3d,excess_5d,excess_10d,hit_stop_10d,review_status
stock,2026-05-06,000568,泸州老窖,SELL_STOP,-5,,,,,0,-3.62,高端白酒,food_bev,candidate,★★☆,,,,跌破60线; MACD死叉; RSI偏低35; MA60下行趋势(-0.8%/5日),98.33,99.05,96.91,92.7,,0.007322,-0.014441,-0.057256,,0.020543,-0.062138,0.004802,0.015327,0.024861,,0.00252,-0.029768,-0.082117,,True,pending
stock,2026-05-06,600031,三一重工,REDUCE,-2,,,,,0,3.35,工程机械,machinery,watch,★★☆,,,,跌破60线; 红柱扩张; 放量2.0x; MA60下行趋势(-1.0%/5日),20.91,20.98,21.84,21.39,,0.003348,0.044476,0.022956,,0.075084,-0.028694,0.004802,0.015327,0.024861,,-0.001454,0.02915,-0.001906,,False,pending
stock,2026-05-06,000858,五粮液,REDUCE,-2,,,,,0,-9.67,高端白酒,consumer,candidate,★★☆,,,,跌破60线; 绿柱扩张; RSI超卖13; MA60偏弱(-0.3%/5日),92.26,92.6,91.81,89.15,,0.003685,-0.004878,-0.033709,,0.017234,-0.048558,0.004802,0.015327,0.024861,,-0.001117,-0.020204,-0.05857,,True,pending
stock,2026-05-06,601888,中国中免,REDUCE,-2,,,,,0,-6.58,免税零售,consumer,candidate,★★☆,,,,跌破60线; RSI超卖24; MA60下行趋势(-2.9%/5日),63.03,63.05,62.69,61.38,,0.000317,-0.005394,-0.026178,,0.01063,-0.047279,0.004802,0.015327,0.024861,,-0.004485,-0.020721,-0.051039,,True,pending
stock,2026-05-06,603993,洛阳钼业,REDUCE,-2,,,,,0,1.13,铜/钴矿,commodity,core,★★★,,,,跌破60线; MACD金叉; MA60下行趋势(-2.1%/5日),19.48,19.86,20.01,20.99,,0.019507,0.027207,0.077515,,0.101129,-0.00308,0.004802,0.015327,0.024861,,0.014705,0.011881,0.052654,,False,pending
stock,2026-05-06,002028,思源电气,REDUCE,-2,,,,,0,-1.4,特高压/变电设备,power_equip,core,★★★,,,,跌破60线,206.0,206.68,196.16,207.2,,0.003301,-0.047767,0.005825,,0.025049,-0.064563,0.004802,0.015327,0.024861,,-0.001501,-0.063094,-0.019036,,True,pending
stock,2026-05-06,002714,牧原股份,REDUCE,-2,,,,,0,0.63,生猪养殖,agriculture,candidate,★★☆,,,,跌破60线; 红柱扩张; MA60偏弱(-0.3%/5日),44.64,44.07,44.32,42.38,,-0.012769,-0.007168,-0.050627,,0.010305,-0.052419,0.004802,0.015327,0.024861,,-0.017571,-0.022495,-0.075488,,True,pending
stock,2026-05-06,601318,中国平安,REDUCE,-2,,,,,0,1.75,保险/金融科技,finance,candidate,★★☆,,,,跌破60线; 红柱扩张; MA60偏弱(-0.8%/5日),59.36,60.04,60.1,58.04,,0.011456,0.012466,-0.022237,,0.029481,-0.042284,0.004802,0.015327,0.024861,,0.006653,-0.00286,-0.047098,,True,pending
stock,2026-05-06,600498,烽火通信,REDUCE,-2,,,,,0,-5.39,光通信设备,optics,candidate,★★☆,,,,跌破60线; 绿柱扩张; MA60上行(+1.8%/5日),48.59,51.82,58.61,60.82,,0.066475,0.206215,0.251698,,0.296357,-0.010496,0.004802,0.015327,0.024861,,0.061673,0.190889,0.226837,,True,pending
stock,2026-05-06,600879,航天电子,REDUCE,-2,,,,,0,5.01,军工电子/惯导,defense,candidate,★★☆,,,,红柱扩张; RSI偏高68; MA60下行趋势(-1.8%/5日),25.17,25.31,26.78,25.93,,0.005562,0.063965,0.030195,,0.086611,-0.044497,0.004802,0.015327,0.024861,,0.00076,0.048638,0.005334,,False,pending
stock,2026-05-06,600893,航发动力,REDUCE,-2,,,,,0,-4.65,航空发动机,defense,candidate,★★☆,,,,跌破60线; RSI偏低30; MA60偏弱(-0.3%/5日),46.84,48.33,50.5,51.38,,0.03181,0.078138,0.096926,,0.131512,-0.00427,0.004802,0.015327,0.024861,,0.027008,0.062812,0.072065,,True,pending
stock,2026-05-06,300274,阳光电源,REDUCE,-3,,,,,0,5.0,逆变器,new_energy,core,★★★,,,,跌破60线; 红柱扩张; MA60下行趋势(-1.3%/5日),140.53,138.815,143.355,142.65,,-0.012204,0.020102,0.015086,,0.039742,-0.044973,0.004802,0.015327,0.024861,,-0.017006,0.004776,-0.009775,,False,pending
stock,2026-05-06,601899,紫金矿业,REDUCE,-3,,,,,0,0.06,铜金矿,commodity,watch,★☆☆,,,,跌破60线; 放量1.5x; MA60下行趋势(-1.4%/5日),34.21,34.46,34.27,34.66,,0.007308,0.001754,0.013154,,0.032739,-0.020754,0.004802,0.015327,0.024861,,0.002506,-0.013573,-0.011707,,True,pending
stock,2026-05-06,600519,贵州茅台,REDUCE,-3,,,,,0,-3.95,高端白酒,consumer,core,★★★,,,,跌破60线; 绿柱扩张,1375.0,1371.05,1361.33,1344.09,,-0.002873,-0.009942,-0.02248,,0.009455,-0.02896,0.004802,0.015327,0.024861,,-0.007675,-0.025269,-0.047341,,True,pending
stock,2026-05-06,002865,钧达股份,REDUCE,-3,,,,,0,5.0,TOPCon光伏电池片,new_energy,watch,★☆☆,,,,跌破60线; 红柱扩张; MA60下行趋势(-2.2%/5日),81.87,87.75,106.18,101.5,,0.071821,0.296934,0.23977,,0.351289,0.011604,0.004802,0.015327,0.024861,,0.067019,0.281607,0.214909,,False,pending
stock,2026-05-06,600276,恒瑞医药,REDUCE,-4,,,,,0,-4.38,创新药,pharma,watch,★☆☆,,,,跌破60线; 绿柱扩张; MA60偏弱(-0.5%/5日),53.63,53.68,53.52,55.86,,0.000932,-0.002051,0.041581,,0.097707,-0.028156,0.004802,0.015327,0.024861,,-0.00387,-0.017378,0.01672,,True,pending
stock,2026-05-06,600438,通威股份,REDUCE,-4,,,,,0,0.4,光伏电池/硅料,new_energy,candidate,★★☆,,,,跌破60线; MA60下行趋势(-1.6%/5日),17.36,17.49,17.22,17.21,,0.007488,-0.008065,-0.008641,,0.029954,-0.038018,0.004802,0.015327,0.024861,,0.002686,-0.023391,-0.033502,,True,pending
stock,2026-05-06,601012,隆基绿能,REDUCE,-4,,,,,0,-3.81,光伏组件,new_energy,watch,★☆☆,,,,跌破60线; 绿柱扩张; RSI超卖22; MA60下行趋势(-1.0%/5日); 连跌8日,16.55,16.55,16.61,16.78,,0.0,0.003625,0.013897,,0.029607,-0.01994,0.004802,0.015327,0.024861,,-0.004802,-0.011701,-0.010964,,True,pending
stock,2026-05-06,300760,迈瑞医疗,REDUCE,-4,,,,,0,5.0,医疗器械,pharma,candidate,★★☆,,,,跌破60线; 红柱扩张; RSI偏高76; MA60下行趋势(-1.3%/5日),172.68,170.5,169.21,165.94,,-0.012625,-0.020095,-0.039032,,0.022469,-0.06625,0.004802,0.015327,0.024861,,-0.017427,-0.035422,-0.063893,,True,pending
stock,2026-05-06,300750,宁德时代,BUY_STRONG,6,,,,,6,5.0,动力电池,battery,core,★★★,,,,多头排列; MACD金叉; MA60上行(+2.3%/5日),460.0,451.64,446.11,434.05,,-0.018174,-0.030196,-0.056413,,0.019022,-0.071739,0.004802,0.015327,0.024861,,-0.022976,-0.045522,-0.081274,,True,pending
stock,2026-05-06,688521,芯原股份,BUY_STRONG,5,,,,,4,5.0,半导体IP/芯片设计平台,semicon,candidate,★★☆,,,,多头排列; 红柱扩张; 放量1.8x; MA60上行(+1.3%/5日),278.6,275.0,267.4,277.5,,-0.012922,-0.040201,-0.003948,,0.029433,-0.079325,0.004802,0.015327,0.024861,,-0.017724,-0.055528,-0.028809,,True,pending
stock,2026-05-06,605117,德业股份,BUY_STRONG,5,,,,,4,5.0,储能逆变器/户用储能,new_energy,candidate,★★☆,,,,多头排列; MACD金叉; MA60上行(+4.0%/5日),159.25,154.34,161.57,158.87,,-0.030832,0.014568,-0.002386,,0.033281,-0.064364,0.004802,0.015327,0.024861,,-0.035634,-0.000758,-0.027247,,True,pending
stock,2026-05-06,688041,海光信息,BUY_WATCH,4,,,,,4,5.0,国产CPU/GPU,semicon,core,★★★,,,,多头排列; 红柱扩张; RSI超买82; 放量1.9x; MA60上行(+0.9%/5日),344.41,341.6,349.18,348.19,,-0.008159,0.01385,0.010975,,0.041782,-0.070846,0.004802,0.015327,0.024861,,-0.012961,-0.001477,-0.013886,,True,pending
stock,2026-05-06,600487,亨通光电,BUY_WATCH,4,,,,,4,5.0,光纤光缆/海底电缆,optics,core,★★★,,,,多头排列; 红柱扩张; RSI偏高76; MA60上行(+6.8%/5日),71.8,75.96,74.99,75.43,,0.057939,0.044429,0.050557,,0.112813,0.0,0.004802,0.015327,0.024861,,0.053137,0.029102,0.025696,,False,pending
stock,2026-05-06,603259,药明康德,HOLD,3,,,,,0,4.57,CXO,pharma,watch,★☆☆,,,,多头排列; 红柱扩张; MA60上行(+1.0%/5日),109.0,111.28,108.72,108.92,,0.020917,-0.002569,-0.000734,,0.038165,-0.055046,0.004802,0.015327,0.024861,,0.016115,-0.017896,-0.025595,,True,pending
stock,2026-05-06,002475,立讯精密,HOLD,3,,,,,0,4.99,消费电子精密制造,consumer_elec,core,★★★,,,,站20/60线; MA60上行(+2.3%/5日),67.08,69.52,76.06,80.15,,0.036374,0.13387,0.194842,,0.219141,-0.011777,0.004802,0.015327,0.024861,,0.031572,0.118543,0.169981,,False,pending
stock,2026-05-06,600183,生益科技,HOLD,3,,,,,0,5.0,PCB基板/覆铜板,pcb,core,★★★,,,,多头排列; 红柱扩张; RSI超买82; MA60上行(+0.7%/5日),80.81,82.0,83.66,94.18,,0.014726,0.035268,0.16545,,0.243658,-0.010024,0.004802,0.015327,0.024861,,0.009924,0.019941,0.140589,,False,pending
stock,2026-05-06,002463,沪电股份,HOLD,3,,,,,0,5.0,高多层PCB,pcb,core,★★★,,,,多头排列; RSI偏高70; MA60上行(+3.2%/5日),104.79,107.38,108.68,112.58,,0.024716,0.037122,0.074339,,0.09228,-0.023666,0.004802,0.015327,0.024861,,0.019914,0.021795,0.049478,,False,pending
stock,2026-05-06,300476,胜宏科技,HOLD,3,,,,,0,5.0,PCB,pcb,candidate,★★☆,,,,多头排列; MA60上行(+1.7%/5日),325.92,338.06,378.24,387.4,,0.037248,0.16053,0.188635,,0.196613,0.012518,0.004802,0.015327,0.024861,,0.032446,0.145203,0.163774,,False,pending
stock,2026-05-06,600309,万华化学,HOLD,3,,,,,0,1.39,MDI/聚氨酯,chemical,core,★★★,,,,多头排列,89.73,84.8,83.51,83.33,,-0.054943,-0.069319,-0.071325,,-0.008247,-0.087262,0.004802,0.015327,0.024861,,-0.059745,-0.084646,-0.096186,,True,pending
stock,2026-05-06,601088,中国神华,HOLD,3,,,,,0,2.07,煤炭/电力,commodity,watch,★★☆,,,,多头排列; MA60上行(+1.3%/5日),47.73,45.59,45.17,44.8,,-0.044836,-0.053635,-0.061387,,-0.004819,-0.067044,0.004802,0.015327,0.024861,,-0.049638,-0.068962,-0.086248,,True,pending
stock,2026-05-06,600522,中天科技,HOLD,3,,,,,0,4.99,海缆/光纤/电力电缆,optics,core,★★★,,,,多头排列; RSI偏高69; MA60上行(+4.4%/5日),34.89,38.38,43.86,43.6,,0.100029,0.257094,0.249642,,0.323588,0.003153,0.004802,0.015327,0.024861,,0.095227,0.241767,0.224781,,False,pending
stock,2026-05-06,300666,江丰电子,HOLD,3,,,,,0,5.0,高纯溅射靶材,semicon,candidate,★★☆,,,,多头排列; 红柱扩张; RSI偏高70; MA60上行(+2.9%/5日),182.01,186.55,185.0,186.25,,0.024944,0.016428,0.023295,,0.07137,-0.054997,0.004802,0.015327,0.024861,,0.020142,0.001101,-0.001566,,True,pending
stock,2026-05-06,688498,源杰科技,HOLD,2,,,,,0,5.0,光芯片基材,optics,candidate,★★☆,,,,多头排列; RSI偏高71; MA60上行(+6.2%/5日),1531.01,1629.0,1624.0,1708.0,,0.064004,0.060738,0.115603,,0.154062,-0.036584,0.004802,0.015327,0.024861,,0.059201,0.045411,0.090742,,False,pending
stock,2026-05-06,688256,寒武纪,HOLD,2,,,,,0,5.0,AI推理芯片,semicon,candidate,★☆☆,,,,多头排列; 红柱扩张; RSI超买91; 放量2.0x; MA60上行(+1.6%/5日),1825.0,1252.685,1200.0,1316.88,,-0.313597,-0.342466,-0.278422,,-0.260274,-0.365474,0.004802,0.015327,0.024861,,-0.318399,-0.357793,-0.303283,,True,pending
stock,2026-05-06,601138,工业富联,HOLD,2,,,,,0,3.61,AI服务器/精密制造,consumer_elec,candidate,★★☆,,,,站20/60线; MA60上行(+0.7%/5日),63.08,64.18,65.85,70.84,,0.017438,0.043912,0.123018,,0.173114,-0.004914,0.004802,0.015327,0.024861,,0.012636,0.028586,0.098157,,False,pending
stock,2026-05-06,000338,潍柴动力,HOLD,2,,,,,0,5.01,重型发动机/氢燃料,machinery,candidate,★★☆,,,,多头排列; 红柱扩张; RSI超买84; MA60上行(+2.4%/5日),34.32,35.0,33.53,34.34,,0.019814,-0.023019,0.000583,,0.04458,-0.074592,0.004802,0.015327,0.024861,,0.015011,-0.038345,-0.024278,,True,pending
stock,2026-05-06,688048,长光华芯,HOLD,2,,,,,0,5.0,半导体激光芯片,optics,candidate,★★☆,,,,多头排列; RSI偏高75; MA60上行(+10.2%/5日),372.01,392.87,433.3,436.9,,0.056074,0.164754,0.174431,,0.245585,-0.074487,0.004802,0.015327,0.024861,,0.051272,0.149427,0.14957,,True,pending
stock,2026-05-06,601872,招商轮船,HOLD,2,,,,,0,0.64,VLCC油轮/干散货,shipping,candidate,★★☆,,,,站20/60线; MA60上行(+3.4%/5日),18.64,18.43,18.37,18.0,,-0.011266,-0.014485,-0.034335,,0.065451,-0.060622,0.004802,0.015327,0.024861,,-0.016068,-0.029812,-0.059196,,True,pending
stock,2026-05-06,688409,富创精密,HOLD,2,,,,,0,5.0,半导体精密零部件,semicon,watch,★☆☆,,,,多头排列; RSI偏高78; 放量1.6x; MA60上行(+2.4%/5日),125.59,126.58,122.9,133.57,,0.007883,-0.021419,0.06354,,0.178438,-0.07636,0.004802,0.015327,0.024861,,0.003081,-0.036746,0.038679,,True,pending
stock,2026-05-06,603929,亚翔集成,HOLD,2,,,,,0,5.0,半导体洁净室工程,semicon,watch,★☆☆,,,,多头排列; MA60上行(+2.5%/5日),201.81,206.0,206.2,197.25,,0.020762,0.021753,-0.022596,,0.06412,-0.082256,0.004802,0.015327,0.024861,,0.01596,0.006426,-0.047457,,True,pending
stock,2026-05-06,300308,中际旭创,HOLD,1,,,,,0,5.0,光模块,optics,core,★★★,,,,多头排列; 绿柱扩张; RSI偏高72; MA60上行(+3.2%/5日),856.0,877.47,940.13,1049.2,,0.025082,0.098283,0.225701,,0.272056,-0.024533,0.004802,0.015327,0.024861,,0.02028,0.082956,0.20084,,False,pending
stock,2026-05-06,002384,东山精密,HOLD,1,,,,,0,5.0,PCB/光模块封装,optics,candidate,★★☆,,,,多头排列; RSI超买84; MA60上行(+8.8%/5日),191.88,211.07,218.3,220.75,,0.10001,0.13769,0.150459,,0.198666,-0.031686,0.004802,0.015327,0.024861,,0.095208,0.122363,0.125597,,False,pending
stock,2026-05-06,603986,兆易创新,HOLD,1,,,,,0,5.0,存储芯片,semicon,candidate,★★☆,,,,多头排列; 红柱扩张; RSI超买82,344.29,350.16,362.13,365.0,,0.01705,0.051817,0.060153,,0.084841,-0.036278,0.004802,0.015327,0.024861,,0.012248,0.03649,0.035292,,False,pending
stock,2026-05-06,600887,伊利股份,HOLD,1,,,,,0,4.99,乳制品/食品,consumer,candidate,★★☆,,,,红柱扩张; RSI偏高72; 放量1.9x,27.45,27.53,28.06,27.9,,0.002914,0.022222,0.016393,,0.034608,-0.006193,0.004802,0.015327,0.024861,,-0.001888,0.006895,-0.008468,,False,pending
stock,2026-05-06,603288,海天味业,HOLD,1,,,,,0,-4.05,调味品,food_bev,watch,★☆☆,,,,跌破20线; RSI偏低27; MA60上行(+0.8%/5日),38.74,38.73,38.15,37.74,,-0.000258,-0.01523,-0.025813,,0.00697,-0.036396,0.004802,0.015327,0.024861,,-0.00506,-0.030556,-0.050674,,True,pending
stock,2026-05-06,688120,华海清科,HOLD,1,,,,,0,3.82,CMP研磨设备,semicon,candidate,★★☆,,,,站20/60线,193.32,200.63,206.89,250.71,,0.037813,0.070194,0.296865,,0.331368,-0.006932,0.004802,0.015327,0.024861,,0.033011,0.054868,0.272004,,False,pending
stock,2026-05-06,688548,广钢气体,HOLD,1,,,,,0,5.0,半导体特种气体,semicon,watch,★☆☆,,,,站20/60线; RSI偏高76; MA60上行(+3.2%/5日),30.0,27.8,28.55,29.41,,-0.073333,-0.048333,-0.019667,,0.063333,-0.087667,0.004802,0.015327,0.024861,,-0.078135,-0.06366,-0.044528,,True,pending
stock,2026-05-06,688167,炬光科技,HOLD,1,,,,,0,-6.96,高功率半导体激光器,optics,watch,★☆☆,,,,跌破20线; RSI偏低35; MA60上行(+3.9%/5日),351.96,422.35,478.1,516.7,,0.199994,0.358393,0.468065,,0.559836,-0.01074,0.004802,0.015327,0.024861,,0.195192,0.343066,0.443203,,True,pending
stock,2026-05-06,600105,永鼎股份,HOLD,1,,,,,0,4.99,光纤光缆/新能源电缆,optics,watch,★☆☆,,,,站20/60线; 绿柱扩张; MA60上行(+4.9%/5日),43.68,47.52,51.4,51.83,,0.087912,0.17674,0.186584,,0.29098,-0.006181,0.004802,0.015327,0.024861,,0.08311,0.161413,0.161723,,False,pending
stock,2026-05-06,603256,宏和科技,HOLD,1,,,,,0,5.0,高端电子玻纤布,pcb,watch,★☆☆,,,,多头排列; 红柱扩张; RSI超买90; 缩量0.5x; MA60上行(+7.9%/5日),131.01,144.11,149.98,146.22,,0.099992,0.144798,0.116098,,0.169376,0.030456,0.004802,0.015327,0.024861,,0.09519,0.129471,0.091237,,False,pending
stock,2026-05-06,688012,中微公司,HOLD,0,,,,,0,5.0,半导体设备,semicon,core,★★★,,,,红柱扩张; RSI超买80; 放量1.7x,383.3,384.6,383.64,405.6,,0.003392,0.000887,0.058179,,0.068562,-0.043465,0.004802,0.015327,0.024861,,-0.00141,-0.01444,0.033318,,False,pending
stock,2026-05-06,000651,格力电器,HOLD,0,,,,,0,5.01,家电,consumer,candidate,★★☆,,,,红柱扩张; RSI超买79; 放量1.5x,39.95,39.89,40.46,40.3,,-0.001502,0.012766,0.008761,,0.022528,-0.008761,0.004802,0.015327,0.024861,,-0.006304,-0.002561,-0.0161,,False,pending
stock,2026-05-06,600426,华鲁恒升,HOLD,0,,,,,0,3.5,煤化工/化肥,chemical,candidate,★★☆,,,,,38.57,36.12,34.82,34.5,,-0.063521,-0.097226,-0.105522,,-0.020742,-0.119264,0.004802,0.015327,0.024861,,-0.068323,-0.112553,-0.130384,,True,pending
stock,2026-05-06,688195,腾景科技,HOLD,0,,,,,0,-1.54,精密光学元件,optics,candidate,★★☆,,,,跌破20线; MA60上行(+4.0%/5日),337.9,361.98,375.6,373.66,,0.071264,0.111571,0.10583,,0.168689,-0.015744,0.004802,0.015327,0.024861,,0.066462,0.096245,0.080969,,True,pending
stock,2026-05-06,002008,大族激光,HOLD,0,,,,,0,5.0,工业激光设备,industrial_auto,candidate,★★☆,,,,站20/60线; RSI超买79; MA60上行(+6.5%/5日),102.19,112.41,134.27,148.13,,0.10001,0.313925,0.449555,,0.531461,-0.001174,0.004802,0.015327,0.024861,,0.095208,0.298598,0.424694,,False,pending
stock,2026-05-06,688331,荣昌生物,HOLD,0,,,,,0,-9.73,ADC创新药,pharma,candidate,★★☆,,,,跌破20线; 绿柱扩张; RSI偏低30; MA60上行(+2.2%/5日),127.7,130.0,124.63,119.05,,0.018011,-0.024041,-0.067737,,0.033829,-0.094049,0.004802,0.015327,0.024861,,0.013209,-0.039367,-0.092598,,True,pending
stock,2026-05-06,300502,新易盛,HOLD,-1,,,,,0,-2.13,光模块,optics,core,★★★,,,,跌破20线; 绿柱扩张; MA60上行(+2.6%/5日),522.48,563.5,563.7,628.99,,0.07851,0.078893,0.203855,,0.251148,-0.018144,0.004802,0.015327,0.024861,,0.073708,0.063566,0.178994,,True,pending
stock,2026-05-06,300394,天孚通信,HOLD,-1,,,,,0,-7.54,光通信器件,optics,core,★★☆,,,,跌破60线; MA60上行(+3.0%/5日),316.16,328.14,331.92,378.19,,0.037892,0.049848,0.196198,,0.285931,-0.035299,0.004802,0.015327,0.024861,,0.03309,0.034521,0.171337,,True,pending
stock,2026-05-06,000333,美的集团,HOLD,-1,,,,,0,2.46,家电/工业机器人,consumer,core,★★★,,,,站20/60线; RSI超买80,80.44,79.81,80.67,80.38,,-0.007832,0.002859,-0.000746,,0.024988,-0.013923,0.004802,0.015327,0.024861,,-0.012634,-0.012467,-0.025607,,False,pending
stock,2026-05-06,688981,中芯国际,HOLD,-1,,,,,0,5.0,半导体代工,semicon,core,★★★,,,,红柱扩张; RSI超买82; 放量2.3x; MA60偏弱(-0.6%/5日),123.1,125.34,122.52,121.86,,0.018197,-0.004712,-0.010073,,0.035581,-0.057352,0.004802,0.015327,0.024861,,0.013395,-0.020038,-0.034934,,True,pending
stock,2026-05-06,603799,华友钴业,HOLD,-1,,,,,0,5.0,钴/三元前驱体,battery_materials,candidate,★★☆,,,,红柱扩张; MA60下行趋势(-1.4%/5日),67.97,68.2,64.84,62.8,,0.003384,-0.04605,-0.076063,,0.042372,-0.117846,0.004802,0.015327,0.024861,,-0.001418,-0.061376,-0.100924,,True,pending
stock,2026-05-06,002594,比亚迪,HOLD,-1,,,,,0,-1.13,电动车/刀片电池,new_energy,core,★★★,,,,跌破20线; 绿柱扩张; MA60上行(+0.8%/5日),100.75,100.46,100.44,98.6,,-0.002878,-0.003077,-0.02134,,0.005062,-0.029181,0.004802,0.015327,0.024861,,-0.00768,-0.018404,-0.046201,,True,pending
stock,2026-05-06,600030,中信证券,HOLD,-1,,,,,0,4.98,综合券商,finance,candidate,★★☆,,,,RSI偏高73,27.49,27.23,27.33,27.15,,-0.009458,-0.00582,-0.012368,,0.007275,-0.030193,0.004802,0.015327,0.024861,,-0.01426,-0.021147,-0.037229,,False,pending
stock,2026-05-06,601869,长飞光纤,HOLD,-1,,,,,0,-3.16,光纤光缆,optics,core,★★★,,,,跌破20线; 绿柱扩张; MA60上行(+8.0%/5日),361.05,389.2,400.31,406.96,,0.077967,0.108738,0.127157,,0.190971,0.019748,0.004802,0.015327,0.024861,,0.073165,0.093412,0.102296,,True,pending
stock,2026-05-06,300757,罗博特科,HOLD,-1,,,,,0,-3.32,光伏/新能源自动化装备,industrial_auto,candidate,★★☆,,,,跌破20线; 绿柱扩张; MA60上行(+3.1%/5日),480.55,510.32,512.3,539.67,,0.06195,0.06607,0.123026,,0.304047,0.015815,0.004802,0.015327,0.024861,,0.057148,0.050743,0.098165,,True,pending
stock,2026-05-06,688777,中控技术,HOLD,-1,,,,,0,5.0,工业自动化DCS,industrial_auto,candidate,★★☆,,,,红柱扩张; RSI超买79,82.22,82.58,82.0,78.8,,0.004378,-0.002676,-0.041596,,0.03442,-0.082948,0.004802,0.015327,0.024861,,-0.000424,-0.018003,-0.066457,,True,pending
stock,2026-05-06,600988,赤峰黄金,HOLD,-1,,,,,0,-3.89,黄金矿采选,commodity,candidate,★★☆,,,,跌破60线; 放量1.9x,41.11,42.36,42.04,40.8,,0.030406,0.022622,-0.007541,,0.091705,-0.034785,0.004802,0.015327,0.024861,,0.025604,0.007295,-0.032402,,True,pending
stock,2026-05-06,301200,大族数控,HOLD,-1,,,,,0,-0.64,激光/数控切割设备,industrial_auto,watch,★☆☆,,,,跌破20线; 绿柱扩张; MA60上行(+0.7%/5日),184.74,193.95,201.91,233.97,,0.049854,0.092941,0.266483,,0.299123,-0.045307,0.004802,0.015327,0.024861,,0.045052,0.077615,0.241621,,True,pending
stock,2026-05-07,002463,沪电股份,BUY_STRONG,6,,,,,8,5.0,高多层PCB,pcb,core,★★★,,,,多头排列; 红柱扩张; MA60上行(+3.4%/5日); 主力净流入5.9亿,107.88,108.71,108.68,107.02,,0.007694,0.007416,-0.007972,,0.060994,-0.025213,-0.005836,0.009701,0.002875,,0.01353,-0.002285,-0.010847,,False,pending
stock,2026-05-07,300750,宁德时代,BUY_STRONG,5,,,,,8,5.0,动力电池,battery,core,★★★,,,,多头排列; MA60上行(+2.4%/5日); 主力净流入1.3亿,451.64,437.0,431.25,427.0,,-0.032415,-0.045147,-0.054557,,0.008547,-0.054557,-0.005836,0.009701,0.002875,,-0.026579,-0.054848,-0.057432,,True,pending
stock,2026-05-07,300476,胜宏科技,BUY_STRONG,5,,,,,5,5.0,PCB,pcb,candidate,★★☆,,,,多头排列; 红柱扩张; MA60上行(+2.0%/5日); 主力净流入0.6亿,338.06,358.66,375.43,354.83,,0.060936,0.110543,0.049607,,0.153641,-0.014879,-0.005836,0.009701,0.002875,,0.066772,0.100841,0.046731,,False,pending
stock,2026-05-07,600522,中天科技,BUY_STRONG,5,,,,,8,5.0,海缆/光纤/电力电缆,optics,core,★★★,,,,多头排列; 红柱扩张; RSI偏高76; MA60上行(+4.3%/5日); 主力净流入13.2亿,38.38,40.9,44.08,44.1,,0.065659,0.148515,0.149036,,0.203231,-0.00469,-0.005836,0.009701,0.002875,,0.071495,0.138814,0.146161,,False,pending
stock,2026-05-07,300502,新易盛,HOLD,4,,,,,0,4.34,光模块,optics,core,★★★,,,,站20/60线; MA60上行(+2.7%/5日); 主力净流入25.6亿,563.5,551.67,592.52,617.9,,-0.020994,0.0515,0.096539,,0.160071,-0.067879,-0.005836,0.009701,0.002875,,-0.015158,0.041799,0.093664,,True,pending
stock,2026-05-07,603259,药明康德,HOLD,4,,,,,0,5.0,CXO,pharma,watch,★☆☆,,,,多头排列; 红柱扩张; MA60上行(+1.2%/5日); 主力净流入1.8亿,111.28,106.8,110.33,103.01,,-0.040259,-0.008537,-0.074317,,0.016894,-0.074407,-0.005836,0.009701,0.002875,,-0.034423,-0.018238,-0.077192,,True,pending
stock,2026-05-07,002475,立讯精密,HOLD,4,,,,,0,5.01,消费电子精密制造,consumer_elec,core,★★★,,,,多头排列; RSI偏高70; MA60上行(+2.3%/5日); 主力净流入8.8亿,69.52,71.29,77.19,75.4,,0.02546,0.110328,0.08458,,0.176352,-0.034666,-0.005836,0.009701,0.002875,,0.031296,0.100627,0.081705,,False,pending
stock,2026-05-07,601869,长飞光纤,HOLD,4,,,,,0,3.83,光纤光缆,optics,core,★★★,,,,站20/60线; MA60上行(+7.8%/5日); 主力净流入4.9亿,389.2,397.23,411.46,404.7,,0.020632,0.057194,0.039825,,0.10483,-0.041624,-0.005836,0.009701,0.002875,,0.026468,0.047493,0.03695,,True,pending
stock,2026-05-07,600487,亨通光电,HOLD,4,,,,,0,5.0,光纤光缆/海底电缆,optics,core,★★★,,,,多头排列; 红柱扩张; RSI超买81; MA60上行(+6.7%/5日); 主力净流入0.7亿,75.96,77.27,75.1,74.0,,0.017246,-0.011322,-0.025803,,0.051869,-0.034623,-0.005836,0.009701,0.002875,,0.023082,-0.021023,-0.028678,,False,pending
stock,2026-05-07,603929,亚翔集成,HOLD,4,,,,,0,5.0,半导体洁净室工程,semicon,watch,★☆☆,,,,多头排列; MACD金叉; MA60上行(+2.5%/5日),206.0,200.97,194.9,188.2,,-0.024417,-0.053883,-0.086408,,0.042476,-0.100922,-0.005836,0.009701,0.002875,,-0.018581,-0.063585,-0.089283,,True,pending
stock,2026-05-07,688498,源杰科技,HOLD,3,,,,,0,5.0,光芯片基材,optics,candidate,★★☆,,,,多头排列; 红柱扩张; RSI偏高77; MA60上行(+6.4%/5日),1629.0,1575.0,1731.0,1635.0,,-0.033149,0.062615,0.003683,,0.084641,-0.048484,-0.005836,0.009701,0.002875,,-0.027313,0.052914,0.000808,,False,pending
stock,2026-05-07,002384,东山精密,HOLD,3,,,,,0,5.0,PCB/光模块封装,optics,candidate,★★☆,,,,多头排列; 红柱扩张; RSI超买89; MA60上行(+9.0%/5日); 主力净流入9.3亿,211.07,211.39,219.46,214.89,,0.001516,0.03975,0.018098,,0.089686,-0.023973,-0.005836,0.009701,0.002875,,0.007352,0.030049,0.015223,,False,pending
stock,2026-05-07,600498,烽火通信,HOLD,3,,,,,0,0.93,光通信设备,optics,candidate,★★☆,,,,站20/60线; MA60上行(+1.7%/5日); 主力净流入5.9亿,51.82,57.0,59.01,59.17,,0.099961,0.13875,0.141837,,0.215554,-0.015824,-0.005836,0.009701,0.002875,,0.105798,0.129048,0.138962,,True,pending
stock,2026-05-07,688048,长光华芯,HOLD,3,,,,,0,5.0,半导体激光芯片,optics,candidate,★★☆,,,,多头排列; 红柱扩张; RSI偏高73; MA60上行(+10.0%/5日),392.87,438.88,431.49,448.1,,0.117113,0.098302,0.140581,,0.179449,-0.040726,-0.005836,0.009701,0.002875,,0.122949,0.088601,0.137706,,False,pending
stock,2026-05-07,688195,腾景科技,HOLD,3,,,,,0,4.9,精密光学元件,optics,candidate,★★☆,,,,站20/60线; MA60上行(+4.3%/5日); 主力净流入1.5亿,361.98,372.5,366.01,367.0,,0.029062,0.011133,0.013868,,0.090944,-0.038621,-0.005836,0.009701,0.002875,,0.034899,0.001432,0.010993,,False,pending
stock,2026-05-07,300757,罗博特科,HOLD,3,,,,,0,1.96,光伏/新能源自动化装备,industrial_auto,candidate,★★☆,,,,站20/60线; MA60上行(+3.0%/5日); 主力净流入5.3亿,510.32,519.2,510.09,589.0,,0.017401,-0.000451,0.154178,,0.227975,-0.02857,-0.005836,0.009701,0.002875,,0.023237,-0.010152,0.151303,,True,pending
stock,2026-05-07,688521,芯原股份,HOLD,3,,,,,0,5.0,半导体IP/芯片设计平台,semicon,candidate,★★☆,,,,多头排列; 红柱扩张; MA60上行(+1.5%/5日); 主力净流出7.9亿,275.0,262.0,271.99,265.91,,-0.047273,-0.010945,-0.033055,,0.042909,-0.067273,-0.005836,0.009701,0.002875,,-0.041437,-0.020646,-0.03593,,True,pending
stock,2026-05-07,605117,德业股份,HOLD,3,,,,,0,5.0,储能逆变器/户用储能,new_energy,candidate,★★☆,,,,多头排列; 红柱扩张; MA60上行(+4.2%/5日); 主力净流出1.0亿,154.34,151.27,158.82,151.18,,-0.019891,0.029027,-0.020474,,0.066153,-0.034599,-0.005836,0.009701,0.002875,,-0.014055,0.019326,-0.023349,,False,pending
stock,2026-05-07,002008,大族激光,HOLD,3,,,,,0,5.0,工业激光设备,industrial_auto,candidate,★★☆,,,,多头排列; 红柱扩张; RSI超买80; MA60上行(+6.7%/5日); 主力净流入8.1亿,112.41,122.06,134.66,149.23,,0.085846,0.197936,0.327551,,0.392225,-0.001868,-0.005836,0.009701,0.002875,,0.091683,0.188235,0.324676,,False,pending
stock,2026-05-07,601872,招商轮船,HOLD,3,,,,,0,0.05,VLCC油轮/干散货,shipping,candidate,★★☆,,,,站20/60线; 放量1.5x; MA60上行(+3.5%/5日),18.43,19.49,17.79,18.0,,0.057515,-0.034726,-0.023332,,0.077591,-0.049919,-0.005836,0.009701,0.002875,,0.063351,-0.044427,-0.026207,,True,pending
stock,2026-05-07,688167,炬光科技,HOLD,3,,,,,0,5.0,高功率半导体激光器,optics,watch,★☆☆,,,,站20/60线; 放量1.6x; MA60上行(+4.1%/5日); 主力净流入3.2亿,422.35,434.64,475.0,503.98,,0.029099,0.12466,0.193276,,0.29987,-0.047354,-0.005836,0.009701,0.002875,,0.034935,0.114959,0.190401,,False,pending
stock,2026-05-07,300308,中际旭创,HOLD,2,,,,,0,5.0,光模块,optics,core,★★★,,,,多头排列; 绿柱扩张; RSI偏高71; MA60上行(+3.3%/5日); 主力净流入2.9亿,877.47,886.0,1017.99,1078.0,,0.009721,0.160142,0.228532,,0.240931,-0.018132,-0.005836,0.009701,0.002875,,0.015557,0.150441,0.225657,,False,pending
stock,2026-05-07,688256,寒武纪,HOLD,2,,,,,0,5.0,AI推理芯片,semicon,candidate,★☆☆,,,,多头排列; 红柱扩张; RSI超买92; MA60上行(+2.5%/5日); 主力净流入1.7亿,1868.0,1182.53,1277.87,1260.58,,-0.366954,-0.315915,-0.325171,,-0.277302,-0.38008,-0.005836,0.009701,0.002875,,-0.361118,-0.325616,-0.328047,,True,pending
stock,2026-05-07,688041,海光信息,HOLD,2,,,,,0,5.0,国产CPU/GPU,semicon,core,★★★,,,,多头排列; 红柱扩张; RSI超买81; MA60上行(+1.4%/5日); 主力净流出8.7亿,341.6,323.28,349.19,325.2,,-0.05363,0.022219,-0.048009,,0.050351,-0.063203,-0.005836,0.009701,0.002875,,-0.047794,0.012518,-0.050885,,True,pending
stock,2026-05-07,600183,生益科技,HOLD,2,,,,,0,5.0,PCB基板/覆铜板,pcb,core,★★★,,,,多头排列; RSI超买80; MA60上行(+0.9%/5日); 主力净流入2.2亿,82.0,82.0,85.62,93.32,,0.0,0.044146,0.138049,,0.22561,-0.023171,-0.005836,0.009701,0.002875,,0.005836,0.034445,0.135174,,False,pending
stock,2026-05-07,688120,华海清科,HOLD,2,,,,,0,5.0,CMP研磨设备,semicon,candidate,★★☆,,,,多头排列; 红柱扩张; RSI偏高68,200.63,195.94,235.14,250.5,,-0.023376,0.172008,0.248567,,0.282859,-0.043114,-0.005836,0.009701,0.002875,,-0.01754,0.162307,0.245692,,False,pending
stock,2026-05-07,300666,江丰电子,HOLD,2,,,,,0,5.0,高纯溅射靶材,semicon,candidate,★★☆,,,,多头排列; 红柱扩张; RSI偏高70; MA60上行(+3.2%/5日); 主力净流出0.6亿,186.55,173.43,181.77,180.0,,-0.07033,-0.025623,-0.035111,,0.045296,-0.077995,-0.005836,0.009701,0.002875,,-0.064494,-0.035324,-0.037986,,True,pending
stock,2026-05-07,600105,永鼎股份,HOLD,2,,,,,0,5.01,光纤光缆/新能源电缆,optics,watch,★☆☆,,,,多头排列; RSI偏高71; MA60上行(+4.8%/5日); 主力净流入9.9亿,47.52,49.94,52.32,53.99,,0.050926,0.10101,0.136153,,0.186658,-0.03367,-0.005836,0.009701,0.002875,,0.056762,0.091309,0.133278,,False,pending
stock,2026-05-07,301200,大族数控,HOLD,2,,,,,0,3.1,激光/数控切割设备,industrial_auto,watch,★☆☆,,,,站20/60线; MA60上行(+0.9%/5日); 主力净流入0.8亿,193.95,187.78,210.2,218.39,,-0.031812,0.083784,0.126012,,0.237432,-0.056458,-0.005836,0.009701,0.002875,,-0.025976,0.074083,0.123137,,True,pending
stock,2026-05-07,300394,天孚通信,HOLD,1,,,,,0,-3.53,光通信器件,optics,core,★★☆,,,,跌破20线; MA60上行(+2.9%/5日); 主力净流入0.7亿,328.14,326.3,342.45,392.0,,-0.005607,0.043609,0.194612,,0.238983,-0.030597,-0.005836,0.009701,0.002875,,0.000229,0.033908,0.191737,,True,pending
stock,2026-05-07,688012,中微公司,HOLD,1,,,,,0,5.0,半导体设备,semicon,core,★★★,,,,多头排列; 红柱扩张; RSI超买78; 主力净流出4.3亿,384.6,370.0,388.45,387.17,,-0.037962,0.01001,0.006682,,0.064951,-0.046698,-0.005836,0.009701,0.002875,,-0.032125,0.000309,0.003807,,False,pending
stock,2026-05-07,603986,兆易创新,HOLD,1,,,,,0,5.0,存储芯片,semicon,candidate,★★☆,,,,多头排列; 红柱扩张; RSI超买81; MA60上行(+0.6%/5日); 主力净流出13.9亿,350.16,334.1,353.55,356.19,,-0.045865,0.009681,0.017221,,0.066655,-0.052433,-0.005836,0.009701,0.002875,,-0.040029,-2e-05,0.014345,,True,pending
stock,2026-05-07,601138,工业富联,HOLD,1,,,,,0,4.33,AI服务器/精密制造,consumer_elec,candidate,★★☆,,,,站20/60线; MACD死叉; MA60上行(+0.8%/5日); 主力净流入2.8亿,64.18,63.28,64.4,68.6,,-0.014023,0.003428,0.068869,,0.153007,-0.021969,-0.005836,0.009701,0.002875,,-0.008187,-0.006273,0.065994,,False,pending
stock,2026-05-07,600887,伊利股份,HOLD,1,,,,,0,5.01,乳制品/食品,consumer,candidate,★★☆,,,,红柱扩张; RSI偏高73; 主力净流入1.3亿,27.53,27.52,28.01,27.78,,-0.000363,0.017436,0.009081,,0.031602,-0.006175,-0.005836,0.009701,0.002875,,0.005473,0.007734,0.006206,,False,pending
stock,2026-05-07,688981,中芯国际,HOLD,1,,,,,0,5.0,半导体代工,semicon,core,★★★,,,,多头排列; 红柱扩张; RSI超买82; MA60偏弱(-0.4%/5日),125.34,120.31,121.98,117.9,,-0.040131,-0.026807,-0.059359,,0.000798,-0.074198,-0.005836,0.009701,0.002875,,-0.034295,-0.036508,-0.062234,,True,pending
stock,2026-05-07,000338,潍柴动力,HOLD,1,,,,,0,5.0,重型发动机/氢燃料,machinery,candidate,★★☆,,,,多头排列; 红柱扩张; RSI超买90; MA60上行(+2.7%/5日); 主力净流出1.6亿,35.0,33.06,32.7,34.2,,-0.055429,-0.065714,-0.022857,,0.016,-0.092571,-0.005836,0.009701,0.002875,,-0.049592,-0.075415,-0.025732,,True,pending
stock,2026-05-07,603288,海天味业,HOLD,1,,,,,0,-3.72,调味品,food_bev,watch,★☆☆,,,,跌破20线; RSI偏低28; MA60上行(+0.8%/5日),38.73,38.18,37.84,37.35,,-0.014201,-0.02298,-0.035631,,0.001291,-0.036148,-0.005836,0.009701,0.002875,,-0.008365,-0.032681,-0.038507,,True,pending
stock,2026-05-07,688409,富创精密,HOLD,1,,,,,0,5.0,半导体精密零部件,semicon,watch,★☆☆,,,,多头排列; RSI偏高73; MA60上行(+2.3%/5日),126.58,121.56,130.51,142.03,,-0.039659,0.031048,0.122057,,0.169221,-0.083584,-0.005836,0.009701,0.002875,,-0.033823,0.021347,0.119182,,True,pending
stock,2026-05-07,603256,宏和科技,HOLD,1,,,,,0,5.0,高端电子玻纤布,pcb,watch,★☆☆,,,,多头排列; 红柱扩张; RSI超买90; MA60上行(+8.6%/5日),144.11,148.87,148.31,141.83,,0.03303,0.029144,-0.015821,,0.063077,-0.03768,-0.005836,0.009701,0.002875,,0.038866,0.019443,-0.018696,,False,pending
stock,2026-05-07,000333,美的集团,HOLD,0,,,,,0,1.48,家电/工业机器人,consumer,core,★★★,,,,站20/60线; RSI偏高72,79.81,80.4,80.09,81.81,,0.007393,0.003508,0.02506,,0.033079,-0.00614,-0.005836,0.009701,0.002875,,0.013229,-0.006193,0.022184,,False,pending
stock,2026-05-07,688777,中控技术,HOLD,0,,,,,0,5.0,工业自动化DCS,industrial_auto,candidate,★★☆,,,,红柱扩张; RSI偏高76,82.58,81.44,78.77,75.43,,-0.013805,-0.046137,-0.086583,,0.02991,-0.086946,-0.005836,0.009701,0.002875,,-0.007969,-0.055838,-0.089458,,True,pending
stock,2026-05-07,688331,荣昌生物,HOLD,0,,,,,0,-7.05,ADC创新药,pharma,candidate,★★☆,,,,跌破20线; MA60上行(+2.1%/5日),130.0,123.9,121.57,115.8,,-0.046923,-0.064846,-0.109231,,0.015538,-0.110077,-0.005836,0.009701,0.002875,,-0.041087,-0.074547,-0.112106,,True,pending
stock,2026-05-07,600988,赤峰黄金,HOLD,0,,,,,0,-0.5,黄金矿采选,commodity,candidate,★★☆,,,,跌破20线; 主力净流入0.6亿,42.36,44.4,40.95,39.68,,0.048159,-0.033286,-0.063267,,0.05949,-0.063267,-0.005836,0.009701,0.002875,,0.053995,-0.042987,-0.066142,,True,pending
stock,2026-05-07,688548,广钢气体,HOLD,0,,,,,0,1.76,半导体特种气体,semicon,watch,★☆☆,,,,站20/60线; MA60上行(+3.0%/5日); 主力净流出2.6亿,27.8,27.64,28.31,30.05,,-0.005755,0.018345,0.080935,,0.147482,-0.015468,-0.005836,0.009701,0.002875,,8.1e-05,0.008644,0.07806,,False,pending
stock,2026-05-07,600519,贵州茅台,HOLD,-1,,,,,0,-3.93,高端白酒,consumer,core,★★★,,,,跌破60线; 绿柱扩张; RSI偏低33; 主力净流入0.5亿,1371.05,1372.99,1354.55,1342.17,,0.001415,-0.012035,-0.021064,,0.008548,-0.026162,-0.005836,0.009701,0.002875,,0.007251,-0.021736,-0.023939,,True,pending
stock,2026-05-07,000651,格力电器,HOLD,-1,,,,,0,4.99,家电,consumer,candidate,★★☆,,,,RSI偏高78,39.89,39.91,40.34,40.22,,0.000501,0.011281,0.008273,,0.024066,-0.00727,-0.005836,0.009701,0.002875,,0.006338,0.00158,0.005398,,False,pending
stock,2026-05-07,600030,中信证券,HOLD,-1,,,,,0,3.64,综合券商,finance,candidate,★★☆,,,,主力净流出2.0亿,27.23,26.95,27.22,26.66,,-0.010283,-0.000367,-0.020933,,0.009181,-0.020933,-0.005836,0.009701,0.002875,,-0.004447,-0.010068,-0.023808,,False,pending
stock,2026-05-07,002865,钧达股份,HOLD,-1,,,,,0,5.0,TOPCon光伏电池片,new_energy,watch,★☆☆,,,,红柱扩张; RSI偏高74; 放量1.5x; MA60下行趋势(-2.2%/5日); 主力净流入2.6亿,87.75,96.53,103.92,100.28,,0.100057,0.184274,0.142792,,0.260741,0.006268,-0.005836,0.009701,0.002875,,0.105893,0.174572,0.139917,,False,pending
stock,2026-05-07,600879,航天电子,HOLD,-1,,,,,0,5.02,军工电子/惯导,defense,candidate,★★☆,,,,红柱扩张; MA60下行趋势(-1.5%/5日),25.31,26.65,26.02,24.1,,0.052944,0.028052,-0.047807,,0.080601,-0.049783,-0.005836,0.009701,0.002875,,0.05878,0.018351,-0.050682,,False,pending
stock,2026-05-07,601088,中国神华,HOLD,-2,,,,,0,-2.3,煤炭/电力,commodity,watch,★★☆,,,,跌破60线; MA60上行(+1.2%/5日); 主力净流出1.1亿,45.59,45.18,45.2,45.17,,-0.008993,-0.008555,-0.009213,,0.00658,-0.023251,-0.005836,0.009701,0.002875,,-0.003157,-0.018256,-0.012088,,True,pending
stock,2026-05-07,002594,比亚迪,HOLD,-2,,,,,0,-1.49,电动车/刀片电池,new_energy,core,★★★,,,,跌破20线; 绿柱扩张; MA60上行(+0.8%/5日); 主力净流出4.2亿,100.46,100.02,99.23,98.73,,-0.00438,-0.012244,-0.017221,,0.005375,-0.026379,-0.005836,0.009701,0.002875,,0.001456,-0.021945,-0.020096,,True,pending
stock,2026-05-07,002028,思源电气,HOLD,-2,,,,,0,-1.0,特高压/变电设备,power_equip,core,★★★,,,,跌破60线,206.68,198.1,198.35,202.8,,-0.041513,-0.040304,-0.018773,,0.021676,-0.067641,-0.005836,0.009701,0.002875,,-0.035677,-0.050005,-0.021648,,True,pending
stock,2026-05-07,600893,航发动力,HOLD,-2,,,,,0,-1.34,航空发动机,defense,candidate,★★☆,,,,跌破60线; MA60偏弱(-0.3%/5日); 主力净流入2.1亿,48.33,50.1,48.7,48.56,,0.036623,0.007656,0.004759,,0.096627,-0.020484,-0.005836,0.009701,0.002875,,0.042459,-0.002045,0.001884,,True,pending
stock,2026-05-07,601899,紫金矿业,REDUCE,-3,,,,,0,0.55,铜金矿,commodity,watch,★☆☆,,,,跌破60线; MACD金叉; MA60下行趋势(-1.6%/5日); 主力净流出8.1亿,34.46,34.8,34.58,33.52,,0.009867,0.003482,-0.027278,,0.025247,-0.027858,-0.005836,0.009701,0.002875,,0.015703,-0.006219,-0.030153,,True,pending
stock,2026-05-07,600426,华鲁恒升,REDUCE,-3,,,,,0,-3.18,煤化工/化肥,chemical,candidate,★★☆,,,,跌破60线; 主力净流出1.8亿,36.12,35.51,34.99,33.97,,-0.016888,-0.031285,-0.059524,,0.007752,-0.059524,-0.005836,0.009701,0.002875,,-0.011052,-0.040986,-0.062399,,True,pending
stock,2026-05-07,603799,华友钴业,REDUCE,-3,,,,,0,5.0,钴/三元前驱体,battery_materials,candidate,★★☆,,,,MA60下行趋势(-1.5%/5日); 主力净流出1.2亿,68.2,66.0,62.87,60.31,,-0.032258,-0.078152,-0.115689,,0.009531,-0.120821,-0.005836,0.009701,0.002875,,-0.026422,-0.087854,-0.118564,,True,pending
stock,2026-05-07,600438,通威股份,REDUCE,-3,,,,,0,0.63,光伏电池/硅料,new_energy,candidate,★★☆,,,,跌破60线; MA60下行趋势(-1.5%/5日); 主力净流入0.5亿,17.49,17.22,16.99,16.94,,-0.015437,-0.028588,-0.031447,,0.020011,-0.045169,-0.005836,0.009701,0.002875,,-0.009601,-0.038289,-0.034322,,True,pending
stock,2026-05-07,601012,隆基绿能,REDUCE,-3,,,,,0,-3.81,光伏组件,new_energy,watch,★☆☆,,,,跌破60线; RSI超卖23; MA60下行趋势(-1.1%/5日); 主力净流出1.7亿,16.55,16.36,16.7,16.3,,-0.01148,0.009063,-0.015106,,0.029607,-0.01994,-0.005836,0.009701,0.002875,,-0.005644,-0.000638,-0.017981,,True,pending
stock,2026-05-07,002714,牧原股份,REDUCE,-3,,,,,0,-0.79,生猪养殖,agriculture,candidate,★★☆,,,,跌破60线; 主力净流出2.3亿,44.07,43.51,42.93,42.63,,-0.012707,-0.025868,-0.032675,,0.023372,-0.040163,-0.005836,0.009701,0.002875,,-0.006871,-0.035569,-0.035551,,True,pending
stock,2026-05-07,601318,中国平安,REDUCE,-3,,,,,0,2.63,保险/金融科技,finance,candidate,★★☆,,,,跌破60线; 红柱扩张; 放量1.8x; MA60下行趋势(-0.8%/5日); 主力净流出0.8亿,60.04,60.06,59.4,56.9,,0.000333,-0.01066,-0.052298,,0.008494,-0.053131,-0.005836,0.009701,0.002875,,0.006169,-0.020361,-0.055174,,True,pending
stock,2026-05-07,000568,泸州老窖,REDUCE,-3,,,,,0,-2.6,高端白酒,food_bev,candidate,★★☆,,,,跌破60线; 绿柱扩张; RSI偏低35; MA60下行趋势(-1.0%/5日); 主力净流入1.0亿,99.05,97.53,94.78,94.35,,-0.015346,-0.04311,-0.047451,,-0.000303,-0.068955,-0.005836,0.009701,0.002875,,-0.00951,-0.052811,-0.050326,,True,pending
stock,2026-05-07,300274,阳光电源,REDUCE,-4,,,,,0,4.24,逆变器,new_energy,core,★★★,,,,跌破60线; 红柱扩张; MA60下行趋势(-1.1%/5日); 主力净流出6.7亿,139.5,139.165,139.85,135.03,,-0.002401,0.002509,-0.032043,,0.047419,-0.037921,-0.005836,0.009701,0.002875,,0.003435,-0.007192,-0.034918,,False,pending
stock,2026-05-07,600031,三一重工,REDUCE,-4,,,,,0,3.43,工程机械,machinery,watch,★★☆,,,,跌破60线; 红柱扩张; MA60下行趋势(-0.8%/5日); 主力净流出0.9亿,20.98,20.53,21.36,20.61,,-0.021449,0.018112,-0.017636,,0.071497,-0.031935,-0.005836,0.009701,0.002875,,-0.015613,0.008411,-0.020511,,False,pending
stock,2026-05-07,600276,恒瑞医药,REDUCE,-4,,,,,0,-4.02,创新药,pharma,watch,★☆☆,,,,跌破60线; 绿柱扩张; RSI偏低34; MA60偏弱(-0.5%/5日); 主力净流出1.8亿,53.68,52.8,56.11,54.32,,-0.016393,0.045268,0.011923,,0.096684,-0.029061,-0.005836,0.009701,0.002875,,-0.010557,0.035567,0.009047,,True,pending
stock,2026-05-07,000858,五粮液,REDUCE,-4,,,,,0,-8.67,高端白酒,consumer,candidate,★★☆,,,,跌破60线; 绿柱扩张; RSI超卖11; MA60偏弱(-0.6%/5日); 连跌3日且MA60偏弱; 主力净流出1.0亿,92.6,92.13,90.56,88.99,,-0.005076,-0.02203,-0.038985,,0.00216,-0.052052,-0.005836,0.009701,0.002875,,0.000761,-0.031731,-0.04186,,True,pending
stock,2026-05-07,600309,万华化学,REDUCE,-4,,,,,0,-4.48,MDI/聚氨酯,chemical,core,★★★,,,,跌破60线; MACD死叉; RSI偏低31; 主力净流出9.0亿,84.8,83.6,83.29,81.99,,-0.014151,-0.017807,-0.033137,,0.010024,-0.034198,-0.005836,0.009701,0.002875,,-0.008315,-0.027508,-0.036012,,True,pending
stock,2026-05-07,603993,洛阳钼业,REDUCE,-4,,,,,0,2.42,铜/钴矿,commodity,core,★★★,,,,跌破60线; 红柱扩张; MA60下行趋势(-2.4%/5日); 主力净流出2.0亿,19.86,20.2,20.58,20.05,,0.01712,0.036254,0.009567,,0.08006,-0.022155,-0.005836,0.009701,0.002875,,0.022956,0.026553,0.006692,,False,pending
stock,2026-05-07,300760,迈瑞医疗,REDUCE,-4,,,,,0,5.0,医疗器械,pharma,candidate,★★☆,,,,跌破60线; 红柱扩张; MA60下行趋势(-1.2%/5日); 主力净流出0.9亿,170.5,170.61,166.39,161.24,,0.000645,-0.024106,-0.054311,,0.012727,-0.054311,-0.005836,0.009701,0.002875,,0.006481,-0.033807,-0.057186,,True,pending
stock,2026-05-07,601888,中国中免,REDUCE,-5,,,,,0,-6.07,免税零售,consumer,candidate,★★☆,,,,跌破60线; MACD死叉; RSI超卖23; MA60下行趋势(-2.9%/5日); 主力净流出1.3亿; RSI深度超卖(23<25)，暂缓止损降为减仓,63.05,62.68,61.55,60.8,,-0.005868,-0.023791,-0.035686,,0.002062,-0.047581,-0.005836,0.009701,0.002875,,-3.2e-05,-0.033492,-0.038561,,True,pending
stock,2026-05-08,002475,立讯精密,HOLD,4,,,,,0,5.0,消费电子精密制造,consumer_elec,core,★★★,,,,多头排列; 红柱扩张; RSI偏高72; MA60上行(+2.5%/5日),71.34,76.06,80.15,,,0.066162,0.123493,,,0.146341,0.043734,0.016406,0.025951,,,0.049756,0.097542,,,False,pending
stock,2026-05-08,002463,沪电股份,HOLD,4,,,,,0,5.0,高多层PCB,pcb,core,★★★,,,,多头排列; 红柱扩张; RSI偏高76; MA60上行(+3.5%/5日),108.31,108.68,112.58,,,0.003416,0.039424,,,0.056781,-0.029083,0.016406,0.025951,,,-0.01299,0.013473,,,False,pending
stock,2026-05-08,601869,长飞光纤,HOLD,4,,,,,0,4.08,光纤光缆,optics,core,★★★,,,,站20/60线; MACD即将金叉🔔; MA60上行(+7.6%/5日),392.06,400.31,406.96,,,0.021043,0.038004,,,0.096771,-0.018007,0.016406,0.025951,,,0.004636,0.012054,,,False,pending
stock,2026-05-08,600498,烽火通信,HOLD,4,,,,,0,5.0,光通信设备,optics,candidate,★★☆,,,,站20/60线; MACD金叉; MA60上行(+1.9%/5日),57.0,58.61,60.82,,,0.028246,0.067018,,,0.105088,-0.024561,0.016406,0.025951,,,0.011839,0.041067,,,False,pending
stock,2026-05-08,300502,新易盛,HOLD,3,,,,,0,1.49,光模块,optics,core,★★★,,,,站20/60线; MA60上行(+2.7%/5日),551.91,563.7,628.99,,,0.021362,0.13966,,,0.184432,-0.048305,0.016406,0.025951,,,0.004956,0.11371,,,True,pending
stock,2026-05-08,688195,腾景科技,HOLD,3,,,,,0,5.0,精密光学元件,optics,candidate,★★☆,,,,站20/60线; MACD即将金叉🔔; MA60上行(+4.5%/5日),369.28,375.6,373.66,,,0.017114,0.011861,,,0.069378,-0.052183,0.016406,0.025951,,,0.000708,-0.01409,,,True,pending
stock,2026-05-08,300757,罗博特科,HOLD,3,,,,,0,2.75,光伏/新能源自动化装备,industrial_auto,candidate,★★☆,,,,站20/60线; MACD即将金叉🔔; MA60上行(+2.9%/5日),518.73,512.3,539.67,,,-0.012396,0.040368,,,0.208066,-0.040349,0.016406,0.025951,,,-0.028802,0.014417,,,True,pending
stock,2026-05-08,601872,招商轮船,HOLD,3,,,,,0,4.99,VLCC油轮/干散货,shipping,candidate,★★☆,,,,站20/60线; MACD即将金叉🔔; MA60上行(+3.7%/5日),19.43,18.37,18.0,,,-0.054555,-0.073598,,,-0.022131,-0.098816,0.016406,0.025951,,,-0.070961,-0.099548,,,True,pending
stock,2026-05-08,688167,炬光科技,HOLD,3,,,,,0,5.0,高功率半导体激光器,optics,watch,★☆☆,,,,多头排列; MACD金叉; MA60上行(+4.1%/5日); 偏离MA20+13%,430.5,478.1,516.7,,,0.110569,0.200232,,,0.275261,0.056911,0.016406,0.025951,,,0.094163,0.174281,,,False,pending
stock,2026-05-08,603929,亚翔集成,HOLD,3,,,,,0,3.73,半导体洁净室工程,semicon,watch,★☆☆,,,,多头排列; 红柱扩张; MA60上行(+2.4%/5日),200.68,206.2,197.25,,,0.027506,-0.017092,,,0.070112,-0.077088,0.016406,0.025951,,,0.0111,-0.043043,,,True,pending
stock,2026-05-08,688041,海光信息,HOLD,2,,,,,0,5.0,国产CPU/GPU,semicon,core,★★★,,,,多头排列; RSI偏高71; MA60上行(+1.7%/5日); 偏离MA20+18%,321.8,349.18,348.19,,,0.085084,0.082007,,,0.114978,0.009944,0.016406,0.025951,,,0.068678,0.056057,,,False,pending
stock,2026-05-08,300476,胜宏科技,HOLD,2,,,,,0,5.0,PCB,pcb,candidate,★★☆,,,,多头排列; 红柱扩张; RSI偏高69; MA60上行(+2.2%/5日); 偏离MA20+13%,357.65,378.24,387.4,,,0.05757,0.083182,,,0.090452,-0.015798,0.016406,0.025951,,,0.041164,0.057231,,,False,pending
stock,2026-05-08,688120,华海清科,HOLD,2,,,,,0,3.77,CMP研磨设备,semicon,candidate,★★☆,,,,多头排列,196.25,206.89,250.71,,,0.054217,0.277503,,,0.31149,0.008764,0.016406,0.025951,,,0.03781,0.251552,,,False,pending
stock,2026-05-08,300666,江丰电子,HOLD,2,,,,,0,4.94,高纯溅射靶材,semicon,candidate,★★☆,,,,站20/60线; MA60上行(+3.2%/5日),173.02,185.0,186.25,,,0.069241,0.076465,,,0.127037,0.005722,0.016406,0.025951,,,0.052834,0.050514,,,False,pending
stock,2026-05-08,688521,芯原股份,HOLD,2,,,,,0,5.0,半导体IP/芯片设计平台,semicon,candidate,★★☆,,,,站20/60线; MA60上行(+1.6%/5日),260.74,267.4,277.5,,,0.025543,0.064279,,,0.099946,-0.016261,0.016406,0.025951,,,0.009136,0.038328,,,False,pending
stock,2026-05-08,605117,德业股份,HOLD,2,,,,,0,5.0,储能逆变器/户用储能,new_energy,candidate,★★☆,,,,站20/60线; MA60上行(+4.4%/5日),151.18,161.57,158.87,,,0.068726,0.050867,,,0.088438,-0.01442,0.016406,0.025951,,,0.05232,0.024916,,,False,pending
stock,2026-05-08,600988,赤峰黄金,HOLD,2,,,,,0,3.75,黄金矿采选,commodity,candidate,★★☆,,,,站20/60线; MACD即将金叉🔔,44.26,42.04,40.8,,,-0.050158,-0.078174,,,-0.016042,-0.103479,0.016406,0.025951,,,-0.066564,-0.104125,,,True,pending
stock,2026-05-08,600105,永鼎股份,HOLD,2,,,,,0,5.0,光纤光缆/新能源电缆,optics,watch,★☆☆,,,,多头排列; MACD金叉; RSI偏高73; MA60上行(+5.1%/5日); 偏离MA20+18%,49.76,51.4,51.83,,,0.032958,0.0416,,,0.13324,-0.01668,0.016406,0.025951,,,0.016552,0.015649,,,False,pending
stock,2026-05-08,300308,中际旭创,HOLD,1,,,,,0,5.0,光模块,optics,core,★★★,,,,多头排列; 绿柱扩张; RSI偏高71; MA60上行(+3.2%/5日),883.8,940.13,1049.2,,,0.063736,0.187146,,,0.232043,-0.015614,0.016406,0.025951,,,0.04733,0.161196,,,False,pending
stock,2026-05-08,688498,源杰科技,HOLD,1,,,,,0,5.0,光芯片基材,optics,candidate,★★☆,,,,多头排列; RSI偏高70; MA60上行(+6.4%/5日); 偏离MA20+14%,1580.84,1624.0,1708.0,,,0.027302,0.080438,,,0.117684,-0.019496,0.016406,0.025951,,,0.010896,0.054487,,,False,pending
stock,2026-05-08,603986,兆易创新,HOLD,1,,,,,0,5.0,存储芯片,semicon,candidate,★★☆,,,,多头排列; RSI偏高74; MA60上行(+0.6%/5日); 偏离MA20+13%,334.1,362.13,365.0,,,0.083897,0.092487,,,0.117929,0.015654,0.016406,0.025951,,,0.067491,0.066536,,,False,pending
stock,2026-05-08,603259,药明康德,HOLD,1,,,,,0,1.81,CXO,pharma,watch,★☆☆,,,,站20/60线; MA60上行(+1.1%/5日),106.79,108.72,108.92,,,0.018073,0.019946,,,0.05965,-0.03549,0.016406,0.025951,,,0.001667,-0.006005,,,True,pending
stock,2026-05-08,601138,工业富联,HOLD,1,,,,,0,1.89,AI服务器/精密制造,consumer_elec,candidate,★★☆,,,,站20/60线; 绿柱扩张; MA60上行(+0.7%/5日),63.12,65.85,70.84,,,0.043251,0.122307,,,0.17237,-0.001901,0.016406,0.025951,,,0.026845,0.096356,,,False,pending
stock,2026-05-08,688981,中芯国际,HOLD,1,,,,,0,5.0,半导体代工,semicon,core,★★★,,,,多头排列; RSI偏高71; MA60偏弱(-0.3%/5日),120.21,122.52,121.86,,,0.019216,0.013726,,,0.043507,-0.034689,0.016406,0.025951,,,0.00281,-0.012225,,,False,pending
stock,2026-05-08,000338,潍柴动力,HOLD,1,,,,,0,4.99,重型发动机/氢燃料,machinery,candidate,★★☆,,,,多头排列; RSI偏高76; MA60上行(+2.9%/5日); 偏离MA20+15%,33.04,33.53,34.34,,,0.014831,0.039346,,,0.076271,-0.038741,0.016406,0.025951,,,-0.001576,0.013395,,,False,pending
stock,2026-05-08,600030,中信证券,HOLD,1,,,,,0,1.86,综合券商,finance,candidate,★★☆,,,,站20/60线,26.89,27.33,27.15,,,0.016363,0.009669,,,0.021941,-0.008553,0.016406,0.025951,,,-4.3e-05,-0.016282,,,False,pending
stock,2026-05-08,600522,中天科技,HOLD,1,,,,,0,5.01,海缆/光纤/电力电缆,optics,core,★★★,,,,多头排列; 红柱扩张; RSI超买80; MA60上行(+4.5%/5日); 严重偏离MA20+25%,40.72,43.86,43.6,,,0.077112,0.070727,,,0.134086,0.044695,0.016406,0.025951,,,0.060706,0.044776,,,False,pending
stock,2026-05-08,688048,长光华芯,HOLD,1,,,,,0,5.0,半导体激光芯片,optics,candidate,★★☆,,,,多头排列; 红柱扩张; RSI偏高78; MA60上行(+10.4%/5日); 严重偏离MA20+34%,442.01,433.3,436.9,,,-0.019705,-0.011561,,,0.048325,-0.052058,0.016406,0.025951,,,-0.036112,-0.037512,,,True,pending
stock,2026-05-08,600487,亨通光电,HOLD,1,,,,,0,5.0,光纤光缆/海底电缆,optics,core,★★★,,,,多头排列; 红柱扩张; RSI超买82; MA60上行(+6.7%/5日); 严重偏离MA20+22%,77.2,74.99,75.43,,,-0.028627,-0.022927,,,0.034974,-0.05013,0.016406,0.025951,,,-0.045033,-0.048878,,,True,pending
stock,2026-05-08,688331,荣昌生物,HOLD,1,,,,,0,-11.52,ADC创新药,pharma,candidate,★★☆,,,,跌破20线; 绿柱扩张; RSI超卖20; MA60上行(+1.9%/5日),124.0,124.63,119.05,,,0.005081,-0.039919,,,0.038548,-0.067016,0.016406,0.025951,,,-0.011326,-0.06587,,,True,pending
stock,2026-05-08,300394,天孚通信,HOLD,0,,,,,0,-4.64,光通信器件,optics,core,★★☆,,,,跌破20线; MA60上行(+2.6%/5日),325.01,331.92,378.19,,,0.021261,0.163626,,,0.250915,-0.021261,0.016406,0.025951,,,0.004855,0.137675,,,True,pending
stock,2026-05-08,002384,东山精密,HOLD,0,,,,,0,5.0,PCB/光模块封装,optics,candidate,★★☆,,,,多头排列; 红柱扩张; RSI超买88; MA60上行(+9.2%/5日); 严重偏离MA20+24%,210.5,218.3,220.75,,,0.037055,0.048694,,,0.092637,-0.009644,0.016406,0.025951,,,0.020648,0.022743,,,False,pending
stock,2026-05-08,688012,中微公司,HOLD,0,,,,,0,5.0,半导体设备,semicon,core,★★★,,,,站20/60线; RSI偏高70,368.5,383.64,405.6,,,0.041085,0.100678,,,0.111479,0.007598,0.016406,0.025951,,,0.024679,0.074728,,,False,pending
stock,2026-05-08,300750,宁德时代,HOLD,0,,,,,0,1.35,动力电池,battery,core,★★★,,,,站20/60线; MACD死叉; MA60上行(+2.4%/5日),436.25,446.11,434.05,,,0.022602,-0.005043,,,0.032688,-0.021203,0.016406,0.025951,,,0.006195,-0.030994,,,True,pending
stock,2026-05-08,000333,美的集团,HOLD,0,,,,,0,1.81,家电/工业机器人,consumer,core,★★★,,,,站20/60线; RSI偏高70,80.29,80.67,80.38,,,0.004733,0.001121,,,0.026902,-0.008843,0.016406,0.025951,,,-0.011673,-0.02483,,,False,pending
stock,2026-05-08,600183,生益科技,HOLD,0,,,,,0,5.0,PCB基板/覆铜板,pcb,core,★★★,,,,多头排列; RSI超买80; MA60上行(+1.1%/5日); 偏离MA20+14%,81.86,83.66,94.18,,,0.021989,0.150501,,,0.227706,-0.010506,0.016406,0.025951,,,0.005582,0.12455,,,False,pending
stock,2026-05-08,603288,海天味业,HOLD,0,,,,,0,-4.77,调味品,food_bev,watch,★☆☆,,,,跌破60线; 绿柱扩张; RSI超卖23; MA60上行(+0.8%/5日),38.18,38.15,37.74,,,-0.000786,-0.011524,,,0.007072,-0.022263,0.016406,0.025951,,,-0.017192,-0.037475,,,True,pending
stock,2026-05-08,002008,大族激光,HOLD,0,,,,,0,5.0,工业激光设备,industrial_auto,candidate,★★☆,,,,多头排列; 红柱扩张; RSI超买90; MA60上行(+7.1%/5日); 严重偏离MA20+30%,121.6,134.27,148.13,,,0.104194,0.218174,,,0.287007,0.023849,0.016406,0.025951,,,0.087788,0.192224,,,False,pending
stock,2026-05-08,688409,富创精密,HOLD,0,,,,,0,5.0,半导体精密零部件,semicon,watch,★☆☆,,,,站20/60线; RSI偏高70; MA60上行(+2.2%/5日); 偏离MA20+13%,121.5,122.9,133.57,,,0.011523,0.099342,,,0.218107,-0.045267,0.016406,0.025951,,,-0.004884,0.073391,,,False,pending
stock,2026-05-08,301200,大族数控,HOLD,0,,,,,0,-0.81,激光/数控切割设备,industrial_auto,watch,★☆☆,,,,跌破20线; MA60上行(+1.0%/5日),188.15,201.91,233.97,,,0.073133,0.243529,,,0.275578,0.000319,0.016406,0.025951,,,0.056727,0.217578,,,True,pending
stock,2026-05-08,600893,航发动力,HOLD,0,,,,,0,1.9,航空发动机,defense,candidate,★★☆,,,,跌破60线; MACD金叉,50.11,50.5,51.38,,,0.007783,0.025344,,,0.057673,-0.049691,0.016406,0.025951,,,-0.008623,-0.000607,,,True,pending
stock,2026-05-08,688256,寒武纪,HOLD,-1,,,,,0,5.0,AI推理芯片,semicon,candidate,★☆☆,,,,多头排列; RSI超买80; 放量1.8x; MA60上行(+3.1%/5日); 严重偏离MA20+26%,1182.08,1200.0,1316.88,,,0.01516,0.114036,,,0.142055,-0.020345,0.016406,0.025951,,,-0.001247,0.088085,,,False,pending
stock,2026-05-08,600519,贵州茅台,HOLD,-1,,,,,0,-3.69,高端白酒,consumer,core,★★★,,,,跌破60线; RSI偏低27,1370.88,1361.33,1344.09,,,-0.006966,-0.019542,,,0.001466,-0.026042,0.016406,0.025951,,,-0.023373,-0.045493,,,True,pending
stock,2026-05-08,600887,伊利股份,HOLD,-1,,,,,0,5.01,乳制品/食品,consumer,candidate,★★☆,,,,红柱扩张; RSI超买80,27.52,28.06,27.9,,,0.019622,0.013808,,,0.031977,-0.005814,0.016406,0.025951,,,0.003216,-0.012143,,,False,pending
stock,2026-05-08,000651,格力电器,HOLD,-1,,,,,0,4.81,家电,consumer,candidate,★★☆,,,,RSI偏高77,39.9,40.46,40.3,,,0.014035,0.010025,,,0.02381,-0.007519,0.016406,0.025951,,,-0.002371,-0.015926,,,False,pending
stock,2026-05-08,002594,比亚迪,HOLD,-1,,,,,0,-2.08,电动车/刀片电池,new_energy,core,★★★,,,,跌破20线; 绿柱扩张; MA60上行(+0.8%/5日),99.98,100.44,98.6,,,0.004601,-0.013803,,,0.007502,-0.021704,0.016406,0.025951,,,-0.011805,-0.039754,,,True,pending
stock,2026-05-08,002714,牧原股份,HOLD,-1,,,,,0,-2.16,生猪养殖,agriculture,candidate,★★☆,,,,跌破60线; RSI偏低35,43.48,44.32,42.38,,,0.019319,-0.025299,,,0.037259,-0.027139,0.016406,0.025951,,,0.002913,-0.05125,,,True,pending
stock,2026-05-08,688548,广钢气体,HOLD,-1,,,,,0,0.58,半导体特种气体,semicon,watch,★☆☆,,,,站20/60线; MACD死叉; MA60上行(+2.9%/5日); 连跌5日,27.68,28.55,29.41,,,0.031431,0.0625,,,0.152457,-0.011199,0.016406,0.025951,,,0.015024,0.036549,,,True,pending
stock,2026-05-08,603256,宏和科技,HOLD,-1,,,,,0,5.0,高端电子玻纤布,pcb,watch,★☆☆,,,,多头排列; 红柱扩张; RSI超买90; MA60上行(+9.2%/5日); 严重偏离MA20+39%,148.73,149.98,146.22,,,0.008404,-0.016876,,,0.030054,-0.05789,0.016406,0.025951,,,-0.008002,-0.042827,,,True,pending
stock,2026-05-08,600879,航天电子,HOLD,-1,,,,,0,4.99,军工电子/惯导,defense,candidate,★★☆,,,,红柱扩张; 放量1.6x; MA60下行趋势(-0.9%/5日); 偏离MA20+13%,26.67,26.78,25.93,,,0.004124,-0.027747,,,0.025497,-0.098238,0.016406,0.025951,,,-0.012282,-0.053697,,,True,pending
stock,2026-05-08,600276,恒瑞医药,HOLD,-2,,,,,0,-5.62,创新药,pharma,watch,★☆☆,,,,跌破60线; 绿柱扩张; RSI超卖16; MA60偏弱(-0.6%/5日),52.71,53.52,55.86,,,0.015367,0.059761,,,0.116866,-0.011193,0.016406,0.025951,,,-0.001039,0.03381,,,True,pending
stock,2026-05-08,000858,五粮液,HOLD,-2,,,,,0,-8.68,高端白酒,consumer,candidate,★★☆,,,,跌破60线; 绿柱扩张; RSI超卖7; MA60偏弱(-0.8%/5日),92.09,91.81,89.15,,,-0.003041,-0.031925,,,0.002172,-0.046802,0.016406,0.025951,,,-0.019447,-0.057876,,,True,pending
stock,2026-05-08,600309,万华化学,HOLD,-2,,,,,0,-5.83,MDI/聚氨酯,chemical,core,★★★,,,,跌破60线; 绿柱扩张; RSI偏低32,83.6,83.51,83.33,,,-0.001077,-0.00323,,,0.024522,-0.020335,0.016406,0.025951,,,-0.017483,-0.02918,,,True,pending
stock,2026-05-08,603799,华友钴业,HOLD,-2,,,,,0,1.97,钴/三元前驱体,battery_materials,candidate,★★☆,,,,MA60下行趋势(-1.3%/5日),66.01,64.84,62.8,,,-0.017725,-0.048629,,,0.011968,-0.091653,0.016406,0.025951,,,-0.034131,-0.07458,,,True,pending
stock,2026-05-08,300274,阳光电源,REDUCE,-3,,,,,0,3.78,逆变器,new_energy,core,★★★,,,,跌破60线; 红柱扩张; MA60下行趋势(-0.8%/5日),139.73,143.355,142.65,,,0.025943,0.020897,,,0.045695,-0.039505,0.016406,0.025951,,,0.009537,-0.005053,,,True,pending
stock,2026-05-08,601899,紫金矿业,REDUCE,-3,,,,,0,1.12,铜金矿,commodity,watch,★☆☆,,,,跌破60线; 红柱扩张; MA60下行趋势(-1.6%/5日),34.78,34.27,34.66,,,-0.014664,-0.00345,,,0.015814,-0.036803,0.016406,0.025951,,,-0.03107,-0.029401,,,True,pending
stock,2026-05-08,600031,三一重工,REDUCE,-3,,,,,0,0.93,工程机械,machinery,watch,★★☆,,,,跌破60线; MA60偏弱(-0.7%/5日),20.5,21.84,21.39,,,0.065366,0.043415,,,0.096585,0.004878,0.016406,0.025951,,,0.04896,0.017464,,,False,pending
stock,2026-05-08,601888,中国中免,REDUCE,-3,,,,,0,-6.29,免税零售,consumer,candidate,★★☆,,,,跌破60线; 绿柱扩张; RSI超卖24; MA60下行趋势(-2.9%/5日),62.68,62.69,61.38,,,0.00016,-0.02074,,,0.006701,-0.041959,0.016406,0.025951,,,-0.016247,-0.046691,,,True,pending
stock,2026-05-08,603993,洛阳钼业,REDUCE,-3,,,,,0,3.37,铜/钴矿,commodity,core,★★★,,,,跌破60线; 红柱扩张; MA60下行趋势(-2.4%/5日),20.18,20.01,20.99,,,-0.008424,0.040139,,,0.062934,-0.021804,0.016406,0.025951,,,-0.02483,0.014188,,,False,pending
stock,2026-05-08,601088,中国神华,REDUCE,-3,,,,,0,-2.86,煤炭/电力,commodity,watch,★★☆,,,,跌破60线; MACD死叉; MA60上行(+1.0%/5日),45.18,45.17,44.8,,,-0.000221,-0.008411,,,0.004869,-0.014387,0.016406,0.025951,,,-0.016628,-0.034362,,,True,pending
stock,2026-05-08,601012,隆基绿能,REDUCE,-3,,,,,0,-5.08,光伏组件,new_energy,watch,★☆☆,,,,跌破60线; 绿柱扩张; RSI超卖23; MA60下行趋势(-1.0%/5日),16.33,16.61,16.78,,,0.017146,0.027557,,,0.043478,-0.001837,0.016406,0.025951,,,0.00074,0.001606,,,True,pending
stock,2026-05-08,002028,思源电气,REDUCE,-3,,,,,0,-5.52,特高压/变电设备,power_equip,core,★★★,,,,跌破60线; 绿柱扩张,197.7,196.16,207.2,,,-0.00779,0.048053,,,0.068083,-0.025291,0.016406,0.025951,,,-0.024196,0.022102,,,True,pending
stock,2026-05-08,601318,中国平安,REDUCE,-3,,,,,0,2.35,保险/金融科技,finance,candidate,★★☆,,,,跌破60线; 红柱扩张; MA60下行趋势(-0.8%/5日),60.04,60.1,58.04,,,0.000999,-0.033311,,,0.008494,-0.053131,0.016406,0.025951,,,-0.015407,-0.059262,,,True,pending
stock,2026-05-08,600426,华鲁恒升,REDUCE,-4,,,,,0,-4.5,煤化工/化肥,chemical,candidate,★★☆,,,,跌破60线; MACD死叉,35.53,34.82,34.5,,,-0.019983,-0.02899,,,0.024205,-0.043907,0.016406,0.025951,,,-0.036389,-0.05494,,,True,pending
stock,2026-05-08,000568,泸州老窖,REDUCE,-4,,,,,0,-3.91,高端白酒,food_bev,candidate,★★☆,,,,跌破60线; 绿柱扩张; RSI偏低31; MA60下行趋势(-1.2%/5日),97.52,96.91,92.7,,,-0.006255,-0.049426,,,0.008306,-0.054348,0.016406,0.025951,,,-0.022661,-0.075377,,,True,pending
stock,2026-05-08,688777,中控技术,REDUCE,-4,,,,,0,5.0,工业自动化DCS,industrial_auto,candidate,★★☆,,,,RSI超买80; MA60偏弱(-0.4%/5日); 偏离MA20+14%,81.8,82.0,78.8,,,0.002445,-0.036675,,,0.033985,-0.07824,0.016406,0.025951,,,-0.013961,-0.062626,,,True,pending
stock,2026-05-08,002865,钧达股份,REDUCE,-4,,,,,0,5.0,TOPCon光伏电池片,new_energy,watch,★☆☆,,,,红柱扩张; RSI超买78; 放量1.6x; MA60下行趋势(-1.8%/5日); 严重偏离MA20+25%,96.53,106.18,101.5,,,0.099969,0.051487,,,0.146069,0.02507,0.016406,0.025951,,,0.083563,0.025536,,,False,pending
stock,2026-05-08,300760,迈瑞医疗,SELL_STOP,-5,,,,,0,4.95,医疗器械,pharma,candidate,★★☆,,,,跌破60线; RSI偏高68; MA60下行趋势(-1.0%/5日),170.52,169.21,165.94,,,-0.007682,-0.026859,,,0.002228,-0.054422,0.016406,0.025951,,,-0.024089,-0.05281,,,True,pending
stock,2026-05-08,600438,通威股份,SELL_STOP,-6,,,,,0,-1.39,光伏电池/硅料,new_energy,candidate,★★☆,,,,跌破60线; MACD死叉; MA60下行趋势(-1.4%/5日),17.22,17.22,17.21,,,0.0,-0.000581,,,0.036005,-0.030197,0.016406,0.025951,,,-0.016406,-0.026532,,,True,pending
stock,2026-05-11,601869,长飞光纤,BUY_STRONG,5,,,,,8,5.0,光纤光缆,optics,core,★★★,,,,多头排列; MACD即将金叉🔔; MA60上行(+7.5%/5日),398.91,411.46,404.7,,,0.031461,0.014515,,,0.077937,-0.014815,-0.000765,-0.00752,,,0.032226,0.022035,,,False,pending
stock,2026-05-11,600498,烽火通信,HOLD,4,,,,,0,4.99,光通信设备,optics,candidate,★★☆,,,,多头排列; 红柱扩张; MA60上行(+2.2%/5日),58.06,59.01,59.17,,,0.016362,0.019118,,,0.084912,-0.003445,-0.000765,-0.00752,,,0.017128,0.026639,,,False,pending
stock,2026-05-11,688195,腾景科技,HOLD,4,,,,,0,5.0,精密光学元件,optics,candidate,★★☆,,,,多头排列; MACD即将金叉🔔; MA60上行(+4.8%/5日),372.03,366.01,367.0,,,-0.016181,-0.01352,,,0.061474,-0.059189,-0.000765,-0.00752,,,-0.015416,-0.006,,,True,pending
stock,2026-05-11,300308,中际旭创,HOLD,3,,,,,0,5.0,光模块,optics,core,★★★,,,,多头排列; MACD即将金叉🔔; RSI偏高73; MA60上行(+3.5%/5日); 偏离MA20+12%,934.82,1017.99,1078.0,,,0.088969,0.153163,,,0.164802,0.026936,-0.000765,-0.00752,,,0.089734,0.160684,,,False,pending
stock,2026-05-11,300502,新易盛,HOLD,3,,,,,0,2.83,光模块,optics,core,★★★,,,,站20/60线; MA60上行(+2.5%/5日),562.66,592.52,617.9,,,0.053069,0.098177,,,0.161803,0.014662,-0.000765,-0.00752,,,0.053835,0.105697,,,False,pending
stock,2026-05-11,300750,宁德时代,HOLD,3,,,,,0,3.05,动力电池,battery,core,★★★,,,,多头排列; 绿柱扩张; MA60上行(+2.4%/5日),447.15,431.25,427.0,,,-0.035559,-0.045063,,,0.00738,-0.045063,-0.000765,-0.00752,,,-0.034793,-0.037543,,,True,pending
stock,2026-05-11,002475,立讯精密,HOLD,3,,,,,0,5.0,消费电子精密制造,consumer_elec,core,★★★,,,,多头排列; 红柱扩张; RSI偏高75; MA60上行(+2.8%/5日); 偏离MA20+17%,76.17,77.19,75.4,,,0.013391,-0.010109,,,0.073651,-0.013916,-0.000765,-0.00752,,,0.014156,-0.002589,,,False,pending
stock,2026-05-11,601138,工业富联,HOLD,3,,,,,0,4.68,AI服务器/精密制造,consumer_elec,candidate,★★☆,,,,多头排列; MA60上行(+0.8%/5日),65.44,64.4,68.6,,,-0.015892,0.048289,,,0.130807,-0.033771,-0.000765,-0.00752,,,-0.015127,0.055809,,,False,pending
stock,2026-05-11,002463,沪电股份,HOLD,3,,,,,0,5.0,高多层PCB,pcb,core,★★★,,,,多头排列; RSI偏高75; MA60上行(+3.7%/5日),108.51,108.68,107.02,,,0.001567,-0.013731,,,0.054834,-0.030873,-0.000765,-0.00752,,,0.002332,-0.006211,,,False,pending
stock,2026-05-11,688120,华海清科,HOLD,3,,,,,0,5.0,CMP研磨设备,semicon,candidate,★★☆,,,,多头排列; 红柱扩张,206.14,235.14,250.5,,,0.140681,0.215194,,,0.248569,-0.014602,-0.000765,-0.00752,,,0.141446,0.222714,,,False,pending
stock,2026-05-11,605117,德业股份,HOLD,3,,,,,0,5.0,储能逆变器/户用储能,new_energy,candidate,★★☆,,,,多头排列; 红柱扩张; RSI偏高68; MA60上行(+4.7%/5日),160.46,158.82,151.18,,,-0.010221,-0.057834,,,0.012713,-0.060202,-0.000765,-0.00752,,,-0.009455,-0.050313,,,True,pending
stock,2026-05-11,603929,亚翔集成,HOLD,3,,,,,0,5.0,半导体洁净室工程,semicon,watch,★☆☆,,,,多头排列; 红柱扩张; MA60上行(+2.4%/5日),204.93,194.9,188.2,,,-0.048944,-0.081638,,,0.014981,-0.096228,-0.000765,-0.00752,,,-0.048178,-0.074117,,,True,pending
stock,2026-05-11,301200,大族数控,HOLD,3,,,,,0,5.0,激光/数控切割设备,industrial_auto,watch,★☆☆,,,,站20/60线; MACD即将金叉🔔; 放量1.6x; MA60上行(+1.4%/5日),201.55,210.2,218.39,,,0.042917,0.083552,,,0.190772,-0.044406,-0.000765,-0.00752,,,0.043683,0.091073,,,False,pending
stock,2026-05-11,688012,中微公司,HOLD,2,,,,,0,5.0,半导体设备,semicon,core,★★★,,,,多头排列; RSI偏高75; MA60上行(+0.7%/5日); 偏离MA20+13%,382.46,388.45,387.17,,,0.015662,0.012315,,,0.070909,-0.02212,-0.000765,-0.00752,,,0.016427,0.019835,,,False,pending
stock,2026-05-11,603986,兆易创新,HOLD,2,,,,,0,5.0,存储芯片,semicon,candidate,★★☆,,,,多头排列; 红柱扩张; RSI偏高77; MA60上行(+1.0%/5日); 偏离MA20+20%,361.81,353.55,356.19,,,-0.02283,-0.015533,,,0.03231,-0.062132,-0.000765,-0.00752,,,-0.022064,-0.008013,,,True,pending
stock,2026-05-11,000333,美的集团,HOLD,2,,,,,0,2.0,家电/工业机器人,consumer,core,★★★,,,,多头排列; RSI偏高70,80.65,80.09,81.81,,,-0.006944,0.014383,,,0.017731,-0.012647,-0.000765,-0.00752,,,-0.006178,0.021904,,,False,pending
stock,2026-05-11,688041,海光信息,HOLD,2,,,,,0,5.0,国产CPU/GPU,semicon,core,★★★,,,,多头排列; 红柱扩张; RSI偏高75; MA60上行(+2.3%/5日); 严重偏离MA20+25%,347.5,349.19,325.2,,,0.004863,-0.064173,,,0.032518,-0.064748,-0.000765,-0.00752,,,0.005629,-0.056652,,,True,pending
stock,2026-05-11,688981,中芯国际,HOLD,2,,,,,0,5.0,半导体代工,semicon,core,★★★,,,,多头排列; RSI偏高72,122.37,121.98,117.9,,,-0.003187,-0.036529,,,0.025088,-0.051728,-0.000765,-0.00752,,,-0.002422,-0.029008,,,True,pending
stock,2026-05-11,300476,胜宏科技,HOLD,2,,,,,0,5.0,PCB,pcb,candidate,★★☆,,,,多头排列; 红柱扩张; RSI偏高71; MA60上行(+2.5%/5日); 偏离MA20+17%,377.38,375.43,354.83,,,-0.005167,-0.059754,,,0.033441,-0.060364,-0.000765,-0.00752,,,-0.004402,-0.052234,,,True,pending
stock,2026-05-11,600030,中信证券,HOLD,2,,,,,0,2.89,综合券商,finance,candidate,★★☆,,,,多头排列,27.32,27.22,26.66,,,-0.00366,-0.024158,,,0.005124,-0.024158,-0.000765,-0.00752,,,-0.002895,-0.016638,,,False,pending
stock,2026-05-11,600522,中天科技,HOLD,2,,,,,0,5.0,海缆/光纤/电力电缆,optics,core,★★★,,,,多头排列; 红柱扩张; RSI超买82; 放量1.6x; MA60上行(+5.0%/5日); 严重偏离MA20+32%,43.8,44.08,44.1,,,0.006393,0.006849,,,0.054338,-0.028767,-0.000765,-0.00752,,,0.007158,0.01437,,,False,pending
stock,2026-05-11,300666,江丰电子,HOLD,2,,,,,0,5.0,高纯溅射靶材,semicon,candidate,★★☆,,,,多头排列; RSI偏高69; MA60上行(+3.3%/5日),184.2,181.77,180.0,,,-0.013192,-0.022801,,,0.058632,-0.054886,-0.000765,-0.00752,,,-0.012427,-0.015281,,,True,pending
stock,2026-05-11,300757,罗博特科,HOLD,2,,,,,0,0.96,光伏/新能源自动化装备,industrial_auto,candidate,★★☆,,,,站20/60线; MA60上行(+2.9%/5日),511.18,510.09,589.0,,,-0.002132,0.152236,,,0.225909,-0.026175,-0.000765,-0.00752,,,-0.001367,0.159756,,,True,pending
stock,2026-05-11,600487,亨通光电,HOLD,2,,,,,0,5.0,光纤光缆/海底电缆,optics,core,★★★,,,,多头排列; RSI偏高77; MA60上行(+6.8%/5日); 偏离MA20+17%,74.67,75.1,74.0,,,0.005759,-0.008973,,,0.051292,-0.017946,-0.000765,-0.00752,,,0.006524,-0.001452,,,False,pending
stock,2026-05-11,688521,芯原股份,HOLD,2,,,,,0,5.0,半导体IP/芯片设计平台,semicon,candidate,★★☆,,,,站20/60线; MA60上行(+2.0%/5日),266.34,271.99,265.91,,,0.021213,-0.001614,,,0.076819,-0.036945,-0.000765,-0.00752,,,0.021979,0.005906,,,False,pending
stock,2026-05-11,688331,荣昌生物,HOLD,2,,,,,0,-10.58,ADC创新药,pharma,candidate,★★☆,,,,跌破20线; RSI超卖12; MA60上行(+1.8%/5日),124.27,121.57,115.8,,,-0.021727,-0.068158,,,0.036292,-0.069043,-0.000765,-0.00752,,,-0.020962,-0.060638,,,True,pending
stock,2026-05-11,300394,天孚通信,HOLD,1,,,,,0,-2.78,光通信器件,optics,core,★★☆,,,,跌破20线; MACD即将金叉🔔; MA60上行(+2.5%/5日),330.66,342.45,392.0,,,0.035656,0.185508,,,0.229541,0.017087,-0.000765,-0.00752,,,0.036421,0.193028,,,True,pending
stock,2026-05-11,688498,源杰科技,HOLD,1,,,,,0,5.0,光芯片基材,optics,candidate,★★☆,,,,多头排列; RSI偏高71; MA60上行(+6.3%/5日); 偏离MA20+15%,1623.54,1731.0,1635.0,,,0.066189,0.007059,,,0.088289,0.002402,-0.000765,-0.00752,,,0.066954,0.014579,,,False,pending
stock,2026-05-11,600031,三一重工,HOLD,1,,,,,0,4.99,工程机械,machinery,watch,★★☆,,,,红柱扩张; 放量2.6x; MA60偏弱(-0.5%/5日),21.84,21.36,20.61,,,-0.021978,-0.056319,,,-0.002289,-0.056777,-0.000765,-0.00752,,,-0.021213,-0.048798,,,True,pending
stock,2026-05-11,603259,药明康德,HOLD,1,,,,,0,3.09,CXO,pharma,watch,★☆☆,,,,站20/60线; MA60上行(+1.1%/5日),108.44,110.33,103.01,,,0.017429,-0.050074,,,0.043526,-0.050166,-0.000765,-0.00752,,,0.018194,-0.042553,,,True,pending
stock,2026-05-11,000338,潍柴动力,HOLD,1,,,,,0,5.01,重型发动机/氢燃料,machinery,candidate,★★☆,,,,多头排列; RSI偏高75; MA60上行(+3.2%/5日); 偏离MA20+15%,33.54,32.7,34.2,,,-0.025045,0.019678,,,0.060227,-0.053071,-0.000765,-0.00752,,,-0.024279,0.027198,,,True,pending
stock,2026-05-11,603288,海天味业,HOLD,1,,,,,0,-4.57,调味品,food_bev,watch,★☆☆,,,,跌破60线; RSI超卖23; MA60上行(+0.7%/5日),38.1,37.84,37.35,,,-0.006824,-0.019685,,,0.009186,-0.02021,-0.000765,-0.00752,,,-0.006059,-0.012165,,,True,pending
stock,2026-05-11,688048,长光华芯,HOLD,1,,,,,0,5.0,半导体激光芯片,optics,candidate,★★☆,,,,多头排列; 红柱扩张; RSI偏高76; MA60上行(+10.8%/5日); 严重偏离MA20+28%,434.5,431.49,448.1,,,-0.006928,0.0313,,,0.066444,-0.035673,-0.000765,-0.00752,,,-0.006162,0.038821,,,False,pending
stock,2026-05-11,601872,招商轮船,HOLD,1,,,,,0,0.38,VLCC油轮/干散货,shipping,candidate,★★☆,,,,站20/60线; 绿柱扩张; MA60上行(+3.8%/5日),18.36,17.79,18.0,,,-0.031046,-0.019608,,,0.028322,-0.046296,-0.000765,-0.00752,,,-0.03028,-0.012087,,,True,pending
stock,2026-05-11,600988,赤峰黄金,HOLD,1,,,,,0,-0.86,黄金矿采选,commodity,candidate,★★☆,,,,跌破20线; MACD金叉; 放量1.5x; MA60偏弱(-0.5%/5日),41.97,40.95,39.68,,,-0.024303,-0.054563,,,0.030498,-0.054563,-0.000765,-0.00752,,,-0.023538,-0.047042,,,True,pending
stock,2026-05-11,688167,炬光科技,HOLD,1,,,,,0,5.0,高功率半导体激光器,optics,watch,★☆☆,,,,多头排列; 红柱扩张; MA60上行(+4.4%/5日); 严重偏离MA20+25%,480.72,475.0,503.98,,,-0.011899,0.048386,,,0.142037,-0.052671,-0.000765,-0.00752,,,-0.011133,0.055906,,,True,pending
stock,2026-05-11,600105,永鼎股份,HOLD,1,,,,,0,5.0,光纤光缆/新能源电缆,optics,watch,★☆☆,,,,多头排列; 红柱扩张; RSI偏高73; MA60上行(+5.5%/5日); 偏离MA20+19%,51.38,52.32,53.99,,,0.018295,0.050798,,,0.097509,-0.012067,-0.000765,-0.00752,,,0.01906,0.058318,,,False,pending
stock,2026-05-11,688409,富创精密,HOLD,1,,,,,0,5.0,半导体精密零部件,semicon,watch,★☆☆,,,,站20/60线; RSI偏高69; MA60上行(+2.1%/5日),120.29,130.51,142.03,,,0.084961,0.18073,,,0.23036,-0.010308,-0.000765,-0.00752,,,0.085727,0.18825,,,False,pending
stock,2026-05-11,002384,东山精密,HOLD,0,,,,,0,5.0,PCB/光模块封装,optics,candidate,★★☆,,,,多头排列; 红柱扩张; RSI超买90; MA60上行(+9.5%/5日); 严重偏离MA20+25%,218.51,219.46,214.89,,,0.004348,-0.016567,,,0.052583,-0.025674,-0.000765,-0.00752,,,0.005113,-0.009046,,,False,pending
stock,2026-05-11,000651,格力电器,HOLD,0,,,,,0,5.0,家电,consumer,candidate,★★☆,,,,多头排列; RSI超买81,40.42,40.34,40.22,,,-0.001979,-0.004948,,,0.010638,-0.008412,-0.000765,-0.00752,,,-0.001214,0.002572,,,False,pending
stock,2026-05-11,600183,生益科技,HOLD,0,,,,,0,4.99,PCB基板/覆铜板,pcb,core,★★★,,,,多头排列; RSI超买81; MA60上行(+1.3%/5日); 偏离MA20+15%,83.5,85.62,93.32,,,0.025389,0.117605,,,0.203593,-0.011976,-0.000765,-0.00752,,,0.026155,0.125125,,,False,pending
stock,2026-05-11,002008,大族激光,HOLD,0,,,,,0,5.0,工业激光设备,industrial_auto,candidate,★★☆,,,,多头排列; 红柱扩张; RSI超买90; MA60上行(+7.8%/5日); 严重偏离MA20+39%,134.25,134.66,149.23,,,0.003054,0.111583,,,0.165736,-0.044469,-0.000765,-0.00752,,,0.003819,0.119103,,,False,pending
stock,2026-05-11,688548,广钢气体,HOLD,0,,,,,0,3.08,半导体特种气体,semicon,watch,★☆☆,,,,站20/60线; 绿柱扩张; MA60上行(+2.9%/5日); 连跌6日,28.6,28.31,30.05,,,-0.01014,0.050699,,,0.115385,-0.029371,-0.000765,-0.00752,,,-0.009374,0.05822,,,False,pending
stock,2026-05-11,600879,航天电子,HOLD,0,,,,,0,5.0,军工电子/惯导,defense,candidate,★★☆,,,,多头排列; 红柱扩张; RSI偏高68; MA60偏弱(-0.4%/5日); 偏离MA20+12%,26.82,26.02,24.1,,,-0.029828,-0.101417,,,-0.001491,-0.103281,-0.000765,-0.00752,,,-0.029063,-0.093896,,,True,pending
stock,2026-05-11,688256,寒武纪,HOLD,-1,,,,,0,5.0,AI推理芯片,semicon,candidate,★☆☆,,,,多头排列; RSI超买80; 放量2.0x; MA60上行(+3.8%/5日); 严重偏离MA20+25%,1201.25,1277.87,1260.58,,,0.063784,0.04939,,,0.123829,-0.009523,-0.000765,-0.00752,,,0.064549,0.056911,,,False,pending
stock,2026-05-11,600276,恒瑞医药,HOLD,-1,,,,,0,-3.91,创新药,pharma,watch,★☆☆,,,,跌破60线; RSI超卖23; MA60偏弱(-0.6%/5日),53.39,56.11,54.32,,,0.050946,0.017419,,,0.102641,-0.011987,-0.000765,-0.00752,,,0.051711,0.024939,,,True,pending
stock,2026-05-11,600887,伊利股份,HOLD,-1,,,,,0,4.99,乳制品/食品,consumer,candidate,★★☆,,,,红柱扩张; RSI超买85,28.04,28.01,27.78,,,-0.00107,-0.009272,,,0.012839,-0.017118,-0.000765,-0.00752,,,-0.000305,-0.001752,,,False,pending
stock,2026-05-11,002594,比亚迪,HOLD,-1,,,,,0,-1.78,电动车/刀片电池,new_energy,core,★★★,,,,跌破20线; 绿柱扩张; MA60上行(+0.8%/5日),100.23,99.23,98.73,,,-0.009977,-0.014966,,,-0.001297,-0.024144,-0.000765,-0.00752,,,-0.009212,-0.007445,,,True,pending
stock,2026-05-11,603256,宏和科技,HOLD,-1,,,,,0,5.0,高端电子玻纤布,pcb,watch,★☆☆,,,,多头排列; 红柱扩张; RSI超买91; MA60上行(+9.6%/5日); 严重偏离MA20+35%,148.96,148.31,141.83,,,-0.004364,-0.047865,,,0.013695,-0.059345,-0.000765,-0.00752,,,-0.003598,-0.040345,,,True,pending
stock,2026-05-11,600893,航发动力,HOLD,-1,,,,,0,2.44,航空发动机,defense,candidate,★★☆,,,,跌破60线; 红柱扩张,50.39,48.7,48.56,,,-0.033538,-0.036317,,,0.051796,-0.054971,-0.000765,-0.00752,,,-0.032773,-0.028796,,,True,pending
stock,2026-05-11,300274,阳光电源,HOLD,-2,,,,,0,5.0,逆变器,new_energy,core,★★★,,,,跌破60线; 红柱扩张; MA60偏弱(-0.6%/5日),144.04,139.85,135.03,,,-0.029089,-0.062552,,,0.002777,-0.068245,-0.000765,-0.00752,,,-0.028324,-0.055032,,,True,pending
stock,2026-05-11,600519,贵州茅台,HOLD,-2,,,,,0,-3.97,高端白酒,consumer,core,★★★,,,,跌破60线; 绿柱扩张; RSI偏低27,1362.32,1354.55,1342.17,,,-0.005704,-0.014791,,,0.004947,-0.019922,-0.000765,-0.00752,,,-0.004938,-0.007271,,,True,pending
stock,2026-05-11,000858,五粮液,HOLD,-2,,,,,0,-8.38,高端白酒,consumer,candidate,★★☆,,,,跌破60线; RSI超卖7; MA60下行趋势(-0.9%/5日),91.77,90.56,88.99,,,-0.013185,-0.030293,,,0.001743,-0.043478,-0.000765,-0.00752,,,-0.01242,-0.022773,,,True,pending
stock,2026-05-11,600309,万华化学,HOLD,-2,,,,,0,-5.89,MDI/聚氨酯,chemical,core,★★★,,,,跌破60线; 绿柱扩张; RSI偏低26,83.4,83.29,81.99,,,-0.001319,-0.016906,,,0.026978,-0.017986,-0.000765,-0.00752,,,-0.000554,-0.009386,,,True,pending
stock,2026-05-11,601088,中国神华,HOLD,-2,,,,,0,-2.77,煤炭/电力,commodity,watch,★★☆,,,,跌破60线; 绿柱扩张; MA60上行(+1.0%/5日),45.14,45.2,45.17,,,0.001329,0.000665,,,0.00576,-0.013514,-0.000765,-0.00752,,,0.002095,0.008185,,,True,pending
stock,2026-05-11,601012,隆基绿能,HOLD,-2,,,,,0,-3.26,光伏组件,new_energy,watch,★☆☆,,,,跌破60线; MACD即将金叉🔔; RSI偏低26; MA60下行趋势(-0.9%/5日),16.58,16.7,16.3,,,0.007238,-0.016888,,,0.027744,-0.016888,-0.000765,-0.00752,,,0.008003,-0.009367,,,True,pending
stock,2026-05-11,002714,牧原股份,HOLD,-2,,,,,0,-0.25,生猪养殖,agriculture,candidate,★★☆,,,,跌破60线; 红柱扩张; 连跌3日且MA60偏弱,44.31,42.93,42.63,,,-0.031144,-0.037915,,,0.0,-0.045362,-0.000765,-0.00752,,,-0.030379,-0.030394,,,True,pending
stock,2026-05-11,601888,中国中免,REDUCE,-3,,,,,0,-5.88,免税零售,consumer,candidate,★★☆,,,,跌破60线; 绿柱扩张; RSI超卖23; MA60下行趋势(-2.9%/5日),62.57,61.55,60.8,,,-0.016302,-0.028288,,,0.001758,-0.040275,-0.000765,-0.00752,,,-0.015536,-0.020768,,,True,pending
stock,2026-05-11,600426,华鲁恒升,REDUCE,-3,,,,,0,-6.36,煤化工/化肥,chemical,candidate,★★☆,,,,跌破60线; 绿柱扩张,34.73,34.99,33.97,,,0.007486,-0.021883,,,0.021595,-0.021883,-0.000765,-0.00752,,,0.008252,-0.014363,,,True,pending
stock,2026-05-11,603993,洛阳钼业,REDUCE,-3,,,,,0,2.05,铜/钴矿,commodity,core,★★★,,,,跌破60线; 红柱扩张; MA60下行趋势(-2.1%/5日),19.96,20.58,20.05,,,0.031062,0.004509,,,0.074649,0.003507,-0.000765,-0.00752,,,0.031827,0.012029,,,False,pending
stock,2026-05-11,002028,思源电气,REDUCE,-3,,,,,0,-6.32,特高压/变电设备,power_equip,core,★★★,,,,跌破60线; 绿柱扩张,195.71,198.35,202.8,,,0.013489,0.036227,,,0.078943,-0.01538,-0.000765,-0.00752,,,0.014255,0.043748,,,True,pending
stock,2026-05-11,601899,紫金矿业,REDUCE,-4,,,,,0,-0.47,铜金矿,commodity,watch,★☆☆,,,,跌破60线; MA60下行趋势(-1.5%/5日),34.21,34.58,33.52,,,0.010816,-0.02017,,,0.032739,-0.020754,-0.000765,-0.00752,,,0.011581,-0.012649,,,True,pending
stock,2026-05-11,603799,华友钴业,REDUCE,-4,,,,,0,-0.62,钴/三元前驱体,battery_materials,candidate,★★☆,,,,跌破60线; MA60下行趋势(-1.1%/5日),64.48,62.87,60.31,,,-0.024969,-0.064671,,,0.017835,-0.070099,-0.000765,-0.00752,,,-0.024204,-0.057151,,,True,pending
stock,2026-05-11,601318,中国平安,REDUCE,-4,,,,,0,2.36,保险/金融科技,finance,candidate,★★☆,,,,跌破60线; MA60下行趋势(-0.9%/5日),60.08,59.4,56.9,,,-0.011318,-0.052929,,,0.006991,-0.053762,-0.000765,-0.00752,,,-0.010553,-0.045409,,,True,pending
stock,2026-05-11,300760,迈瑞医疗,REDUCE,-4,,,,,0,3.76,医疗器械,pharma,candidate,★★☆,,,,跌破60线; MA60下行趋势(-0.9%/5日),168.71,166.39,161.24,,,-0.013751,-0.044277,,,0.006698,-0.044277,-0.000765,-0.00752,,,-0.012986,-0.036757,,,True,pending
stock,2026-05-11,000568,泸州老窖,REDUCE,-4,,,,,0,-4.18,高端白酒,food_bev,candidate,★★☆,,,,跌破60线; 绿柱扩张; RSI偏低30; MA60下行趋势(-1.5%/5日),96.87,94.78,94.35,,,-0.021575,-0.026014,,,0.00031,-0.048002,-0.000765,-0.00752,,,-0.02081,-0.018494,,,True,pending
stock,2026-05-11,688777,中控技术,REDUCE,-4,,,,,0,5.0,工业自动化DCS,industrial_auto,candidate,★★☆,,,,RSI超买79; MA60偏弱(-0.3%/5日); 偏离MA20+14%,82.2,78.77,75.43,,,-0.041727,-0.08236,,,-0.004988,-0.082725,-0.000765,-0.00752,,,-0.040962,-0.07484,,,True,pending
stock,2026-05-11,600438,通威股份,SELL_STOP,-5,,,,,0,-1.74,光伏电池/硅料,new_energy,candidate,★★☆,,,,跌破60线; 绿柱扩张; MA60下行趋势(-1.3%/5日),17.2,16.99,16.94,,,-0.012209,-0.015116,,,0.037209,-0.02907,-0.000765,-0.00752,,,-0.011444,-0.007596,,,True,pending
stock,2026-05-11,002865,钧达股份,REDUCE,-5,,,,,0,5.0,TOPCon光伏电池片,new_energy,watch,★☆☆,,,,红柱扩张; RSI超买81; MA60下行趋势(-1.1%/5日); 严重偏离MA20+34%; MA60跌破0日未满4日确认，降级为减仓,106.18,103.92,100.28,,,-0.021285,-0.055566,,,0.04191,-0.068092,-0.000765,-0.00752,,,-0.020519,-0.048046,,,True,pending
stock,2026-05-12,300502,新易盛,BUY_WATCH,5,,,,,5,5.0,光模块,optics,core,★★★,,,,多头排列; MACD即将金叉🔔; MA60上行(+2.7%/5日),592.52,628.99,,,,0.061551,,,,0.103254,-0.017451,0.010164,,,,0.051387,,,,False,pending
stock,2026-05-12,601869,长飞光纤,HOLD,5,,,,,0,5.0,光纤光缆,optics,core,★★★,,,,多头排列; MACD即将金叉🔔; MA60上行(+7.5%/5日); ★★★core偏离MA20+9%，追高风险降为观察,411.46,406.96,,,,-0.010937,,,,0.019978,-0.044865,0.010164,,,,-0.0211,,,,False,pending
stock,2026-05-12,301200,大族数控,HOLD,5,,,,,0,5.0,激光/数控切割设备,industrial_auto,watch,★☆☆,,,,多头排列; MACD金叉; 放量1.9x; MA60上行(+1.8%/5日); 观察池(watch)，等待进入核心/候选池后再买入,210.2,233.97,,,,0.113083,,,,0.14177,-0.02236,0.010164,,,,0.102919,,,,False,pending
stock,2026-05-12,300308,中际旭创,HOLD,4,,,,,0,5.0,光模块,optics,core,★★★,,,,多头排列; MACD金叉; RSI偏高76; MA60上行(+3.9%/5日); 偏离MA20+20%,1017.99,1049.2,,,,0.030658,,,,0.069637,-0.026395,0.010164,,,,0.020495,,,,False,pending
stock,2026-05-12,300394,天孚通信,HOLD,3,,,,,0,0.81,光通信器件,optics,core,★★☆,,,,站20/60线; MACD即将金叉🔔; MA60上行(+2.3%/5日),342.45,378.19,,,,0.104366,,,,0.18721,-0.000438,0.010164,,,,0.094202,,,,False,pending
stock,2026-05-12,002475,立讯精密,HOLD,3,,,,,0,5.0,消费电子精密制造,consumer_elec,core,★★★,,,,多头排列; 红柱扩张; RSI偏高78; MA60上行(+3.1%/5日); 偏离MA20+16%,77.19,80.15,,,,0.038347,,,,0.059464,-0.026946,0.010164,,,,0.028183,,,,False,pending
stock,2026-05-12,002463,沪电股份,HOLD,3,,,,,0,5.0,高多层PCB,pcb,core,★★★,,,,多头排列; RSI偏高72; MA60上行(+3.9%/5日),108.68,112.58,,,,0.035885,,,,0.053184,-0.023279,0.010164,,,,0.025722,,,,False,pending
stock,2026-05-12,300476,胜宏科技,HOLD,3,,,,,0,5.0,PCB,pcb,candidate,★★☆,,,,多头排列; 红柱扩张; MA60上行(+2.7%/5日); 偏离MA20+15%,375.43,387.4,,,,0.031883,,,,0.038809,-0.055483,0.010164,,,,0.02172,,,,True,pending
stock,2026-05-12,600498,烽火通信,HOLD,3,,,,,0,5.0,光通信设备,optics,candidate,★★☆,,,,多头排列; 红柱扩张; MA60上行(+2.5%/5日); 偏离MA20+13%,59.01,60.82,,,,0.030673,,,,0.067446,-0.008304,0.010164,,,,0.020509,,,,False,pending
stock,2026-05-12,688195,腾景科技,HOLD,3,,,,,0,4.36,精密光学元件,optics,candidate,★★☆,,,,多头排列; MA60上行(+4.8%/5日),366.01,373.66,,,,0.020901,,,,0.06008,-0.043715,0.010164,,,,0.010737,,,,True,pending
stock,2026-05-12,300666,江丰电子,HOLD,3,,,,,0,5.0,高纯溅射靶材,semicon,candidate,★★☆,,,,多头排列; MA60上行(+3.5%/5日),181.77,186.25,,,,0.024647,,,,0.072784,-0.042251,0.010164,,,,0.014483,,,,False,pending
stock,2026-05-12,688521,芯原股份,HOLD,3,,,,,0,5.0,半导体IP/芯片设计平台,semicon,candidate,★★☆,,,,多头排列; MA60上行(+1.9%/5日),271.99,277.5,,,,0.020258,,,,0.054451,-0.056951,0.010164,,,,0.010094,,,,True,pending
stock,2026-05-12,605117,德业股份,HOLD,3,,,,,0,5.0,储能逆变器/户用储能,new_energy,candidate,★★☆,,,,多头排列; MA60上行(+4.8%/5日),158.82,158.87,,,,0.000315,,,,0.012971,-0.050497,0.010164,,,,-0.009849,,,,True,pending
stock,2026-05-12,688498,源杰科技,HOLD,2,,,,,0,5.0,光芯片基材,optics,candidate,★★☆,,,,多头排列; 红柱扩张; RSI偏高70; MA60上行(+6.5%/5日); 偏离MA20+20%,1731.0,1708.0,,,,-0.013287,,,,-0.008088,-0.059827,0.010164,,,,-0.023451,,,,True,pending
stock,2026-05-12,603259,药明康德,HOLD,2,,,,,0,4.55,CXO,pharma,watch,★☆☆,,,,多头排列; 红柱扩张; RSI偏高70; MA60上行(+1.2%/5日),110.33,108.92,,,,-0.01278,,,,0.009426,-0.066437,0.010164,,,,-0.022943,,,,True,pending
stock,2026-05-12,601138,工业富联,HOLD,2,,,,,0,2.38,AI服务器/精密制造,consumer_elec,candidate,★★☆,,,,多头排列; 绿柱扩张; MA60上行(+1.0%/5日),64.4,70.84,,,,0.1,,,,0.149068,-0.008385,0.010164,,,,0.089836,,,,False,pending
stock,2026-05-12,000333,美的集团,HOLD,2,,,,,0,1.09,家电/工业机器人,consumer,core,★★★,,,,站20/60线,80.09,80.38,,,,0.003621,,,,0.024847,-0.005744,0.010164,,,,-0.006543,,,,False,pending
stock,2026-05-12,600183,生益科技,HOLD,2,,,,,0,5.0,PCB基板/覆铜板,pcb,core,★★★,,,,多头排列; 红柱扩张; RSI超买81; MA60上行(+1.8%/5日); 偏离MA20+15%,85.62,94.18,,,,0.099977,,,,0.173791,-0.007008,0.010164,,,,0.089813,,,,False,pending
stock,2026-05-12,600522,中天科技,HOLD,2,,,,,0,4.99,海缆/光纤/电力电缆,optics,core,★★★,,,,多头排列; 红柱扩张; RSI超买83; 放量1.7x; MA60上行(+5.6%/5日); 严重偏离MA20+30%,44.08,43.6,,,,-0.010889,,,,0.04265,-0.034936,0.010164,,,,-0.021053,,,,False,pending
stock,2026-05-12,688120,华海清科,HOLD,2,,,,,0,5.0,CMP研磨设备,semicon,candidate,★★☆,,,,多头排列; 红柱扩张; RSI偏高78; 放量2.3x; MA60上行(+0.9%/5日); 严重偏离MA20+22%,235.14,250.71,,,,0.066216,,,,0.094582,-0.047844,0.010164,,,,0.056052,,,,False,pending
stock,2026-05-12,300757,罗博特科,HOLD,2,,,,,0,0.52,光伏/新能源自动化装备,industrial_auto,candidate,★★☆,,,,站20/60线; MA60上行(+2.7%/5日),510.09,539.67,,,,0.05799,,,,0.228528,-0.024094,0.010164,,,,0.047826,,,,True,pending
stock,2026-05-12,600487,亨通光电,HOLD,2,,,,,0,5.01,光纤光缆/海底电缆,optics,core,★★★,,,,多头排列; RSI偏高76; MA60上行(+6.9%/5日); 偏离MA20+16%,75.1,75.43,,,,0.004394,,,,0.027963,-0.023569,0.010164,,,,-0.005769,,,,False,pending
stock,2026-05-12,688409,富创精密,HOLD,2,,,,,0,5.0,半导体精密零部件,semicon,watch,★☆☆,,,,多头排列; 红柱扩张; RSI偏高75; 放量1.7x; MA60上行(+2.2%/5日); 偏离MA20+18%,130.51,133.57,,,,0.023446,,,,0.134013,-0.048425,0.010164,,,,0.013283,,,,False,pending
stock,2026-05-12,600879,航天电子,HOLD,2,,,,,0,5.0,军工电子/惯导,defense,candidate,★★☆,,,,多头排列,26.02,25.93,,,,-0.003459,,,,0.006533,-0.075711,0.010164,,,,-0.013622,,,,True,pending
stock,2026-05-12,603986,兆易创新,HOLD,1,,,,,0,5.0,存储芯片,semicon,candidate,★★☆,,,,多头排列; RSI偏高72; MA60上行(+1.3%/5日); 偏离MA20+15%,353.55,365.0,,,,0.032386,,,,0.056428,-0.040221,0.010164,,,,0.022222,,,,False,pending
stock,2026-05-12,688041,海光信息,HOLD,1,,,,,0,5.0,国产CPU/GPU,semicon,core,★★★,,,,多头排列; RSI偏高74; MA60上行(+2.8%/5日); 严重偏离MA20+23%,349.19,348.19,,,,-0.002864,,,,0.012858,-0.069275,0.010164,,,,-0.013027,,,,True,pending
stock,2026-05-12,603993,洛阳钼业,HOLD,1,,,,,0,4.66,铜/钴矿,commodity,core,★★★,,,,红柱扩张; 放量1.5x; MA60下行趋势(-1.9%/5日),20.58,20.99,,,,0.019922,,,,0.042274,-0.026725,0.010164,,,,0.009759,,,,False,pending
stock,2026-05-12,000338,潍柴动力,HOLD,1,,,,,0,4.98,重型发动机/氢燃料,machinery,candidate,★★☆,,,,站20/60线; RSI偏高76; MA60上行(+3.3%/5日),32.7,34.34,,,,0.050153,,,,0.087462,-0.028746,0.010164,,,,0.039989,,,,False,pending
stock,2026-05-12,600030,中信证券,HOLD,1,,,,,0,1.98,综合券商,finance,candidate,★★☆,,,,站20/60线,27.22,27.15,,,,-0.002572,,,,0.008817,-0.020573,0.010164,,,,-0.012735,,,,True,pending
stock,2026-05-12,688331,荣昌生物,HOLD,1,,,,,0,-12.39,ADC创新药,pharma,candidate,★★☆,,,,跌破20线; 绿柱扩张; RSI超卖13; MA60上行(+1.7%/5日),121.57,119.05,,,,-0.020729,,,,0.010364,-0.048367,0.010164,,,,-0.030892,,,,True,pending
stock,2026-05-12,688548,广钢气体,HOLD,1,,,,,0,1.38,半导体特种气体,semicon,watch,★☆☆,,,,站20/60线; 绿柱扩张; MA60上行(+2.8%/5日),28.31,29.41,,,,0.038856,,,,0.12681,-0.019428,0.010164,,,,0.028692,,,,True,pending
stock,2026-05-12,688167,炬光科技,HOLD,1,,,,,0,5.0,高功率半导体激光器,optics,watch,★☆☆,,,,多头排列; 红柱扩张; MA60上行(+4.5%/5日); 严重偏离MA20+22%,475.0,516.7,,,,0.087789,,,,0.155789,-0.029242,0.010164,,,,0.077626,,,,False,pending
stock,2026-05-12,600105,永鼎股份,HOLD,1,,,,,0,5.01,光纤光缆/新能源电缆,optics,watch,★☆☆,,,,多头排列; 红柱扩张; RSI偏高72; MA60上行(+5.9%/5日); 偏离MA20+19%,52.32,51.83,,,,-0.009365,,,,0.077791,-0.029817,0.010164,,,,-0.019529,,,,False,pending
stock,2026-05-12,688012,中微公司,HOLD,0,,,,,0,5.0,半导体设备,semicon,core,★★★,,,,多头排列; RSI超买79; MA60上行(+0.8%/5日); 偏离MA20+13%,388.45,405.6,,,,0.04415,,,,0.054396,-0.037199,0.010164,,,,0.033986,,,,False,pending
stock,2026-05-12,688256,寒武纪,HOLD,0,,,,,0,5.0,AI推理芯片,semicon,candidate,★☆☆,,,,多头排列; 红柱扩张; RSI超买82; 放量1.8x; MA60上行(+4.3%/5日); 严重偏离MA20+30%,1277.87,1316.88,,,,0.030527,,,,0.056445,-0.035645,0.010164,,,,0.020364,,,,False,pending
stock,2026-05-12,600031,三一重工,HOLD,0,,,,,0,4.49,工程机械,machinery,watch,★★☆,,,,红柱扩张; MA60偏弱(-0.4%/5日),21.36,21.39,,,,0.001404,,,,0.008895,-0.035581,0.010164,,,,-0.008759,,,,False,pending
stock,2026-05-12,600276,恒瑞医药,HOLD,0,,,,,0,1.19,创新药,pharma,watch,★☆☆,,,,MACD即将金叉🔔; 放量3.2x; MA60偏弱(-0.5%/5日),56.11,55.86,,,,-0.004456,,,,0.020495,-0.032615,0.010164,,,,-0.014619,,,,True,pending
stock,2026-05-12,000651,格力电器,HOLD,0,,,,,0,5.01,家电,consumer,candidate,★★☆,,,,多头排列; RSI超买85,40.34,40.3,,,,-0.000992,,,,0.006197,-0.006445,0.010164,,,,-0.011155,,,,False,pending
stock,2026-05-12,688981,中芯国际,HOLD,0,,,,,0,5.0,半导体代工,semicon,core,★★★,,,,站20/60线; RSI偏高70,121.98,121.86,,,,-0.000984,,,,0.016888,-0.048697,0.010164,,,,-0.011147,,,,False,pending
stock,2026-05-12,603288,海天味业,HOLD,0,,,,,0,-4.86,调味品,food_bev,watch,★☆☆,,,,跌破60线; RSI偏低26; MA60上行(+0.7%/5日),37.84,37.74,,,,-0.002643,,,,0.010307,-0.013478,0.010164,,,,-0.012806,,,,True,pending
stock,2026-05-12,688048,长光华芯,HOLD,0,,,,,0,5.0,半导体激光芯片,optics,candidate,★★☆,,,,多头排列; RSI偏高72; MA60上行(+11.2%/5日); 严重偏离MA20+24%,431.49,436.9,,,,0.012538,,,,0.073884,-0.028946,0.010164,,,,0.002374,,,,False,pending
stock,2026-05-12,002008,大族激光,HOLD,0,,,,,0,5.0,工业激光设备,industrial_auto,candidate,★★☆,,,,多头排列; 红柱扩张; RSI超买90; MA60上行(+8.6%/5日); 严重偏离MA20+35%,134.66,148.13,,,,0.10003,,,,0.162186,0.019976,0.010164,,,,0.089866,,,,False,pending
stock,2026-05-12,603929,亚翔集成,HOLD,0,,,,,0,0.32,半导体洁净室工程,semicon,watch,★☆☆,,,,站20/60线; MACD死叉; MA60上行(+2.4%/5日),194.9,197.25,,,,0.012057,,,,0.02273,-0.049718,0.010164,,,,0.001894,,,,True,pending
stock,2026-05-12,002384,东山精密,HOLD,-1,,,,,0,5.0,PCB/光模块封装,optics,candidate,★★☆,,,,多头排列; RSI超买88; MA60上行(+9.8%/5日); 严重偏离MA20+23%,219.46,220.75,,,,0.005878,,,,0.0298,-0.029892,0.010164,,,,-0.004286,,,,False,pending
stock,2026-05-12,300750,宁德时代,HOLD,-1,,,,,0,-1.07,动力电池,battery,core,★★★,,,,跌破20线; 绿柱扩张; MA60上行(+2.3%/5日),431.25,434.05,,,,0.006493,,,,0.044522,-0.009855,0.010164,,,,-0.003671,,,,True,pending
stock,2026-05-12,002594,比亚迪,HOLD,-1,,,,,0,-2.82,电动车/刀片电池,new_energy,candidate,★★★,,,,跌破20线; 绿柱扩张; MA60上行(+0.8%/5日),99.23,98.6,,,,-0.006349,,,,0.00776,-0.01431,0.010164,,,,-0.016512,,,,True,pending
stock,2026-05-12,601872,招商轮船,HOLD,-1,,,,,0,-2.3,VLCC油轮/干散货,shipping,candidate,★★☆,,,,跌破20线; 绿柱扩张; MA60上行(+3.8%/5日),17.79,18.0,,,,0.011804,,,,0.06127,-0.015739,0.010164,,,,0.001641,,,,True,pending
stock,2026-05-12,603256,宏和科技,HOLD,-1,,,,,0,5.0,高端电子玻纤布,pcb,watch,★☆☆,,,,多头排列; RSI超买88; MA60上行(+9.9%/5日); 严重偏离MA20+30%,148.31,146.22,,,,-0.014092,,,,-0.003439,-0.055222,0.010164,,,,-0.024256,,,,True,pending
stock,2026-05-12,600519,贵州茅台,HOLD,-2,,,,,0,-4.17,高端白酒,consumer,candidate,★★☆,,,,跌破60线; 绿柱扩张; RSI偏低34,1354.55,1344.09,,,,-0.007722,,,,0.010712,-0.0143,0.010164,,,,-0.017886,,,,True,pending
stock,2026-05-12,600887,伊利股份,HOLD,-2,,,,,0,5.0,乳制品/食品,consumer,candidate,★★☆,,,,RSI超买89,28.01,27.9,,,,-0.003927,,,,0.007497,-0.016066,0.010164,,,,-0.014091,,,,False,pending
stock,2026-05-12,600309,万华化学,HOLD,-2,,,,,0,-5.78,MDI/聚氨酯,chemical,candidate,★★★,,,,跌破60线; 绿柱扩张; RSI偏低31,83.29,83.33,,,,0.00048,,,,0.028335,-0.016689,0.010164,,,,-0.009683,,,,True,pending
stock,2026-05-12,601088,中国神华,HOLD,-2,,,,,0,-2.46,煤炭/电力,commodity,watch,★★☆,,,,跌破60线; 绿柱扩张; MA60上行(+0.9%/5日),45.2,44.8,,,,-0.00885,,,,0.004425,-0.014823,0.010164,,,,-0.019013,,,,True,pending
stock,2026-05-12,601012,隆基绿能,HOLD,-2,,,,,0,-2.46,光伏组件,new_energy,watch,★☆☆,,,,跌破60线; MACD即将金叉🔔; RSI偏低32; MA60下行趋势(-0.8%/5日),16.7,16.78,,,,0.00479,,,,0.020359,-0.023952,0.010164,,,,-0.005373,,,,True,pending
stock,2026-05-12,002028,思源电气,HOLD,-2,,,,,0,-4.81,特高压/变电设备,power_equip,watch,★★☆,,,,跌破60线,198.35,207.2,,,,0.044618,,,,0.064583,-0.014873,0.010164,,,,0.034454,,,,True,pending
stock,2026-05-12,688777,中控技术,HOLD,-2,,,,,0,5.0,工业自动化DCS,industrial_auto,candidate,★★☆,,,,RSI偏高69; MA60偏弱(-0.5%/5日),78.77,78.8,,,,0.000381,,,,0.014346,-0.042783,0.010164,,,,-0.009783,,,,False,pending
stock,2026-05-12,600893,航发动力,HOLD,-2,,,,,0,-0.88,航空发动机,defense,candidate,★★☆,,,,跌破60线,48.7,51.38,,,,0.055031,,,,0.088296,-0.022177,0.010164,,,,0.044867,,,,True,pending
stock,2026-05-12,300274,阳光电源,REDUCE,-3,,,,,0,3.14,逆变器,new_energy,core,★★★,,,,跌破60线; MA60偏弱(-0.5%/5日),139.85,142.65,,,,0.020021,,,,0.028245,-0.040329,0.010164,,,,0.009858,,,,True,pending
stock,2026-05-12,601899,紫金矿业,REDUCE,-3,,,,,0,0.49,铜金矿,commodity,watch,★☆☆,,,,跌破60线; 红柱扩张; MA60下行趋势(-1.3%/5日),34.58,34.66,,,,0.002313,,,,0.019375,-0.031232,0.010164,,,,-0.00785,,,,True,pending
stock,2026-05-12,000858,五粮液,REDUCE,-3,,,,,0,-9.17,高端白酒,consumer,candidate,★★☆,,,,跌破60线; 绿柱扩张; RSI超卖7; MA60下行趋势(-1.2%/5日),90.56,89.15,,,,-0.01557,,,,0.007951,-0.030698,0.010164,,,,-0.025733,,,,True,pending
stock,2026-05-12,601888,中国中免,REDUCE,-3,,,,,0,-7.13,免税零售,consumer,candidate,★★☆,,,,跌破60线; 绿柱扩张; RSI超卖25; MA60下行趋势(-3.0%/5日),61.55,61.38,,,,-0.002762,,,,0.018359,-0.02437,0.010164,,,,-0.012926,,,,True,pending
stock,2026-05-12,600426,华鲁恒升,REDUCE,-3,,,,,0,-5.06,煤化工/化肥,chemical,candidate,★★☆,,,,跌破60线; 绿柱扩张,34.99,34.5,,,,-0.014004,,,,0.007145,-0.029151,0.010164,,,,-0.024168,,,,True,pending
stock,2026-05-12,002865,钧达股份,REDUCE,-3,,,,,0,5.0,TOPCon光伏电池片,new_energy,watch,★☆☆,,,,红柱扩张; RSI超买79; 放量1.6x; MA60偏弱(-0.8%/5日); 严重偏离MA20+29%,103.92,101.5,,,,-0.023287,,,,0.064569,-0.044457,0.010164,,,,-0.033451,,,,False,pending
stock,2026-05-12,601318,中国平安,REDUCE,-4,,,,,0,1.2,保险/金融科技,finance,candidate,★★☆,,,,跌破60线; MA60下行趋势(-0.9%/5日),59.4,58.04,,,,-0.022896,,,,0.003704,-0.042929,0.010164,,,,-0.033059,,,,True,pending
stock,2026-05-12,300760,迈瑞医疗,REDUCE,-4,,,,,0,2.1,医疗器械,pharma,candidate,★★☆,,,,跌破60线; MA60下行趋势(-0.9%/5日),166.39,165.94,,,,-0.002704,,,,0.005169,-0.030951,0.010164,,,,-0.012868,,,,True,pending
stock,2026-05-12,000568,泸州老窖,REDUCE,-4,,,,,0,-6.06,高端白酒,food_bev,candidate,★★☆,,,,跌破60线; 绿柱扩张; RSI偏低30; MA60下行趋势(-1.7%/5日),94.78,92.7,,,,-0.021946,,,,0.014877,-0.02701,0.010164,,,,-0.032109,,,,True,pending
stock,2026-05-12,600438,通威股份,SELL_STOP,-5,,,,,0,-3.3,光伏电池/硅料,new_energy,candidate,★★☆,,,,跌破60线; 绿柱扩张; MA60下行趋势(-1.1%/5日),16.99,17.21,,,,0.012949,,,,0.050029,-0.010006,0.010164,,,,0.002785,,,,True,pending
stock,2026-05-12,002714,牧原股份,SELL_STOP,-5,,,,,0,-3.35,生猪养殖,agriculture,candidate,★★☆,,,,跌破60线; MACD死叉; MA60偏弱(-0.3%/5日),42.93,42.38,,,,-0.012812,,,,0.014908,-0.014675,0.010164,,,,-0.022975,,,,True,pending
stock,2026-05-12,600988,赤峰黄金,REDUCE,-5,,,,,0,-2.78,黄金矿采选,commodity,candidate,★★☆,,,,跌破60线; MACD死叉; MA60偏弱(-0.5%/5日); MA60跌破1日未满4日确认，降级为减仓,40.95,40.8,,,,-0.003663,,,,0.019048,-0.031013,0.010164,,,,-0.013827,,,,True,pending
stock,2026-05-12,603799,华友钴业,REDUCE,-6,,,,,0,-3.48,钴/三元前驱体,battery_materials,candidate,★★☆,,,,跌破60线; MACD死叉; MA60下行趋势(-1.0%/5日); MA60跌破2日未满4日确认，降级为减仓,62.87,62.8,,,,-0.001113,,,,0.010021,-0.046286,0.010164,,,,-0.011277,,,,True,pending
stock,2026-05-13,300394,天孚通信,HOLD,6,,,,,0,5.0,光通信器件,optics,core,★★☆,,,,多头排列; MACD金叉; 放量1.5x; MA60上行(+2.4%/5日); 集群过热(optics(光通信器件/光模块/光纤光缆))+连涨3日，等回踩再介入,379.66,392.0,,,,0.032503,,,,0.070853,0.008797,-0.016754,,,,0.049256,,,,False,pending
stock,2026-05-13,601138,工业富联,BUY_WATCH,6,,,,,3,5.0,AI服务器/精密制造,consumer_elec,candidate,★★☆,,,,多头排列; MACD金叉; 放量1.7x; MA60上行(+1.4%/5日); 集群偏热+偏离MA5+7.8%，强买降为观察,70.84,68.6,,,,-0.031621,,,,0.044608,-0.050254,-0.016754,,,,-0.014867,,,,True,pending
stock,2026-05-13,300502,新易盛,HOLD,5,,,,,0,5.0,光模块,optics,core,★★★,,,,多头排列; MACD金叉; MA60上行(+3.0%/5日); 偏离MA20+13%; ★★★core偏离MA20+13%，追高风险降为观察,629.95,617.9,,,,-0.019129,,,,0.037701,-0.03659,-0.016754,,,,-0.002375,,,,False,pending
stock,2026-05-13,601869,长飞光纤,BUY_WATCH,5,,,,,5,5.0,光纤光缆,optics,core,★★★,,,,多头排列; MACD即将金叉🔔; MA60上行(+7.4%/5日),406.51,404.7,,,,-0.004453,,,,0.032398,-0.019163,-0.016754,,,,0.012301,,,,False,pending
stock,2026-05-13,002463,沪电股份,HOLD,4,,,,,0,5.0,高多层PCB,pcb,core,★★★,,,,多头排列; 红柱扩张; RSI偏高75; MA60上行(+4.1%/5日),112.65,107.02,,,,-0.049978,,,,0.016067,-0.056369,-0.016754,,,,-0.033224,,,,True,pending
stock,2026-05-13,688195,腾景科技,HOLD,4,,,,,0,5.0,精密光学元件,optics,candidate,★★☆,,,,多头排列; MACD即将金叉🔔; MA60上行(+4.7%/5日),374.0,367.0,,,,-0.018717,,,,0.037433,-0.018717,-0.016754,,,,-0.001963,,,,False,pending
stock,2026-05-13,300757,罗博特科,HOLD,4,,,,,0,5.0,光伏/新能源自动化装备,industrial_auto,candidate,★★☆,,,,多头排列; MACD即将金叉🔔; MA60上行(+2.7%/5日),538.89,589.0,,,,0.092987,,,,0.162872,0.077919,-0.016754,,,,0.109741,,,,False,pending
stock,2026-05-13,688521,芯原股份,HOLD,4,,,,,0,5.0,半导体IP/芯片设计平台,semicon,candidate,★★☆,,,,多头排列; 红柱扩张; MA60上行(+1.9%/5日),276.35,265.91,,,,-0.037778,,,,0.037814,-0.037778,-0.016754,,,,-0.021025,,,,False,pending
stock,2026-05-13,002475,立讯精密,HOLD,3,,,,,0,5.0,消费电子精密制造,consumer_elec,core,★★★,,,,多头排列; 红柱扩张; RSI偏高75; MA60上行(+3.6%/5日); 偏离MA20+19%,80.04,75.4,,,,-0.057971,,,,-0.008621,-0.06022,-0.016754,,,,-0.041217,,,,True,pending
stock,2026-05-13,300476,胜宏科技,HOLD,3,,,,,0,5.0,PCB,pcb,candidate,★★☆,,,,多头排列; 红柱扩张; MA60上行(+3.1%/5日); 偏离MA20+16%,386.99,354.83,,,,-0.083103,,,,0.007778,-0.083697,-0.016754,,,,-0.066349,,,,True,pending
stock,2026-05-13,600498,烽火通信,HOLD,3,,,,,0,5.0,光通信设备,optics,candidate,★★☆,,,,多头排列; 红柱扩张; MA60上行(+2.9%/5日); 偏离MA20+15%,60.77,59.17,,,,-0.026329,,,,0.036531,-0.026329,-0.016754,,,,-0.009575,,,,False,pending
stock,2026-05-13,605117,德业股份,HOLD,3,,,,,0,5.0,储能逆变器/户用储能,new_energy,candidate,★★☆,,,,多头排列; MA60上行(+4.8%/5日),159.03,151.18,,,,-0.049362,,,,0.006037,-0.051751,-0.016754,,,,-0.032608,,,,True,pending
stock,2026-05-13,688012,中微公司,HOLD,2,,,,,0,5.0,半导体设备,semicon,core,★★★,,,,多头排列; 红柱扩张; RSI超买82; MA60上行(+1.1%/5日); 偏离MA20+17%,407.36,387.17,,,,-0.049563,,,,0.00545,-0.049956,-0.016754,,,,-0.032809,,,,False,pending
stock,2026-05-13,603986,兆易创新,HOLD,2,,,,,0,5.0,存储芯片,semicon,candidate,★★☆,,,,多头排列; 红柱扩张; RSI偏高74; MA60上行(+1.7%/5日); 偏离MA20+17%,364.8,356.19,,,,-0.023602,,,,0.023849,-0.026891,-0.016754,,,,-0.006848,,,,False,pending
stock,2026-05-13,300666,江丰电子,HOLD,2,,,,,0,5.0,高纯溅射靶材,semicon,candidate,★★☆,,,,多头排列; RSI偏高68; MA60上行(+3.5%/5日),185.94,180.0,,,,-0.031946,,,,0.048725,-0.031946,-0.016754,,,,-0.015192,,,,False,pending
stock,2026-05-13,688548,广钢气体,HOLD,2,,,,,0,3.99,半导体特种气体,semicon,watch,★☆☆,,,,多头排列; MA60上行(+2.8%/5日),29.36,30.05,,,,0.023501,,,,0.086512,0.004087,-0.016754,,,,0.040255,,,,False,pending
stock,2026-05-13,301200,大族数控,HOLD,2,,,,,0,5.0,激光/数控切割设备,industrial_auto,watch,★☆☆,,,,多头排列; 红柱扩张; 放量1.8x; MA60上行(+2.4%/5日); 严重偏离MA20+22%,239.0,218.39,,,,-0.086234,,,,-0.025356,-0.093389,-0.016754,,,,-0.069481,,,,True,pending
stock,2026-05-13,300308,中际旭创,HOLD,1,,,,,0,5.0,光模块,optics,core,★★★,,,,多头排列; 红柱扩张; RSI超买79; MA60上行(+4.6%/5日); 严重偏离MA20+21%,1050.96,1078.0,,,,0.025729,,,,0.036081,-0.024606,-0.016754,,,,0.042482,,,,False,pending
stock,2026-05-13,688498,源杰科技,HOLD,1,,,,,0,5.0,光芯片基材,optics,candidate,★★☆,,,,多头排列; RSI偏高72; MA60上行(+6.8%/5日); 偏离MA20+16%,1699.9,1635.0,,,,-0.038179,,,,0.010059,-0.042626,-0.016754,,,,-0.021425,,,,False,pending
stock,2026-05-13,603259,药明康德,HOLD,1,,,,,0,3.18,CXO,pharma,watch,★☆☆,,,,站20/60线; MA60上行(+1.2%/5日),108.9,103.01,,,,-0.054086,,,,0.022681,-0.054178,-0.016754,,,,-0.037333,,,,True,pending
stock,2026-05-13,600276,恒瑞医药,HOLD,1,,,,,0,0.86,创新药,pharma,watch,★☆☆,,,,MACD金叉; 放量1.6x; MA60偏弱(-0.5%/5日),55.86,54.32,,,,-0.027569,,,,0.015754,-0.028285,-0.016754,,,,-0.010815,,,,True,pending
stock,2026-05-13,688041,海光信息,HOLD,1,,,,,0,5.0,国产CPU/GPU,semicon,core,★★★,,,,多头排列; RSI偏高74; MA60上行(+3.0%/5日); 严重偏离MA20+20%,348.88,325.2,,,,-0.067874,,,,0.013758,-0.068448,-0.016754,,,,-0.051121,,,,True,pending
stock,2026-05-13,600183,生益科技,HOLD,1,,,,,0,5.0,PCB基板/覆铜板,pcb,core,★★★,,,,多头排列; 红柱扩张; RSI超买86; MA60上行(+2.4%/5日); 严重偏离MA20+24%,94.18,93.32,,,,-0.009131,,,,0.067106,-0.011467,-0.016754,,,,0.007622,,,,False,pending
stock,2026-05-13,600030,中信证券,HOLD,1,,,,,0,1.58,综合券商,finance,candidate,★★☆,,,,站20/60线,27.17,26.66,,,,-0.018771,,,,0.005889,-0.018771,-0.016754,,,,-0.002017,,,,True,pending
stock,2026-05-13,603288,海天味业,HOLD,1,,,,,0,-4.66,调味品,food_bev,watch,★☆☆,,,,跌破60线; RSI超卖19; MA60上行(+0.6%/5日),37.74,37.35,,,,-0.010334,,,,0.005564,-0.010864,-0.016754,,,,0.00642,,,,True,pending
stock,2026-05-13,688120,华海清科,HOLD,1,,,,,0,5.0,CMP研磨设备,semicon,candidate,★★☆,,,,多头排列; 红柱扩张; RSI超买82; 放量2.1x; MA60上行(+1.6%/5日); 严重偏离MA20+29%,254.0,250.5,,,,-0.01378,,,,0.013307,-0.054449,-0.016754,,,,0.002974,,,,True,pending
stock,2026-05-13,688409,富创精密,HOLD,1,,,,,0,5.0,半导体精密零部件,semicon,watch,★☆☆,,,,多头排列; 红柱扩张; RSI偏高76; MA60上行(+2.4%/5日); 偏离MA20+19%,133.35,142.03,,,,0.065092,,,,0.109861,-0.010124,-0.016754,,,,0.081845,,,,False,pending
stock,2026-05-13,603929,亚翔集成,HOLD,1,,,,,0,2.47,半导体洁净室工程,semicon,watch,★☆☆,,,,站20/60线; 绿柱扩张; MA60上行(+2.5%/5日),198.58,188.2,,,,-0.052271,,,,0.00146,-0.067328,-0.016754,,,,-0.035518,,,,True,pending
stock,2026-05-13,600879,航天电子,HOLD,1,,,,,0,5.0,军工电子/惯导,defense,candidate,★★☆,,,,站20/60线,26.01,24.1,,,,-0.073433,,,,-0.000769,-0.075356,-0.016754,,,,-0.05668,,,,True,pending
stock,2026-05-13,000333,美的集团,HOLD,0,,,,,0,1.3,家电/工业机器人,consumer,core,★★★,,,,多头排列; MACD死叉,80.48,81.81,,,,0.016526,,,,0.019881,-0.001118,-0.016754,,,,0.033279,,,,False,pending
stock,2026-05-13,000651,格力电器,HOLD,0,,,,,0,4.76,家电,consumer,candidate,★★☆,,,,多头排列; RSI超买85,40.34,40.22,,,,-0.002975,,,,0.006197,-0.005454,-0.016754,,,,0.013779,,,,False,pending
stock,2026-05-13,688981,中芯国际,HOLD,0,,,,,0,5.0,半导体代工,semicon,core,★★★,,,,站20/60线; RSI偏高69,122.39,117.9,,,,-0.036686,,,,0.013481,-0.04404,-0.016754,,,,-0.019932,,,,False,pending
stock,2026-05-13,603993,洛阳钼业,HOLD,0,,,,,0,5.0,铜/钴矿,commodity,core,★★★,,,,红柱扩张; MA60下行趋势(-1.5%/5日),21.02,20.05,,,,-0.046147,,,,0.000476,-0.047098,-0.016754,,,,-0.029393,,,,False,pending
stock,2026-05-13,000338,潍柴动力,HOLD,0,,,,,0,5.01,重型发动机/氢燃料,machinery,candidate,★★☆,,,,多头排列; RSI超买79; MA60上行(+3.1%/5日); 偏离MA20+15%,34.31,34.2,,,,-0.003206,,,,0.036433,-0.003206,-0.016754,,,,0.013547,,,,False,pending
stock,2026-05-13,688777,中控技术,HOLD,0,,,,,0,4.99,工业自动化DCS,industrial_auto,candidate,★★☆,,,,站20/60线; MA60偏弱(-0.7%/5日),79.08,75.43,,,,-0.046156,,,,0.010369,-0.046535,-0.016754,,,,-0.029402,,,,False,pending
stock,2026-05-13,600487,亨通光电,HOLD,0,,,,,0,5.0,光纤光缆/海底电缆,optics,core,★★★,,,,站20/60线; RSI偏高72; MA60上行(+6.8%/5日); 偏离MA20+14%,75.19,74.0,,,,-0.015827,,,,0.026732,-0.020082,-0.016754,,,,0.000927,,,,False,pending
stock,2026-05-13,002008,大族激光,HOLD,0,,,,,0,5.0,工业激光设备,industrial_auto,candidate,★★☆,,,,多头排列; 红柱扩张; RSI超买92; MA60上行(+9.6%/5日); 严重偏离MA20+44%,148.13,149.23,,,,0.007426,,,,0.056504,-0.007156,-0.016754,,,,0.024179,,,,False,pending
stock,2026-05-13,688331,荣昌生物,HOLD,0,,,,,0,-14.04,ADC创新药,pharma,candidate,★★☆,,,,跌破60线; 绿柱扩张; RSI超卖13; MA60上行(+1.6%/5日),119.09,115.8,,,,-0.027626,,,,0.014359,-0.02855,-0.016754,,,,-0.010873,,,,True,pending
stock,2026-05-13,688167,炬光科技,HOLD,0,,,,,0,5.0,高功率半导体激光器,optics,watch,★☆☆,,,,多头排列; 红柱扩张; RSI偏高75; MA60上行(+4.8%/5日); 严重偏离MA20+30%,514.0,503.98,,,,-0.019494,,,,0.068093,-0.025292,-0.016754,,,,-0.002741,,,,False,pending
stock,2026-05-13,600105,永鼎股份,HOLD,0,,,,,0,5.0,光纤光缆/新能源电缆,optics,watch,★☆☆,,,,多头排列; RSI偏高70; MA60上行(+6.2%/5日); 偏离MA20+16%,51.84,53.99,,,,0.041474,,,,0.08777,0.008102,-0.016754,,,,0.058227,,,,False,pending
stock,2026-05-13,600893,航发动力,HOLD,0,,,,,0,4.27,航空发动机,defense,candidate,★★☆,,,,跌破60线; 红柱扩张; 放量1.8x,51.31,48.56,,,,-0.053596,,,,0.007211,-0.053596,-0.016754,,,,-0.036842,,,,True,pending
stock,2026-05-13,002384,东山精密,HOLD,-1,,,,,0,5.0,PCB/光模块封装,optics,candidate,★★☆,,,,多头排列; RSI超买94; MA60上行(+10.1%/5日); 严重偏离MA20+21%,220.51,214.89,,,,-0.025486,,,,0.024897,-0.03247,-0.016754,,,,-0.008733,,,,False,pending
stock,2026-05-13,688256,寒武纪,HOLD,-1,,,,,0,5.0,AI推理芯片,semicon,candidate,★☆☆,,,,多头排列; 红柱扩张; RSI超买82; MA60上行(+4.8%/5日); 严重偏离MA20+30%,1314.1,1260.58,,,,-0.040727,,,,0.027319,-0.062233,-0.016754,,,,-0.023974,,,,True,pending
stock,2026-05-13,600031,三一重工,HOLD,-1,,,,,0,4.58,工程机械,machinery,watch,★★☆,,,,MA60偏弱(-0.4%/5日),21.42,20.61,,,,-0.037815,,,,0.006069,-0.038282,-0.016754,,,,-0.021062,,,,False,pending
stock,2026-05-13,300750,宁德时代,HOLD,-1,,,,,0,-0.55,动力电池,battery,core,★★★,,,,跌破20线; 绿柱扩张; MA60上行(+2.1%/5日),434.77,427.0,,,,-0.017872,,,,0.036065,-0.017872,-0.016754,,,,-0.001118,,,,True,pending
stock,2026-05-13,002028,思源电气,HOLD,-1,,,,,0,-0.15,特高压/变电设备,power_equip,watch,★★☆,,,,跌破60线; MACD即将金叉🔔,207.43,202.8,,,,-0.022321,,,,0.017982,-0.022321,-0.016754,,,,-0.005567,,,,True,pending
stock,2026-05-13,600522,中天科技,HOLD,-1,,,,,0,4.99,海缆/光纤/电力电缆,optics,core,★★★,,,,多头排列; RSI超买78; MA60上行(+6.0%/5日); 严重偏离MA20+26%,43.47,44.1,,,,0.014493,,,,0.057281,0.004831,-0.016754,,,,0.031246,,,,False,pending
stock,2026-05-13,688048,长光华芯,HOLD,-1,,,,,0,5.0,半导体激光芯片,optics,candidate,★★☆,,,,多头排列; RSI超买78; MA60上行(+11.4%/5日); 严重偏离MA20+21%,434.99,448.1,,,,0.030139,,,,0.065243,-0.009426,-0.016754,,,,0.046892,,,,False,pending
stock,2026-05-13,601872,招商轮船,HOLD,-1,,,,,0,-0.72,VLCC油轮/干散货,shipping,candidate,★★☆,,,,跌破20线; 绿柱扩张; MA60上行(+3.6%/5日),18.01,18.0,,,,-0.000555,,,,0.048306,-0.027762,-0.016754,,,,0.016198,,,,True,pending
stock,2026-05-13,300274,阳光电源,HOLD,-2,,,,,0,4.78,逆变器,new_energy,core,★★★,,,,跌破60线; 红柱扩张; MA60偏弱(-0.5%/5日),142.93,135.03,,,,-0.055272,,,,0.006087,-0.061009,-0.016754,,,,-0.038518,,,,True,pending
stock,2026-05-13,600887,伊利股份,HOLD,-2,,,,,0,5.01,乳制品/食品,consumer,candidate,★★☆,,,,RSI超买86,27.93,27.78,,,,-0.005371,,,,0.001432,-0.013247,-0.016754,,,,0.011383,,,,False,pending
stock,2026-05-13,600309,万华化学,HOLD,-2,,,,,0,-5.17,MDI/聚氨酯,chemical,candidate,★★★,,,,跌破60线; 绿柱扩张; RSI偏低33,83.51,81.99,,,,-0.018201,,,,0.025626,-0.019279,-0.016754,,,,-0.001448,,,,True,pending
stock,2026-05-13,601088,中国神华,HOLD,-2,,,,,0,-2.92,煤炭/电力,commodity,watch,★★☆,,,,跌破60线; 绿柱扩张; MA60上行(+0.7%/5日),44.93,45.17,,,,0.005342,,,,0.010461,-0.008903,-0.016754,,,,0.022095,,,,True,pending
stock,2026-05-13,002594,比亚迪,HOLD,-2,,,,,0,-3.41,电动车/刀片电池,new_energy,candidate,★★★,,,,跌破60线; 绿柱扩张; MA60上行(+0.9%/5日),98.52,98.73,,,,0.002132,,,,0.015022,-0.000711,-0.016754,,,,0.018885,,,,True,pending
stock,2026-05-13,601012,隆基绿能,HOLD,-2,,,,,0,-1.91,光伏组件,new_energy,watch,★☆☆,,,,跌破60线; MACD即将金叉🔔; RSI偏低27; MA60下行趋势(-0.8%/5日),16.78,16.3,,,,-0.028605,,,,0.015495,-0.028605,-0.016754,,,,-0.011852,,,,True,pending
stock,2026-05-13,603256,宏和科技,HOLD,-2,,,,,0,5.0,高端电子玻纤布,pcb,watch,★☆☆,,,,站20/60线; RSI超买88; MA60上行(+10.0%/5日); 严重偏离MA20+25%,147.0,141.83,,,,-0.03517,,,,0.005442,-0.046803,-0.016754,,,,-0.018417,,,,False,pending
stock,2026-05-13,601899,紫金矿业,REDUCE,-3,,,,,0,0.43,铜金矿,commodity,watch,★☆☆,,,,跌破60线; 红柱扩张; MA60下行趋势(-1.2%/5日),34.6,33.52,,,,-0.031214,,,,0.004624,-0.031792,-0.016754,,,,-0.01446,,,,True,pending
stock,2026-05-13,600519,贵州茅台,REDUCE,-3,,,,,0,-4.5,高端白酒,consumer,candidate,★★☆,,,,跌破60线; 绿柱扩张; RSI偏低31; MA60偏弱(-0.5%/5日),1345.11,1342.17,,,,-0.002186,,,,0.017805,-0.007382,-0.016754,,,,0.014568,,,,True,pending
stock,2026-05-13,601888,中国中免,REDUCE,-3,,,,,0,-6.76,免税零售,consumer,candidate,★★☆,,,,跌破60线; 绿柱扩张; RSI超卖17; MA60下行趋势(-3.1%/5日),61.4,60.8,,,,-0.009772,,,,0.020847,-0.021987,-0.016754,,,,0.006982,,,,True,pending
stock,2026-05-13,600438,通威股份,REDUCE,-3,,,,,0,-2.09,光伏电池/硅料,new_energy,candidate,★★☆,,,,跌破60线; RSI偏低30; MA60下行趋势(-0.9%/5日),17.24,16.94,,,,-0.017401,,,,0.034803,-0.019142,-0.016754,,,,-0.000648,,,,True,pending
stock,2026-05-13,002714,牧原股份,REDUCE,-3,,,,,0,-4.65,生猪养殖,agriculture,candidate,★★☆,,,,跌破60线; 绿柱扩张; RSI偏低35; MA60偏弱(-0.5%/5日),42.37,42.63,,,,0.006136,,,,0.028322,0.002124,-0.016754,,,,0.02289,,,,True,pending
stock,2026-05-13,000858,五粮液,REDUCE,-4,,,,,0,-10.32,高端白酒,consumer,candidate,★★☆,,,,跌破60线; 绿柱扩张; RSI超卖7; MA60下行趋势(-1.3%/5日); 连跌3日且MA60偏弱,89.02,88.99,,,,-0.000337,,,,0.025388,-0.013929,-0.016754,,,,0.016417,,,,True,pending
stock,2026-05-13,600426,华鲁恒升,REDUCE,-4,,,,,0,-6.0,煤化工/化肥,chemical,candidate,★★☆,,,,跌破60线; 绿柱扩张; MA60偏弱(-0.3%/5日),34.51,33.97,,,,-0.015648,,,,0.021153,-0.015648,-0.016754,,,,0.001106,,,,True,pending
stock,2026-05-13,601318,中国平安,REDUCE,-4,,,,,0,-0.88,保险/金融科技,finance,candidate,★★☆,,,,跌破60线; MA60下行趋势(-1.0%/5日),58.15,56.9,,,,-0.021496,,,,0.006363,-0.022356,-0.016754,,,,-0.004743,,,,True,pending
stock,2026-05-13,300760,迈瑞医疗,REDUCE,-4,,,,,0,1.6,医疗器械,pharma,candidate,★★☆,,,,跌破60线; MA60下行趋势(-1.0%/5日),165.95,161.24,,,,-0.028382,,,,0.003254,-0.028382,-0.016754,,,,-0.011628,,,,True,pending
stock,2026-05-13,600988,赤峰黄金,REDUCE,-4,,,,,0,-2.55,黄金矿采选,commodity,candidate,★★☆,,,,跌破60线; 绿柱扩张; MA60偏弱(-0.4%/5日),40.84,39.68,,,,-0.028404,,,,0.002938,-0.028404,-0.016754,,,,-0.01165,,,,True,pending
stock,2026-05-13,002865,钧达股份,REDUCE,-4,,,,,0,5.0,TOPCon光伏电池片,new_energy,watch,★☆☆,,,,RSI偏高73; MA60偏弱(-0.7%/5日); 严重偏离MA20+24%,101.38,100.28,,,,-0.01085,,,,0.091241,-0.020517,-0.016754,,,,0.005903,,,,False,pending
stock,2026-05-13,000568,泸州老窖,SELL_STOP,-5,,,,,0,-7.79,高端白酒,food_bev,candidate,★★☆,,,,跌破60线; 绿柱扩张; RSI偏低27; MA60下行趋势(-2.1%/5日); 连跌3日且MA60偏弱,92.81,94.35,,,,0.016593,,,,0.036418,-0.00528,-0.016754,,,,0.033347,,,,True,pending
stock,2026-05-13,603799,华友钴业,REDUCE,-6,,,,,0,-3.86,钴/三元前驱体,battery_materials,candidate,★★☆,,,,跌破60线; 绿柱扩张; MA60下行趋势(-1.0%/5日); 连跌3日且MA60偏弱; MA60跌破3日未满4日确认，降级为减仓,62.71,60.31,,,,-0.038271,,,,0.001276,-0.043853,-0.016754,,,,-0.021518,,,,True,pending
stock,2026-05-14,300502,新易盛,HOLD,5,,,,,0,5.0,光模块,optics,core,★★★,,,,多头排列; 红柱扩张; MA60上行(+3.3%/5日); ★★★core偏离MA20+11%，追高风险降为观察,626.69,,,,,,,,,,,,,,,,,,,,pending
stock,2026-05-14,601138,工业富联,BUY_WATCH,5,,,,,3,4.99,AI服务器/精密制造,consumer_elec,candidate,★★☆,,,,多头排列; 红柱扩张; 放量1.5x; MA60上行(+1.7%/5日),69.07,,,,,,,,,,,,,,,,,,,,pending
stock,2026-05-14,000333,美的集团,BUY_WATCH,5,,,,,5,2.64,家电/工业机器人,consumer,core,★★★,,,,多头排列; MACD金叉,81.89,,,,,,,,,,,,,,,,,,,,pending
stock,2026-05-14,601869,长飞光纤,HOLD,4,,,,,0,5.0,光纤光缆,optics,core,★★★,,,,多头排列; MA60上行(+7.3%/5日),407.56,,,,,,,,,,,,,,,,,,,,pending
stock,2026-05-14,300757,罗博特科,HOLD,4,,,,,0,5.0,光伏/新能源自动化装备,industrial_auto,candidate,★★☆,,,,多头排列; MACD金叉; MA60上行(+2.8%/5日); 偏离MA20+16%,598.04,,,,,,,,,,,,,,,,,,,,pending
stock,2026-05-14,300394,天孚通信,HOLD,3,,,,,0,5.0,光通信器件,optics,core,★★☆,,,,多头排列; 红柱扩张; MA60上行(+2.6%/5日); 偏离MA20+16%,398.0,,,,,,,,,,,,,,,,,,,,pending
stock,2026-05-14,688012,中微公司,HOLD,3,,,,,0,5.0,半导体设备,semicon,core,★★★,,,,多头排列; RSI偏高77; MA60上行(+1.0%/5日),391.94,,,,,,,,,,,,,,,,,,,,pending
stock,2026-05-14,002475,立讯精密,HOLD,3,,,,,0,5.01,消费电子精密制造,consumer_elec,core,★★★,,,,站20/60线; MA60上行(+3.7%/5日),76.1,,,,,,,,,,,,,,,,,,,,pending
stock,2026-05-14,002463,沪电股份,HOLD,3,,,,,0,4.53,高多层PCB,pcb,core,★★★,,,,站20/60线; MA60上行(+4.2%/5日),107.65,,,,,,,,,,,,,,,,,,,,pending
stock,2026-05-14,600498,烽火通信,HOLD,3,,,,,0,5.0,光通信设备,optics,candidate,★★☆,,,,多头排列; 红柱扩张; MA60上行(+3.2%/5日); 偏离MA20+12%,59.83,,,,,,,,,,,,,,,,,,,,pending
stock,2026-05-14,300666,江丰电子,HOLD,3,,,,,0,5.0,高纯溅射靶材,semicon,candidate,★★☆,,,,多头排列; MA60上行(+3.6%/5日),183.62,,,,,,,,,,,,,,,,,,,,pending
stock,2026-05-14,688521,芯原股份,HOLD,3,,,,,0,5.0,半导体IP/芯片设计平台,semicon,candidate,★★☆,,,,多头排列; MA60上行(+1.9%/5日),270.15,,,,,,,,,,,,,,,,,,,,pending
stock,2026-05-14,688548,广钢气体,HOLD,3,,,,,0,5.01,半导体特种气体,semicon,watch,★☆☆,,,,多头排列; MACD即将金叉🔔; MA60上行(+3.0%/5日),30.31,,,,,,,,,,,,,,,,,,,,pending
stock,2026-05-14,688498,源杰科技,HOLD,2,,,,,0,5.0,光芯片基材,optics,candidate,★★☆,,,,多头排列; RSI偏高68; MA60上行(+6.8%/5日),1662.0,,,,,,,,,,,,,,,,,,,,pending
stock,2026-05-14,688981,中芯国际,HOLD,2,,,,,0,4.29,半导体代工,semicon,core,★★★,,,,站20/60线,118.62,,,,,,,,,,,,,,,,,,,,pending
stock,2026-05-14,300476,胜宏科技,HOLD,2,,,,,0,5.0,PCB,pcb,candidate,★★☆,,,,站20/60线; MA60上行(+3.3%/5日),359.01,,,,,,,,,,,,,,,,,,,,pending
stock,2026-05-14,605117,德业股份,HOLD,2,,,,,0,2.87,储能逆变器/户用储能,new_energy,candidate,★★☆,,,,站20/60线; MA60上行(+4.7%/5日),152.76,,,,,,,,,,,,,,,,,,,,pending
stock,2026-05-14,601872,招商轮船,HOLD,2,,,,,0,0.38,VLCC油轮/干散货,shipping,candidate,★★☆,,,,站20/60线; MA60上行(+3.5%/5日),18.21,,,,,,,,,,,,,,,,,,,,pending
stock,2026-05-14,301200,大族数控,HOLD,2,,,,,0,5.0,激光/数控切割设备,industrial_auto,watch,★☆☆,,,,多头排列; 红柱扩张; MA60上行(+2.7%/5日); 偏离MA20+12%,221.32,,,,,,,,,,,,,,,,,,,,pending
stock,2026-05-14,300308,中际旭创,HOLD,1,,,,,0,5.0,光模块,optics,core,★★★,,,,多头排列; 红柱扩张; RSI超买80; MA60上行(+5.2%/5日); 严重偏离MA20+22%,1081.56,,,,,,,,,,,,,,,,,,,,pending
stock,2026-05-14,603986,兆易创新,HOLD,1,,,,,0,5.0,存储芯片,semicon,candidate,★★☆,,,,多头排列; RSI偏高68; MA60上行(+1.9%/5日); 偏离MA20+13%,360.0,,,,,,,,,,,,,,,,,,,,pending
stock,2026-05-14,688041,海光信息,HOLD,1,,,,,0,5.0,国产CPU/GPU,semicon,core,★★★,,,,站20/60线; RSI偏高69; MA60上行(+3.0%/5日),328.17,,,,,,,,,,,,,,,,,,,,pending
stock,2026-05-14,600183,生益科技,HOLD,1,,,,,0,5.0,PCB基板/覆铜板,pcb,core,★★★,,,,多头排列; 红柱扩张; RSI超买84; MA60上行(+2.8%/5日); 严重偏离MA20+22%,94.22,,,,,,,,,,,,,,,,,,,,pending
stock,2026-05-14,600522,中天科技,HOLD,1,,,,,0,5.01,海缆/光纤/电力电缆,optics,core,★★★,,,,多头排列; RSI偏高78; MA60上行(+6.3%/5日); 严重偏离MA20+26%,44.3,,,,,,,,,,,,,,,,,,,,pending
stock,2026-05-14,688195,腾景科技,HOLD,1,,,,,0,4.33,精密光学元件,optics,candidate,★★☆,,,,站20/60线; 绿柱扩张; MA60上行(+4.4%/5日),370.57,,,,,,,,,,,,,,,,,,,,pending
stock,2026-05-14,600487,亨通光电,HOLD,1,,,,,0,5.0,光纤光缆/海底电缆,optics,core,★★★,,,,站20/60线; RSI偏高73; MA60上行(+6.5%/5日),74.77,,,,,,,,,,,,,,,,,,,,pending
stock,2026-05-14,600105,永鼎股份,HOLD,1,,,,,0,4.99,光纤光缆/新能源电缆,optics,watch,★☆☆,,,,多头排列; 红柱扩张; RSI偏高74; MA60上行(+6.6%/5日); 偏离MA20+20%,54.67,,,,,,,,,,,,,,,,,,,,pending
stock,2026-05-14,000651,格力电器,HOLD,0,,,,,0,4.32,家电,consumer,candidate,★★☆,,,,多头排列; RSI超买85,40.31,,,,,,,,,,,,,,,,,,,,pending
stock,2026-05-14,000338,潍柴动力,HOLD,0,,,,,0,4.99,重型发动机/氢燃料,machinery,candidate,★★☆,,,,多头排列; RSI超买79; MA60上行(+3.0%/5日); 偏离MA20+14%,34.46,,,,,,,,,,,,,,,,,,,,pending
stock,2026-05-14,688048,长光华芯,HOLD,0,,,,,0,5.0,半导体激光芯片,optics,candidate,★★☆,,,,多头排列; 红柱扩张; RSI超买80; MA60上行(+11.7%/5日); 严重偏离MA20+24%,457.34,,,,,,,,,,,,,,,,,,,,pending
stock,2026-05-14,688120,华海清科,HOLD,0,,,,,0,5.0,CMP研磨设备,semicon,candidate,★★☆,,,,多头排列; 红柱扩张; RSI超买82; MA60上行(+2.1%/5日); 严重偏离MA20+27%,253.54,,,,,,,,,,,,,,,,,,,,pending
stock,2026-05-14,002008,大族激光,HOLD,0,,,,,0,5.0,工业激光设备,industrial_auto,candidate,★★☆,,,,多头排列; 红柱扩张; RSI超买92; MA60上行(+10.4%/5日); 严重偏离MA20+41%,150.4,,,,,,,,,,,,,,,,,,,,pending
stock,2026-05-14,688331,荣昌生物,HOLD,0,,,,,0,-15.81,ADC创新药,pharma,candidate,★★☆,,,,跌破60线; 绿柱扩张; RSI超卖14; MA60上行(+1.4%/5日),115.96,,,,,,,,,,,,,,,,,,,,pending
stock,2026-05-14,688167,炬光科技,HOLD,0,,,,,0,5.0,高功率半导体激光器,optics,watch,★☆☆,,,,多头排列; 红柱扩张; RSI偏高75; MA60上行(+4.8%/5日); 严重偏离MA20+28%,513.55,,,,,,,,,,,,,,,,,,,,pending
stock,2026-05-14,688409,富创精密,HOLD,0,,,,,0,5.0,半导体精密零部件,semicon,watch,★☆☆,,,,多头排列; 红柱扩张; RSI超买80; 放量1.5x; MA60上行(+2.9%/5日); 严重偏离MA20+24%,143.21,,,,,,,,,,,,,,,,,,,,pending
stock,2026-05-14,002384,东山精密,HOLD,-1,,,,,0,5.0,PCB/光模块封装,optics,candidate,★★☆,,,,站20/60线; RSI超买87; MA60上行(+10.0%/5日); 偏离MA20+16%,216.73,,,,,,,,,,,,,,,,,,,,pending
stock,2026-05-14,688256,寒武纪,HOLD,-1,,,,,0,5.0,AI推理芯片,semicon,candidate,★☆☆,,,,多头排列; RSI超买81; MA60上行(+5.0%/5日); 严重偏离MA20+24%,1276.48,,,,,,,,,,,,,,,,,,,,pending
stock,2026-05-14,300750,宁德时代,HOLD,-1,,,,,0,-1.63,动力电池,battery,core,★★★,,,,跌破20线; 绿柱扩张; MA60上行(+1.9%/5日),430.61,,,,,,,,,,,,,,,,,,,,pending
stock,2026-05-14,600887,伊利股份,HOLD,-1,,,,,0,5.0,乳制品/食品,consumer,candidate,★★☆,,,,站20/60线; RSI超买83,27.82,,,,,,,,,,,,,,,,,,,,pending
stock,2026-05-14,601088,中国神华,HOLD,-1,,,,,0,-2.46,煤炭/电力,commodity,watch,★★☆,,,,跌破60线; MA60上行(+0.7%/5日),45.06,,,,,,,,,,,,,,,,,,,,pending
stock,2026-05-14,002594,比亚迪,HOLD,-1,,,,,0,-2.7,电动车/刀片电池,new_energy,candidate,★★★,,,,跌破60线; MA60上行(+0.9%/5日),98.95,,,,,,,,,,,,,,,,,,,,pending
stock,2026-05-14,002028,思源电气,HOLD,-1,,,,,0,-1.32,特高压/变电设备,power_equip,watch,★★☆,,,,跌破60线; MACD即将金叉🔔,205.26,,,,,,,,,,,,,,,,,,,,pending
stock,2026-05-14,600030,中信证券,HOLD,-1,,,,,0,0.45,综合券商,finance,candidate,★★☆,,,,站20/60线; MACD死叉,26.9,,,,,,,,,,,,,,,,,,,,pending
stock,2026-05-14,603288,海天味业,HOLD,-1,,,,,0,-4.85,调味品,food_bev,watch,★☆☆,,,,跌破60线; RSI超卖11; 连跌5日,37.51,,,,,,,,,,,,,,,,,,,,pending
stock,2026-05-14,688777,中控技术,HOLD,-1,,,,,0,2.41,工业自动化DCS,industrial_auto,candidate,★★☆,,,,站20/60线; MA60下行趋势(-1.0%/5日),75.96,,,,,,,,,,,,,,,,,,,,pending
stock,2026-05-14,603929,亚翔集成,HOLD,-1,,,,,0,-1.79,半导体洁净室工程,semicon,watch,★☆☆,,,,跌破20线; 绿柱扩张; MA60上行(+2.5%/5日),189.1,,,,,,,,,,,,,,,,,,,,pending
stock,2026-05-14,603256,宏和科技,HOLD,-1,,,,,0,5.0,高端电子玻纤布,pcb,watch,★☆☆,,,,站20/60线; RSI超买83; MA60上行(+9.7%/5日); 偏离MA20+20%,144.18,,,,,,,,,,,,,,,,,,,,pending
stock,2026-05-14,600879,航天电子,HOLD,-1,,,,,0,-0.95,军工电子/惯导,defense,candidate,★★☆,,,,跌破20线,24.28,,,,,,,,,,,,,,,,,,,,pending
stock,2026-05-14,603259,药明康德,HOLD,-2,,,,,0,-1.84,CXO,pharma,watch,★☆☆,,,,跌破20线; MACD死叉; MA60上行(+1.1%/5日),103.43,,,,,,,,,,,,,,,,,,,,pending
stock,2026-05-14,600309,万华化学,HOLD,-2,,,,,0,-6.05,MDI/聚氨酯,chemical,candidate,★★★,,,,跌破60线; 绿柱扩张; RSI偏低30,82.35,,,,,,,,,,,,,,,,,,,,pending
stock,2026-05-14,603993,洛阳钼业,HOLD,-2,,,,,0,1.88,铜/钴矿,commodity,core,★★★,,,,MA60下行趋势(-1.1%/5日),20.17,,,,,,,,,,,,,,,,,,,,pending
stock,2026-05-14,600893,航发动力,HOLD,-2,,,,,0,-0.37,航空发动机,defense,candidate,★★☆,,,,跌破60线,48.81,,,,,,,,,,,,,,,,,,,,pending
stock,2026-05-14,300274,阳光电源,REDUCE,-3,,,,,0,0.13,逆变器,new_energy,core,★★★,,,,跌破60线; MA60偏弱(-0.5%/5日),136.41,,,,,,,,,,,,,,,,,,,,pending
stock,2026-05-14,600031,三一重工,REDUCE,-3,,,,,0,1.4,工程机械,machinery,watch,★★☆,,,,跌破60线; MA60偏弱(-0.6%/5日),20.74,,,,,,,,,,,,,,,,,,,,pending
stock,2026-05-14,600276,恒瑞医药,REDUCE,-3,,,,,0,-1.39,创新药,pharma,watch,★☆☆,,,,跌破60线; MA60偏弱(-0.4%/5日),54.59,,,,,,,,,,,,,,,,,,,,pending
stock,2026-05-14,600519,贵州茅台,REDUCE,-3,,,,,0,-4.45,高端白酒,consumer,candidate,★★☆,,,,跌破60线; RSI偏低30; MA60偏弱(-0.7%/5日); 连跌3日且MA60偏弱,1340.77,,,,,,,,,,,,,,,,,,,,pending
stock,2026-05-14,000858,五粮液,REDUCE,-3,,,,,0,-10.0,高端白酒,consumer,candidate,★★☆,,,,跌破60线; RSI超卖7; MA60下行趋势(-1.4%/5日); 连跌4日且MA60偏弱,88.66,,,,,,,,,,,,,,,,,,,,pending
stock,2026-05-14,601888,中国中免,REDUCE,-3,,,,,0,-6.96,免税零售,consumer,candidate,★★☆,,,,跌破60线; 绿柱扩张; RSI超卖17; MA60下行趋势(-3.2%/5日),60.91,,,,,,,,,,,,,,,,,,,,pending
stock,2026-05-14,600426,华鲁恒升,REDUCE,-3,,,,,0,-6.5,煤化工/化肥,chemical,candidate,★★☆,,,,跌破60线; 绿柱扩张,34.14,,,,,,,,,,,,,,,,,,,,pending
stock,2026-05-14,601012,隆基绿能,REDUCE,-3,,,,,0,-4.1,光伏组件,new_energy,watch,★☆☆,,,,跌破60线; 绿柱扩张; RSI超卖23; MA60下行趋势(-0.8%/5日),16.36,,,,,,,,,,,,,,,,,,,,pending
stock,2026-05-14,002865,钧达股份,REDUCE,-3,,,,,0,5.0,TOPCon光伏电池片,new_energy,watch,★☆☆,,,,站20/60线; RSI偏高72; MA60偏弱(-0.4%/5日); 严重偏离MA20+22%,101.93,,,,,,,,,,,,,,,,,,,,pending
stock,2026-05-14,601899,紫金矿业,REDUCE,-4,,,,,0,-2.16,铜金矿,commodity,watch,★☆☆,,,,跌破60线; MA60下行趋势(-0.9%/5日),33.73,,,,,,,,,,,,,,,,,,,,pending
stock,2026-05-14,600438,通威股份,REDUCE,-4,,,,,0,-3.11,光伏电池/硅料,new_energy,candidate,★★☆,,,,跌破60线; 绿柱扩张; RSI偏低27; MA60下行趋势(-0.9%/5日),17.04,,,,,,,,,,,,,,,,,,,,pending
stock,2026-05-14,002714,牧原股份,REDUCE,-4,,,,,0,-3.58,生猪养殖,agriculture,candidate,★★☆,,,,跌破60线; 绿柱扩张; MA60偏弱(-0.5%/5日),42.74,,,,,,,,,,,,,,,,,,,,pending
stock,2026-05-14,601318,中国平安,REDUCE,-4,,,,,0,-2.72,保险/金融科技,finance,candidate,★★☆,,,,跌破60线; MA60下行趋势(-1.1%/5日),57.07,,,,,,,,,,,,,,,,,,,,pending
stock,2026-05-14,000568,泸州老窖,REDUCE,-4,,,,,0,-6.05,高端白酒,food_bev,candidate,★★☆,,,,跌破60线; RSI偏低32; MA60下行趋势(-2.2%/5日); 连跌4日且MA60偏弱,93.93,,,,,,,,,,,,,,,,,,,,pending
stock,2026-05-14,300760,迈瑞医疗,SELL_STOP,-5,,,,,0,-0.87,医疗器械,pharma,candidate,★★☆,,,,跌破60线; MA60下行趋势(-1.1%/5日); 连跌3日且MA60偏弱,162.08,,,,,,,,,,,,,,,,,,,,pending
stock,2026-05-14,600988,赤峰黄金,REDUCE,-5,,,,,0,-4.28,黄金矿采选,commodity,candidate,★★☆,,,,跌破60线; 绿柱扩张; MA60偏弱(-0.3%/5日); 连跌3日且MA60偏弱; MA60跌破3日未满4日确认，降级为减仓,39.96,,,,,,,,,,,,,,,,,,,,pending
stock,2026-05-14,603799,华友钴业,SELL_STOP,-6,,,,,0,-7.33,钴/三元前驱体,battery_materials,candidate,★★☆,,,,跌破60线; 绿柱扩张; MA60下行趋势(-1.0%/5日); 连跌4日且MA60偏弱,60.6,,,,,,,,,,,,,,,,,,,,pending
