source,signal_date,code,name,signal,score,tier,stars,regime,sentiment_level,position_pct,stop_loss_pct,theme,cluster,pool,signal_3d,market_panic,triggers,cautions,note,close_t,close_t1,close_t3,close_t5,close_t10,ret_1d,ret_3d,ret_5d,ret_10d,max_gain_10d,max_drawdown_10d,ret_csi300_1d,ret_csi300_3d,ret_csi300_5d,ret_csi300_10d,excess_1d,excess_3d,excess_5d,excess_10d,hit_stop_10d,review_status
main,2026-04-20,159206,卫星ETF,REDUCE,65.3,B,,R2,,0,6.0,,,,,,,,当前机制R2不支持B级品种,1.883,1.885,1.867,1.82,1.93,0.001062,-0.008497,-0.033457,0.02496,0.027084,-0.065321,0.00222,0.006073,0.00284,0.030073,-0.001158,-0.01457,-0.036297,-0.005113,True,complete
main,2026-04-20,159326,电网设备ETF,REDUCE,62.5,B,,R2,,0,6.0,,,,,,,,当前机制R2不支持B级品种,1.982,1.96,2.017,1.983,2.075,-0.0111,0.017659,0.000505,0.046922,0.048436,-0.028759,0.00222,0.006073,0.00284,0.030073,-0.01332,0.011586,-0.002335,0.016849,False,complete
main,2026-04-20,159995,芯片ETF,AVOID,52.6,C,,R2,,0,0,,,,,,,,政策/综合评分不足，禁止配置,1.881,1.854,1.879,2.006,2.237,-0.014354,-0.001063,0.066454,0.189261,0.212121,-0.028177,0.00222,0.006073,0.00284,0.030073,-0.016574,-0.007136,0.063614,0.159188,True,complete
main,2026-04-20,561980,芯片设备ETF,AVOID,52.4,C,,R2,,0,0,,,,,,,,政策/综合评分不足，禁止配置,2.313,2.269,2.31,2.499,2.75,-0.019023,-0.001297,0.080415,0.188932,0.230869,-0.027237,0.00222,0.006073,0.00284,0.030073,-0.021243,-0.00737,0.077575,0.158859,True,complete
main,2026-04-20,562500,机器人ETF,AVOID,50.8,C,,R2,,0,0,,,,,,,,政策/综合评分不足，禁止配置,1.017,1.014,1.013,1.033,1.097,-0.00295,-0.003933,0.015733,0.078663,0.078663,-0.022616,0.00222,0.006073,0.00284,0.030073,-0.00517,-0.010006,0.012893,0.04859,True,complete
main,2026-04-20,588000,科创50ETF,AVOID,50.6,C,,R2,,0,0,,,,,,,,政策/综合评分不足，禁止配置,1.527,1.504,1.508,1.591,1.769,-0.015062,-0.012443,0.041912,0.158481,0.18664,-0.023576,0.00222,0.006073,0.00284,0.030073,-0.017282,-0.018515,0.039072,0.128408,True,complete
main,2026-04-20,159667,工业母机ETF,AVOID,50.1,C,,R2,,0,0,,,,,,,,政策/综合评分不足，禁止配置,1.962,1.975,1.994,2.001,2.178,0.006626,0.01631,0.019878,0.110092,0.111621,-0.01631,0.00222,0.006073,0.00284,0.030073,0.004406,0.010237,0.017038,0.080019,True,complete
main,2026-04-20,515880,通信ETF,AVOID,50.1,C,,R2,,0,0,,,,,,,,政策/综合评分不足，禁止配置,1.342,1.338,1.396,1.355,1.414,-0.002981,0.040238,0.009687,0.053651,0.067064,-0.031297,0.00222,0.006073,0.00284,0.030073,-0.0052,0.034166,0.006847,0.023578,True,complete
main,2026-04-20,562960,绿色电力ETF,AVOID,48.2,C,,R2,,0,0,,,,,,,,政策/综合评分不足，禁止配置,1.203,1.22,1.238,1.211,1.245,0.014131,0.029094,0.00665,0.034913,0.037406,-0.010806,0.00222,0.006073,0.00284,0.030073,0.011912,0.023021,0.00381,0.00484,True,complete
main,2026-04-20,159611,电力ETF,AVOID,46.5,C,,R2,,0,0,,,,,,,,政策/综合评分不足，禁止配置,1.109,1.123,1.142,1.116,1.149,0.012624,0.029757,0.006312,0.036069,0.038774,-0.009017,0.00222,0.006073,0.00284,0.030073,0.010404,0.023684,0.003472,0.005996,True,complete
main,2026-04-20,159715,稀土ETF,AVOID,46.3,C,,R2,,0,0,,,,,,,,政策/综合评分不足，禁止配置,1.351,1.35,1.3,1.3,1.402,-0.00074,-0.03775,-0.03775,0.03775,0.042191,-0.061436,0.00222,0.006073,0.00284,0.030073,-0.00296,-0.043822,-0.04059,0.007677,True,complete
main,2026-04-20,515450,红利低波50,AVOID,45.7,C,,R2,,0,0,,,,,,,,政策/综合评分不足，禁止配置,1.423,1.437,1.439,1.433,1.431,0.009838,0.011244,0.007027,0.005622,0.018974,0.0,0.00222,0.006073,0.00284,0.030073,0.007619,0.005171,0.004188,-0.024451,True,complete
main,2026-04-20,159870,化工ETF,AVOID,28.9,D,,R2,,0,0,,,,,,,,政策/综合评分不足，禁止配置,0.897,0.909,0.897,0.926,0.937,0.013378,0.0,0.03233,0.044593,0.079153,-0.020067,0.00222,0.006073,0.00284,0.030073,0.011158,-0.006073,0.02949,0.01452,True,complete
main,2026-04-21,159206,卫星ETF,REDUCE,65.3,B,,R2,WARM,0,6.0,,,,,,,,当前机制R2不支持B级品种,1.885,1.89,1.806,1.78,1.979,0.002653,-0.04191,-0.055703,0.049867,0.057825,-0.066313,0.006634,0.000287,-0.002053,0.021793,-0.003981,-0.042197,-0.05365,0.028074,True,complete
main,2026-04-21,159326,电网设备ETF,REDUCE,61.0,B,,R2,WARM,0,6.0,,,,,,,,当前机制R2不支持B级品种,1.96,2.014,1.984,1.943,2.062,0.027551,0.012245,-0.008673,0.052041,0.060204,-0.017857,0.006634,0.000287,-0.002053,0.021793,0.020917,0.011958,-0.00662,0.030248,False,complete
main,2026-04-21,562500,机器人ETF,REDUCE,58.5,B,,R2,WARM,0,6.0,,,,,,,,当前机制R2不支持B级品种,1.014,1.022,1.006,1.012,1.122,0.00789,-0.00789,-0.001972,0.106509,0.110454,-0.019724,0.006634,0.000287,-0.002053,0.021793,0.001256,-0.008177,8.1e-05,0.084716,False,complete
main,2026-04-21,515450,红利低波50,AVOID,51.8,C,,R2,WARM,0,0,,,,,,,,政策/综合评分不足，禁止配置,1.437,1.43,1.439,1.441,1.429,-0.004871,0.001392,0.002784,-0.005567,0.009047,-0.008351,0.006634,0.000287,-0.002053,0.021793,-0.011505,0.001104,0.004837,-0.02736,True,complete
main,2026-04-21,159667,工业母机ETF,AVOID,51.6,C,,R2,WARM,0,0,,,,,,,,政策/综合评分不足，禁止配置,1.975,2.012,1.981,1.955,2.226,0.018734,0.003038,-0.010127,0.127089,0.12962,-0.022785,0.006634,0.000287,-0.002053,0.021793,0.0121,0.002751,-0.008073,0.105295,True,complete
main,2026-04-21,159715,稀土ETF,AVOID,50.9,C,,R2,WARM,0,0,,,,,,,,政策/综合评分不足，禁止配置,1.35,1.355,1.3,1.272,1.398,0.003704,-0.037037,-0.057778,0.035556,0.042963,-0.060741,0.006634,0.000287,-0.002053,0.021793,-0.00293,-0.037324,-0.055725,0.013762,True,complete
main,2026-04-21,588000,科创50ETF,AVOID,50.6,C,,R2,WARM,0,0,,,,,,,,政策/综合评分不足，禁止配置,1.504,1.529,1.531,1.568,1.727,0.016622,0.017952,0.042553,0.148271,0.204787,-0.007314,0.006634,0.000287,-0.002053,0.021793,0.009989,0.017665,0.044606,0.126478,True,complete
main,2026-04-21,515880,通信ETF,AVOID,50.1,C,,R2,WARM,0,0,,,,,,,,政策/综合评分不足，禁止配置,1.338,1.413,1.339,1.327,1.43,0.056054,0.000747,-0.008221,0.068759,0.072496,-0.028401,0.006634,0.000287,-0.002053,0.021793,0.04942,0.00046,-0.006168,0.046966,True,complete
main,2026-04-21,159611,电力ETF,AVOID,49.6,C,,R2,WARM,0,0,,,,,,,,政策/综合评分不足，禁止配置,1.123,1.12,1.123,1.123,1.147,-0.002671,0.0,0.0,0.021371,0.040962,-0.016919,0.006634,0.000287,-0.002053,0.021793,-0.009305,-0.000287,0.002053,-0.000422,True,complete
main,2026-04-21,562960,绿色电力ETF,AVOID,48.2,C,,R2,WARM,0,0,,,,,,,,政策/综合评分不足，禁止配置,1.22,1.219,1.219,1.217,1.243,-0.00082,-0.00082,-0.002459,0.018852,0.036885,-0.021311,0.006634,0.000287,-0.002053,0.021793,-0.007453,-0.001107,-0.000406,-0.002941,True,complete
main,2026-04-21,159995,芯片ETF,AVOID,47.9,C,,R2,WARM,0,0,,,,,,,,政策/综合评分不足，禁止配置,1.854,1.904,1.912,1.98,2.173,0.026969,0.031284,0.067961,0.17206,0.229773,-0.007551,0.006634,0.000287,-0.002053,0.021793,0.020335,0.030996,0.070014,0.150267,True,complete
main,2026-04-21,561980,芯片设备ETF,AVOID,44.7,C,,R2,WARM,0,0,,,,,,,,政策/综合评分不足，禁止配置,2.269,2.332,2.354,2.495,2.668,0.027766,0.037461,0.099603,0.175848,0.254738,-0.006611,0.006634,0.000287,-0.002053,0.021793,0.021132,0.037174,0.101657,0.154055,True,complete
main,2026-04-21,159870,化工ETF,AVOID,28.9,D,,R2,WARM,0,0,,,,,,,,政策/综合评分不足，禁止配置,0.909,0.907,0.92,0.927,0.921,-0.0022,0.012101,0.019802,0.013201,0.064906,-0.022002,0.006634,0.000287,-0.002053,0.021793,-0.008834,0.011814,0.021855,-0.008592,True,complete
main,2026-04-22,159206,卫星ETF,REDUCE,66.0,B,,R2,HOT,0,6.0,,,,,,,,当前机制R2不支持B级品种,1.89,1.867,1.82,1.784,2.031,-0.012169,-0.037037,-0.056085,0.074603,0.080952,-0.068783,-0.002771,-0.005975,0.002234,0.031713,-0.009398,-0.031062,-0.058318,0.04289,True,complete
main,2026-04-22,159326,电网设备ETF,REDUCE,64.2,B,,R2,HOT,0,6.0,,,,,,,,当前机制R2不支持B级品种,2.014,2.017,1.983,1.965,2.091,0.00149,-0.015392,-0.02433,0.038232,0.050149,-0.044191,-0.002771,-0.005975,0.002234,0.031713,0.004261,-0.009417,-0.026563,0.00652,False,complete
main,2026-04-22,512480,半导体ETF,REDUCE,58.9,B,,R2,HOT,0,6.0,,,,,,,,当前机制R2不支持B级品种,1.677,1.648,1.755,1.732,2.018,-0.017293,0.046512,0.032797,0.203339,0.211688,-0.025641,-0.002771,-0.005975,0.002234,0.031713,-0.014522,0.052487,0.030563,0.171626,False,complete
main,2026-04-22,159667,工业母机ETF,REDUCE,58.5,B,,R2,HOT,0,6.0,,,,,,,,当前机制R2不支持B级品种,2.012,1.994,2.001,2.024,2.309,-0.008946,-0.005467,0.005964,0.147614,0.148608,-0.040755,-0.002771,-0.005975,0.002234,0.031713,-0.006175,0.000508,0.003731,0.115901,False,complete
main,2026-04-22,159995,芯片ETF,REDUCE,58.0,B,,R2,HOT,0,6.0,,,,,,,,当前机制R2不支持B级品种,1.904,1.879,2.006,1.97,2.311,-0.01313,0.053571,0.034664,0.213761,0.222689,-0.022059,-0.002771,-0.005975,0.002234,0.031713,-0.010359,0.059547,0.03243,0.182048,False,complete
main,2026-04-22,562960,绿色电力ETF,REDUCE,56.8,B,,R2,HOT,0,6.0,,,,,,,,当前机制R2不支持B级品种,1.219,1.238,1.211,1.219,1.265,0.015587,-0.006563,0.0,0.037736,0.041017,-0.020509,-0.002771,-0.005975,0.002234,0.031713,0.018358,-0.000587,-0.002234,0.006023,False,complete
main,2026-04-22,159915,创业板ETF,REDUCE,56.3,B,,R2,HOT,0,6.0,,,,,,,,当前机制R2不支持B级品种,3.758,3.728,3.652,3.694,3.947,-0.007983,-0.028206,-0.01703,0.050293,0.050293,-0.047898,-0.002771,-0.005975,0.002234,0.031713,-0.005212,-0.022231,-0.019264,0.01858,False,complete
main,2026-04-22,561910,电池ETF,REDUCE,56.1,B,,R2,HOT,0,6.0,,,,,,,,当前机制R2不支持B级品种,0.926,0.912,0.931,0.966,0.978,-0.015119,0.0054,0.043197,0.056156,0.079914,-0.024838,-0.002771,-0.005975,0.002234,0.031713,-0.012348,0.011375,0.040963,0.024443,False,complete
main,2026-04-22,516850,新能源ETF,REDUCE,55.6,B,,R2,HOT,0,6.0,,,,,,,,当前机制R2不支持B级品种,1.19,1.175,1.181,1.209,1.228,-0.012605,-0.007563,0.015966,0.031933,0.046218,-0.033613,-0.002771,-0.005975,0.002234,0.031713,-0.009834,-0.001588,0.013733,0.00022,False,complete
main,2026-04-22,002371,北方华创,REDUCE,55.4,B,,R2,HOT,0,6.0,,,,,,,,当前机制R2不支持B级品种,477.95,475.0,516.25,510.71,573.19,-0.006172,0.080134,0.068543,0.199268,0.223977,-0.029606,-0.002771,-0.005975,0.002234,0.031713,-0.003401,0.086109,0.066309,0.167555,False,complete
main,2026-04-22,562500,机器人ETF,REDUCE,55.3,B,,R2,HOT,0,6.0,,,,,,,,当前机制R2不支持B级品种,1.022,1.013,1.033,1.021,1.141,-0.008806,0.010763,-0.000978,0.116438,0.120352,-0.027397,-0.002771,-0.005975,0.002234,0.031713,-0.006035,0.016739,-0.003212,0.084725,False,complete
main,2026-04-22,588080,科创50ETF,AVOID,54.6,C,,R2,HOT,0,0,,,,,,,,政策/综合评分不足，禁止配置,1.482,1.463,1.544,1.526,1.754,-0.012821,0.041835,0.02969,0.183536,0.190958,-0.023617,-0.002771,-0.005975,0.002234,0.031713,-0.010049,0.047811,0.027456,0.151823,True,complete
main,2026-04-22,515880,通信ETF,AVOID,53.5,C,,R2,HOT,0,0,,,,,,,,政策/综合评分不足，禁止配置,1.413,1.396,1.355,1.328,1.483,-0.012031,-0.041047,-0.060156,0.04954,0.051663,-0.079972,-0.002771,-0.005975,0.002234,0.031713,-0.00926,-0.035072,-0.062389,0.017827,True,complete
main,2026-04-22,159715,稀土ETF,AVOID,53.3,C,,R2,HOT,0,0,,,,,,,,政策/综合评分不足，禁止配置,1.355,1.3,1.3,1.35,1.438,-0.04059,-0.04059,-0.00369,0.061255,0.061255,-0.064207,-0.002771,-0.005975,0.002234,0.031713,-0.037819,-0.034615,-0.005924,0.029542,True,complete
main,2026-04-22,561980,半导体设备ETF,AVOID,52.5,C,,R2,HOT,0,0,,,,,,,,政策/综合评分不足，禁止配置,2.332,2.31,2.499,2.487,2.835,-0.009434,0.071612,0.066467,0.215695,0.226415,-0.021012,-0.002771,-0.005975,0.002234,0.031713,-0.006663,0.077588,0.064233,0.183982,True,complete
main,2026-04-22,512400,有色金属ETF,AVOID,51.8,C,,R2,HOT,0,0,,,,,,,,政策/综合评分不足，禁止配置,2.179,2.098,2.095,2.14,2.208,-0.037173,-0.03855,-0.017898,0.013309,0.0257,-0.067462,-0.002771,-0.005975,0.002234,0.031713,-0.034402,-0.032574,-0.020132,-0.018404,True,complete
main,2026-04-22,510500,中证500ETF,AVOID,51.5,C,,R2,HOT,0,0,,,,,,,,政策/综合评分不足，禁止配置,8.455,8.375,8.368,8.422,8.912,-0.009462,-0.01029,-0.003903,0.054051,0.057954,-0.026138,-0.002771,-0.005975,0.002234,0.031713,-0.006691,-0.004314,-0.006137,0.022338,True,complete
main,2026-04-22,600900,长江电力,AVOID,51.3,C,,R2,HOT,0,0,,,,,,,,政策/综合评分不足，禁止配置,26.86,26.95,26.66,26.77,27.01,0.003351,-0.007446,-0.003351,0.005585,0.020849,-0.00968,-0.002771,-0.005975,0.002234,0.031713,0.006122,-0.001471,-0.005584,-0.026128,True,complete
main,2026-04-22,159611,电力ETF,AVOID,49.9,C,,R2,HOT,0,0,,,,,,,,政策/综合评分不足，禁止配置,1.12,1.142,1.116,1.124,1.165,0.019643,-0.003571,0.003571,0.040179,0.045536,-0.014286,-0.002771,-0.005975,0.002234,0.031713,0.022414,0.002404,0.001338,0.008466,True,complete
main,2026-04-22,515790,光伏ETF,AVOID,48.8,C,,R2,HOT,0,0,,,,,,,,政策/综合评分不足，禁止配置,1.085,1.078,1.053,1.059,1.123,-0.006452,-0.029493,-0.023963,0.035023,0.04424,-0.058065,-0.002771,-0.005975,0.002234,0.031713,-0.003681,-0.023518,-0.026197,0.00331,True,complete
main,2026-04-22,515450,红利低波50,AVOID,45.9,C,,R2,HOT,0,0,,,,,,,,政策/综合评分不足，禁止配置,1.43,1.439,1.433,1.445,1.437,0.006294,0.002098,0.01049,0.004895,0.013986,-0.004895,-0.002771,-0.005975,0.002234,0.031713,0.009065,0.008073,0.008256,-0.026818,True,complete
main,2026-04-22,300274,阳光电源,AVOID,45.2,C,,R2,HOT,0,0,,,,,,,,政策/综合评分不足，禁止配置,136.225,133.815,130.705,137.385,143.355,-0.017691,-0.040521,0.008515,0.05234,0.0726,-0.088824,-0.002771,-0.005975,0.002234,0.031713,-0.01492,-0.034546,0.006282,0.020627,True,complete
main,2026-04-22,513180,恒生科技ETF,AVOID,44.8,C,,R2,HOT,0,0,,,,,,,,政策/综合评分不足，禁止配置,0.639,0.625,0.632,0.628,0.651,-0.021909,-0.010955,-0.017214,0.018779,0.025039,-0.039124,-0.002771,-0.005975,0.002234,0.031713,-0.019138,-0.004979,-0.019448,-0.012934,True,complete
main,2026-04-22,159941,纳指ETF,AVOID,44.4,C,,R2,HOT,0,0,,,,,,,,政策/综合评分不足，禁止配置,1.407,1.417,1.45,1.452,1.577,0.007107,0.030561,0.031983,0.120824,0.120824,0.001421,-0.002771,-0.005975,0.002234,0.031713,0.009878,0.036537,0.029749,0.089112,False,complete
main,2026-04-22,510050,上证50ETF,AVOID,42.8,C,,R2,HOT,0,0,,,,,,,,政策/综合评分不足，禁止配置,3.005,3.001,3.013,3.041,3.116,-0.001331,0.002662,0.01198,0.036938,0.039268,-0.006988,-0.002771,-0.005975,0.002234,0.031713,0.00144,0.008638,0.009747,0.005226,True,complete
main,2026-04-22,600036,招商银行,AVOID,42.2,C,,R2,HOT,0,0,,,,,,,,政策/综合评分不足，禁止配置,39.74,39.81,39.38,38.5,37.97,0.001761,-0.009059,-0.031203,-0.04454,0.006291,-0.051334,-0.002771,-0.005975,0.002234,0.031713,0.004532,-0.003083,-0.033436,-0.076252,True,complete
main,2026-04-22,601398,工商银行,AVOID,41.7,C,,R2,HOT,0,0,,,,,,,,政策/综合评分不足，禁止配置,7.351,7.411,7.341,7.301,7.301,0.008162,-0.00136,-0.006802,-0.006802,0.013604,-0.028568,-0.002771,-0.005975,0.002234,0.031713,0.010933,0.004615,-0.009035,-0.038515,True,complete
main,2026-04-22,515850,证券ETF,AVOID,41.6,C,,R2,HOT,0,0,,,,,,,,政策/综合评分不足，禁止配置,1.333,1.322,1.311,1.333,1.363,-0.008252,-0.016504,0.0,0.022506,0.027757,-0.023256,-0.002771,-0.005975,0.002234,0.031713,-0.005481,-0.010529,-0.002234,-0.009207,True,complete
main,2026-04-22,159567,港股创新药ETF,AVOID,41.5,C,,R2,HOT,0,0,,,,,,,,政策/综合评分不足，禁止配置,0.803,0.763,0.764,0.754,0.751,-0.049813,-0.048568,-0.061021,-0.064757,-0.002491,-0.084682,-0.002771,-0.005975,0.002234,0.031713,-0.047042,-0.042592,-0.063255,-0.09647,True,complete
main,2026-04-22,518880,黄金ETF,AVOID,39.1,D,,R2,HOT,0,0,,,,,,,,政策/综合评分不足，禁止配置,10.004,9.9,9.897,9.637,9.774,-0.010396,-0.010696,-0.036685,-0.022991,-0.005698,-0.042383,-0.002771,-0.005975,0.002234,0.031713,-0.007625,-0.00472,-0.038919,-0.054704,True,complete
main,2026-04-22,159870,化工ETF,AVOID,38.9,D,,R2,HOT,0,0,,,,,,,,政策/综合评分不足，禁止配置,0.907,0.897,0.926,0.956,0.924,-0.011025,0.020948,0.054024,0.018743,0.067255,-0.019846,-0.002771,-0.005975,0.002234,0.031713,-0.008254,0.026924,0.051791,-0.01297,True,complete
main,2026-04-22,159275,农牧渔ETF,AVOID,37.0,D,,R2,HOT,0,0,,,,,,,,政策/综合评分不足，禁止配置,0.964,0.95,0.931,0.957,0.957,-0.014523,-0.034232,-0.007261,-0.007261,0.009336,-0.039419,-0.002771,-0.005975,0.002234,0.031713,-0.011752,-0.028257,-0.009495,-0.038974,True,complete
main,2026-04-22,515220,煤炭ETF,AVOID,33.2,D,,R2,HOT,0,0,,,,,,,,政策/综合评分不足，禁止配置,1.21,1.246,1.254,1.32,1.252,0.029752,0.036364,0.090909,0.034711,0.101653,-0.004959,-0.002771,-0.005975,0.002234,0.031713,0.032523,0.042339,0.088676,0.002998,True,complete
main,2026-04-22,600989,宝丰能源,AVOID,31.8,D,,R2,HOT,0,0,,,,,,,,政策/综合评分不足，禁止配置,27.74,28.36,29.66,31.13,28.34,0.02235,0.069214,0.122206,0.021629,0.13951,-0.016583,-0.002771,-0.005975,0.002234,0.031713,0.025121,0.07519,0.119973,-0.010083,True,complete
main,2026-04-23,159326,电网设备ETF,HOLD,72.4,A,,R2,HOT,4.3,6.0,,,,,,,,市场情绪HOT，信号降级，等待回落,2.017,1.984,1.943,1.941,2.135,-0.016361,-0.036688,-0.03768,0.058503,0.065444,-0.045612,-0.003543,-0.005875,0.004383,0.033788,-0.012818,-0.030813,-0.042063,0.024715,False,complete
main,2026-04-23,159206,卫星ETF,HOLD,71.2,A,,R2,HOT,2.7,6.0,,,,,,,,择时拦截：市场HOT+连涨9日+距MA5偏离+2.3%，等回落再介入,1.867,1.806,1.78,1.84,1.974,-0.032673,-0.046599,-0.014462,0.057311,0.094269,-0.057311,-0.003543,-0.005875,0.004383,0.033788,-0.029129,-0.040724,-0.018845,0.023523,False,complete
main,2026-04-23,512480,半导体ETF,REDUCE,66.3,B,,R2,HOT,0,6.0,,,,,,,,当前机制R2不支持B级品种,1.648,1.677,1.735,1.817,2.025,0.017597,0.052791,0.102549,0.228762,0.243932,-0.006675,-0.003543,-0.005875,0.004383,0.033788,0.021141,0.058666,0.098165,0.194974,False,complete
main,2026-04-23,159995,芯片ETF,REDUCE,65.0,B,,R2,HOT,0,6.0,,,,,,,,当前机制R2不支持B级品种,1.879,1.912,1.98,2.073,2.326,0.017563,0.053752,0.103246,0.237892,0.252262,-0.007451,-0.003543,-0.005875,0.004383,0.033788,0.021106,0.059627,0.098863,0.204105,False,complete
main,2026-04-23,159667,工业母机ETF,REDUCE,63.9,B,,R2,HOT,0,6.0,,,,,,,,当前机制R2不支持B级品种,1.994,1.981,1.955,2.036,2.281,-0.00652,-0.019559,0.021063,0.143932,0.158977,-0.032096,-0.003543,-0.005875,0.004383,0.033788,-0.002976,-0.013684,0.01668,0.110144,False,complete
main,2026-04-23,002371,北方华创,REDUCE,63.9,B,,R2,HOT,0,6.0,,,,,,,,当前机制R2不支持B级品种,475.0,472.7,517.21,536.99,581.45,-0.004842,0.088863,0.130505,0.224105,0.231579,-0.023579,-0.003543,-0.005875,0.004383,0.033788,-0.001299,0.094738,0.126122,0.190317,False,complete
main,2026-04-23,588080,科创50ETF,REDUCE,62.9,B,,R2,HOT,0,6.0,,,,,,,,当前机制R2不支持B级品种,1.463,1.485,1.52,1.603,1.761,0.015038,0.038961,0.095694,0.203691,0.220096,-0.010936,-0.003543,-0.005875,0.004383,0.033788,0.018581,0.044836,0.09131,0.169903,False,complete
main,2026-04-23,159915,创业板ETF,REDUCE,62.7,B,,R2,HOT,0,6.0,,,,,,,,当前机制R2不支持B级品种,3.728,3.674,3.602,3.689,3.94,-0.014485,-0.033798,-0.010461,0.056867,0.063841,-0.040236,-0.003543,-0.005875,0.004383,0.033788,-0.010942,-0.027923,-0.014845,0.023079,False,complete
main,2026-04-23,561980,半导体设备ETF,REDUCE,59.5,B,,R2,HOT,0,6.0,,,,,,,,当前机制R2不支持B级品种,2.31,2.354,2.495,2.608,2.89,0.019048,0.080087,0.129004,0.251082,0.261905,-0.004762,-0.003543,-0.005875,0.004383,0.033788,0.022591,0.085962,0.124621,0.217294,False,complete
main,2026-04-23,562500,机器人ETF,REDUCE,59.3,B,,R2,HOT,0,6.0,,,,,,,,当前机制R2不支持B级品种,1.013,1.006,1.012,1.032,1.13,-0.00691,-0.000987,0.018756,0.115499,0.130306,-0.018756,-0.003543,-0.005875,0.004383,0.033788,-0.003367,0.004888,0.014373,0.081711,False,complete
main,2026-04-23,159715,稀土ETF,REDUCE,58.2,B,,R2,HOT,0,6.0,,,,,,,,当前机制R2不支持B级品种,1.3,1.3,1.272,1.36,1.394,0.0,-0.021538,0.046154,0.072308,0.109231,-0.024615,-0.003543,-0.005875,0.004383,0.033788,0.003543,-0.015663,0.041771,0.03852,False,complete
main,2026-04-23,516850,新能源ETF,REDUCE,57.7,B,,R2,HOT,0,6.0,,,,,,,,当前机制R2不支持B级品种,1.175,1.187,1.163,1.205,1.212,0.010213,-0.010213,0.025532,0.031489,0.059574,-0.021277,-0.003543,-0.005875,0.004383,0.033788,0.013756,-0.004338,0.021149,-0.002299,False,complete
main,2026-04-23,562960,绿色电力ETF,REDUCE,57.3,B,,R2,HOT,0,6.0,,,,,,,,当前机制R2不支持B级品种,1.238,1.219,1.217,1.2,1.276,-0.015347,-0.016963,-0.030695,0.030695,0.037964,-0.035541,-0.003543,-0.005875,0.004383,0.033788,-0.011804,-0.011088,-0.035078,-0.003093,False,complete
main,2026-04-23,561910,电池ETF,REDUCE,57.2,B,,R2,HOT,0,6.0,,,,,,,,当前机制R2不支持B级品种,0.912,0.928,0.913,0.958,0.964,0.017544,0.001096,0.050439,0.057018,0.096491,-0.008772,-0.003543,-0.005875,0.004383,0.033788,0.021087,0.006972,0.046055,0.02323,False,complete
main,2026-04-23,510500,中证500ETF,REDUCE,57.1,B,,R2,HOT,0,6.0,,,,,,,,当前机制R2不支持B级品种,8.375,8.323,8.273,8.43,8.862,-0.006209,-0.012179,0.006567,0.058149,0.06806,-0.016836,-0.003543,-0.005875,0.004383,0.033788,-0.002666,-0.006304,0.002184,0.024361,False,complete
main,2026-04-23,159611,电力ETF,REDUCE,56.1,B,,R2,HOT,0,6.0,,,,,,,,当前机制R2不支持B级品种,1.142,1.123,1.123,1.108,1.177,-0.016637,-0.016637,-0.029772,0.030648,0.037653,-0.033275,-0.003543,-0.005875,0.004383,0.033788,-0.013094,-0.010762,-0.034156,-0.00314,False,complete
main,2026-04-23,515790,光伏ETF,AVOID,54.7,C,,R2,HOT,0,0,,,,,,,,政策/综合评分不足，禁止配置,1.078,1.062,1.04,1.063,1.122,-0.014842,-0.03525,-0.013915,0.040816,0.053803,-0.051948,-0.003543,-0.005875,0.004383,0.033788,-0.011299,-0.029375,-0.018298,0.007028,True,complete
main,2026-04-23,515880,通信ETF,AVOID,54.5,C,,R2,HOT,0,0,,,,,,,,政策/综合评分不足，禁止配置,1.396,1.339,1.327,1.321,1.501,-0.040831,-0.049427,-0.053725,0.075215,0.090974,-0.068768,-0.003543,-0.005875,0.004383,0.033788,-0.037288,-0.043552,-0.058108,0.041427,True,complete
main,2026-04-23,512400,有色金属ETF,AVOID,53.8,C,,R2,HOT,0,0,,,,,,,,政策/综合评分不足，禁止配置,2.098,2.118,2.043,2.119,2.188,0.009533,-0.026215,0.01001,0.042898,0.071973,-0.031459,-0.003543,-0.005875,0.004383,0.033788,0.013076,-0.02034,0.005626,0.00911,True,complete
main,2026-04-23,600900,长江电力,AVOID,51.8,C,,R2,HOT,0,0,,,,,,,,政策/综合评分不足，禁止配置,26.95,26.81,26.73,27.32,27.04,-0.005195,-0.008163,0.013729,0.00334,0.01744,-0.012987,-0.003543,-0.005875,0.004383,0.033788,-0.001651,-0.002288,0.009346,-0.030448,True,complete
main,2026-04-23,510050,上证50ETF,AVOID,50.5,C,,R2,HOT,0,0,,,,,,,,政策/综合评分不足，禁止配置,3.001,3.018,3.024,3.062,3.119,0.005665,0.007664,0.020327,0.03932,0.043319,-0.004998,-0.003543,-0.005875,0.004383,0.033788,0.009208,0.013539,0.015943,0.005532,True,complete
main,2026-04-23,159941,纳指ETF,AVOID,50.1,C,,R2,HOT,0,0,,,,,,,,政策/综合评分不足，禁止配置,1.417,1.418,1.457,1.456,1.558,0.000706,0.028229,0.027523,0.099506,0.112915,-0.001411,-0.003543,-0.005875,0.004383,0.033788,0.004249,0.034104,0.02314,0.065718,True,complete
main,2026-04-23,300274,阳光电源,AVOID,47.8,C,,R2,HOT,0,0,,,,,,,,政策/综合评分不足，禁止配置,133.815,133.105,129.205,136.725,139.85,-0.005306,-0.034451,0.021746,0.0451,0.091918,-0.072413,-0.003543,-0.005875,0.004383,0.033788,-0.001762,-0.028575,0.017363,0.011312,True,complete
main,2026-04-23,515450,红利低波50,AVOID,47.7,C,,R2,HOT,0,0,,,,,,,,政策/综合评分不足，禁止配置,1.439,1.439,1.441,1.441,1.437,0.0,0.00139,0.00139,-0.00139,0.007644,-0.011119,-0.003543,-0.005875,0.004383,0.033788,0.003543,0.007265,-0.002993,-0.035178,True,complete
main,2026-04-23,515850,证券ETF,AVOID,46.0,C,,R2,HOT,0,0,,,,,,,,政策/综合评分不足，禁止配置,1.322,1.31,1.325,1.338,1.367,-0.009077,0.002269,0.012103,0.034039,0.043116,-0.015129,-0.003543,-0.005875,0.004383,0.033788,-0.005534,0.008144,0.00772,0.000251,True,complete
main,2026-04-23,513180,恒生科技ETF,AVOID,44.8,C,,R2,HOT,0,0,,,,,,,,政策/综合评分不足，禁止配置,0.625,0.628,0.621,0.627,0.645,0.0048,-0.0064,0.0032,0.032,0.048,-0.0176,-0.003543,-0.005875,0.004383,0.033788,0.008343,-0.000525,-0.001183,-0.001788,True,complete
main,2026-04-23,600036,招商银行,AVOID,43.0,C,,R2,HOT,0,0,,,,,,,,政策/综合评分不足，禁止配置,39.81,39.38,39.6,38.27,37.9,-0.010801,-0.005275,-0.038684,-0.047978,0.004521,-0.053002,-0.003543,-0.005875,0.004383,0.033788,-0.007258,0.0006,-0.043067,-0.081766,True,complete
main,2026-04-23,159567,港股创新药ETF,AVOID,42.7,C,,R2,HOT,0,0,,,,,,,,政策/综合评分不足，禁止配置,0.763,0.768,0.756,0.757,0.743,0.006553,-0.009174,-0.007864,-0.026212,0.023591,-0.036697,-0.003543,-0.005875,0.004383,0.033788,0.010097,-0.003299,-0.012247,-0.06,True,complete
main,2026-04-23,601398,工商银行,AVOID,42.0,C,,R2,HOT,0,0,,,,,,,,政策/综合评分不足，禁止配置,7.411,7.411,7.361,7.281,7.311,0.0,-0.006747,-0.017541,-0.013493,0.005397,-0.036432,-0.003543,-0.005875,0.004383,0.033788,0.003543,-0.000872,-0.021925,-0.047281,True,complete
main,2026-04-23,159275,农牧渔ETF,AVOID,41.6,C,,R2,HOT,0,0,,,,,,,,政策/综合评分不足，禁止配置,0.95,0.94,0.939,0.966,0.941,-0.010526,-0.011579,0.016842,-0.009474,0.024211,-0.025263,-0.003543,-0.005875,0.004383,0.033788,-0.006983,-0.005704,0.012459,-0.043262,True,complete
main,2026-04-23,159870,化工ETF,AVOID,41.2,C,,R2,HOT,0,0,,,,,,,,政策/综合评分不足，禁止配置,0.897,0.92,0.927,0.955,0.918,0.025641,0.033445,0.06466,0.023411,0.079153,-0.003344,-0.003543,-0.005875,0.004383,0.033788,0.029184,0.03932,0.060277,-0.010377,True,complete
main,2026-04-23,518880,黄金ETF,AVOID,40.7,C,,R2,HOT,0,0,,,,,,,,政策/综合评分不足，禁止配置,9.9,9.826,9.732,9.678,9.806,-0.007475,-0.01697,-0.022424,-0.009495,0.003333,-0.032323,-0.003543,-0.005875,0.004383,0.033788,-0.003931,-0.011095,-0.026808,-0.043283,True,complete
main,2026-04-23,600989,宝丰能源,AVOID,38.5,D,,R2,HOT,0,0,,,,,,,,政策/综合评分不足，禁止配置,28.36,29.47,30.96,30.7,28.13,0.03914,0.091678,0.082511,-0.00811,0.114598,-0.028209,-0.003543,-0.005875,0.004383,0.033788,0.042683,0.097553,0.078127,-0.041898,True,complete
main,2026-04-23,515220,煤炭ETF,AVOID,37.3,D,,R2,HOT,0,0,,,,,,,,政策/综合评分不足，禁止配置,1.246,1.247,1.298,1.315,1.239,0.000803,0.041734,0.055377,-0.005618,0.069823,-0.020064,-0.003543,-0.005875,0.004383,0.033788,0.004346,0.047609,0.050994,-0.039406,True,complete
main,2026-04-24,159326,电网设备ETF,REDUCE,64.8,B,,R2,WARM,0,6.0,,,,,,,,当前机制R2不支持B级品种,1.984,1.983,1.965,2.019,2.189,-0.000504,-0.009577,0.017641,0.103327,0.103831,-0.029738,0.000331,0.008592,0.022586,0.048008,-0.000835,-0.018169,-0.004945,0.055318,False,complete
main,2026-04-24,512480,半导体ETF,REDUCE,63.0,B,,R2,WARM,0,6.0,,,,,,,,当前机制R2不支持B级品种,1.677,1.755,1.732,1.913,2.088,0.046512,0.032797,0.140727,0.245081,0.246869,0.000596,0.000331,0.008592,0.022586,0.048008,0.04618,0.024204,0.118142,0.197072,False,complete
main,2026-04-24,159995,芯片ETF,REDUCE,62.1,B,,R2,WARM,0,6.0,,,,,,,,当前机制R2不支持B级品种,1.912,2.006,1.97,2.204,2.384,0.049163,0.030335,0.15272,0.246862,0.250523,0.001569,0.000331,0.008592,0.022586,0.048008,0.048832,0.021742,0.130134,0.198853,False,complete
main,2026-04-24,159206,卫星ETF,REDUCE,60.1,B,,R2,WARM,0,6.0,,,,,,,,当前机制R2不支持B级品种,1.806,1.82,1.784,1.912,2.0,0.007752,-0.012182,0.058693,0.10742,0.131229,-0.025471,0.000331,0.008592,0.022586,0.048008,0.007421,-0.020774,0.036107,0.059411,False,complete
main,2026-04-24,561980,半导体设备ETF,REDUCE,59.6,B,,R2,WARM,0,6.0,,,,,,,,当前机制R2不支持B级品种,2.354,2.499,2.487,2.696,2.987,0.061597,0.0565,0.145285,0.268904,0.273577,0.008921,0.000331,0.008592,0.022586,0.048008,0.061266,0.047907,0.122699,0.220896,False,complete
main,2026-04-24,588080,科创50ETF,REDUCE,58.7,B,,R2,WARM,0,6.0,,,,,,,,当前机制R2不支持B级品种,1.485,1.544,1.526,1.691,1.808,0.039731,0.027609,0.138721,0.217508,0.218855,-0.000673,0.000331,0.008592,0.022586,0.048008,0.039399,0.019017,0.116135,0.1695,False,complete
main,2026-04-24,561910,电池ETF,REDUCE,57.3,B,,R2,WARM,0,6.0,,,,,,,,当前机制R2不支持B级品种,0.928,0.931,0.966,0.998,0.97,0.003233,0.040948,0.075431,0.045259,0.077586,-0.025862,0.000331,0.008592,0.022586,0.048008,0.002901,0.032356,0.052845,-0.00275,False,complete
main,2026-04-24,159667,工业母机ETF,REDUCE,56.8,B,,R2,WARM,0,6.0,,,,,,,,当前机制R2不支持B级品种,1.981,2.001,2.024,2.092,2.334,0.010096,0.021706,0.056032,0.178193,0.181222,-0.025745,0.000331,0.008592,0.022586,0.048008,0.009765,0.013114,0.033447,0.130184,False,complete
main,2026-04-24,516850,新能源ETF,AVOID,53.2,C,,R2,WARM,0,0,,,,,,,,政策/综合评分不足，禁止配置,1.187,1.181,1.209,1.24,1.221,-0.005055,0.018534,0.04465,0.028644,0.048863,-0.031171,0.000331,0.008592,0.022586,0.048008,-0.005386,0.009942,0.022065,-0.019365,True,complete
main,2026-04-24,002371,北方华创,AVOID,53.0,C,,R2,WARM,0,0,,,,,,,,政策/综合评分不足，禁止配置,472.7,516.25,510.71,545.35,581.0,0.09213,0.08041,0.153692,0.229109,0.243918,0.006897,0.000331,0.008592,0.022586,0.048008,0.091799,0.071818,0.131106,0.181101,False,complete
main,2026-04-24,515450,红利低波50,AVOID,52.4,C,,R2,WARM,0,0,,,,,,,,政策/综合评分不足，禁止配置,1.439,1.433,1.445,1.436,1.432,-0.00417,0.00417,-0.002085,-0.004864,0.007644,-0.011119,0.000331,0.008592,0.022586,0.048008,-0.004501,-0.004423,-0.024671,-0.052873,True,complete
main,2026-04-24,562960,绿色电力ETF,AVOID,52.1,C,,R2,WARM,0,0,,,,,,,,政策/综合评分不足，禁止配置,1.219,1.211,1.219,1.225,1.309,-0.006563,0.0,0.004922,0.073831,0.082034,-0.020509,0.000331,0.008592,0.022586,0.048008,-0.006894,-0.008592,-0.017664,0.025823,True,complete
main,2026-04-24,600900,长江电力,AVOID,51.9,C,,R2,WARM,0,0,,,,,,,,政策/综合评分不足，禁止配置,26.81,26.66,26.77,27.2,27.0,-0.005595,-0.001492,0.014547,0.007087,0.022753,-0.007833,0.000331,0.008592,0.022586,0.048008,-0.005926,-0.010084,-0.008039,-0.040922,True,complete
main,2026-04-24,562500,机器人ETF,AVOID,51.2,C,,R2,WARM,0,0,,,,,,,,政策/综合评分不足，禁止配置,1.006,1.033,1.021,1.056,1.156,0.026839,0.014911,0.049702,0.149105,0.151093,-0.00497,0.000331,0.008592,0.022586,0.048008,0.026508,0.006318,0.027116,0.101097,True,complete
main,2026-04-24,159611,电力ETF,AVOID,50.5,C,,R2,WARM,0,0,,,,,,,,政策/综合评分不足，禁止配置,1.123,1.116,1.124,1.135,1.202,-0.006233,0.00089,0.010686,0.070347,0.080142,-0.016919,0.000331,0.008592,0.022586,0.048008,-0.006565,-0.007702,-0.0119,0.022339,True,complete
main,2026-04-24,601398,工商银行,AVOID,50.5,C,,R2,WARM,0,0,,,,,,,,政策/综合评分不足，禁止配置,7.411,7.341,7.301,7.191,7.23,-0.009445,-0.014843,-0.029686,-0.024423,0.005397,-0.036432,0.000331,0.008592,0.022586,0.048008,-0.009777,-0.023435,-0.052271,-0.072432,True,complete
main,2026-04-24,159915,创业板ETF,AVOID,50.4,C,,R2,WARM,0,0,,,,,,,,政策/综合评分不足，禁止配置,3.674,3.652,3.694,3.786,4.048,-0.005988,0.005444,0.030484,0.101796,0.10343,-0.02613,0.000331,0.008592,0.022586,0.048008,-0.006319,-0.003149,0.007899,0.053788,True,complete
main,2026-04-24,600989,宝丰能源,AVOID,50.1,C,,R2,WARM,0,0,,,,,,,,政策/综合评分不足，禁止配置,29.47,29.66,31.13,30.16,28.47,0.006447,0.056328,0.023414,-0.033933,0.072616,-0.064812,0.000331,0.008592,0.022586,0.048008,0.006116,0.047736,0.000828,-0.081941,True,complete
main,2026-04-24,510050,上证50ETF,AVOID,48.7,C,,R2,WARM,0,0,,,,,,,,政策/综合评分不足，禁止配置,3.018,3.013,3.041,3.1,3.123,-0.001657,0.007621,0.02717,0.034791,0.037442,-0.003976,0.000331,0.008592,0.022586,0.048008,-0.001988,-0.000971,0.004585,-0.013217,True,complete
main,2026-04-24,515880,通信ETF,AVOID,47.6,C,,R2,WARM,0,0,,,,,,,,政策/综合评分不足，禁止配置,1.339,1.355,1.328,1.352,1.557,0.011949,-0.008215,0.009709,0.162808,0.163555,-0.029126,0.000331,0.008592,0.022586,0.048008,0.011618,-0.016807,-0.012877,0.1148,True,complete
main,2026-04-24,510500,中证500ETF,AVOID,46.8,C,,R2,WARM,0,0,,,,,,,,政策/综合评分不足，禁止配置,8.323,8.368,8.422,8.658,9.009,0.005407,0.011895,0.04025,0.082422,0.083864,-0.010693,0.000331,0.008592,0.022586,0.048008,0.005075,0.003302,0.017664,0.034414,True,complete
main,2026-04-24,300274,阳光电源,AVOID,45.8,C,,R2,WARM,0,0,,,,,,,,政策/综合评分不足，禁止配置,133.105,130.705,137.385,139.845,142.65,-0.018031,0.032155,0.050637,0.07171,0.097742,-0.067466,0.000331,0.008592,0.022586,0.048008,-0.018362,0.023563,0.028051,0.023702,True,complete
main,2026-04-24,600036,招商银行,AVOID,45.1,C,,R2,WARM,0,0,,,,,,,,政策/综合评分不足，禁止配置,39.38,39.38,38.5,38.0,37.88,0.0,-0.022346,-0.035043,-0.03809,0.01549,-0.042661,0.000331,0.008592,0.022586,0.048008,-0.000331,-0.030939,-0.057629,-0.086099,True,complete
main,2026-04-24,515790,光伏ETF,AVOID,44.7,C,,R2,WARM,0,0,,,,,,,,政策/综合评分不足，禁止配置,1.062,1.053,1.059,1.086,1.146,-0.008475,-0.002825,0.022599,0.079096,0.080979,-0.037665,0.000331,0.008592,0.022586,0.048008,-0.008806,-0.011417,1.3e-05,0.031088,True,complete
main,2026-04-24,159715,稀土ETF,AVOID,43.9,C,,R2,WARM,0,0,,,,,,,,政策/综合评分不足，禁止配置,1.3,1.3,1.35,1.4,1.414,0.0,0.038462,0.076923,0.087692,0.109231,-0.024615,0.000331,0.008592,0.022586,0.048008,-0.000331,0.029869,0.054337,0.039684,True,complete
main,2026-04-24,515220,煤炭ETF,AVOID,43.8,C,,R2,WARM,0,0,,,,,,,,政策/综合评分不足，禁止配置,1.247,1.254,1.32,1.322,1.228,0.005613,0.05854,0.060144,-0.015237,0.068966,-0.021652,0.000331,0.008592,0.022586,0.048008,0.005282,0.049948,0.037559,-0.063245,True,complete
main,2026-04-24,159870,化工ETF,AVOID,43.6,C,,R2,WARM,0,0,,,,,,,,政策/综合评分不足，禁止配置,0.92,0.926,0.956,0.968,0.92,0.006522,0.03913,0.052174,0.0,0.052174,-0.01087,0.000331,0.008592,0.022586,0.048008,0.00619,0.030538,0.029588,-0.048008,True,complete
main,2026-04-24,159941,纳指ETF,AVOID,43.2,C,,R2,WARM,0,0,,,,,,,,政策/综合评分不足，禁止配置,1.418,1.45,1.452,1.496,1.571,0.022567,0.023977,0.055007,0.107898,0.11213,0.009873,0.000331,0.008592,0.022586,0.048008,0.022236,0.015385,0.032421,0.05989,False,complete
main,2026-04-24,515850,证券ETF,AVOID,40.4,C,,R2,WARM,0,0,,,,,,,,政策/综合评分不足，禁止配置,1.31,1.311,1.333,1.356,1.361,0.000763,0.017557,0.035115,0.038931,0.052672,-0.001527,0.000331,0.008592,0.022586,0.048008,0.000432,0.008965,0.012529,-0.009077,True,complete
main,2026-04-24,512400,有色金属ETF,AVOID,40.0,C,,R2,WARM,0,0,,,,,,,,政策/综合评分不足，禁止配置,2.118,2.095,2.14,2.199,2.209,-0.010859,0.010387,0.038244,0.042965,0.061851,-0.040604,0.000331,0.008592,0.022586,0.048008,-0.011191,0.001795,0.015658,-0.005043,True,complete
main,2026-04-24,159567,港股创新药ETF,AVOID,39.1,D,,R2,WARM,0,0,,,,,,,,政策/综合评分不足，禁止配置,0.768,0.764,0.754,0.746,0.732,-0.005208,-0.018229,-0.028646,-0.046875,0.016927,-0.049479,0.000331,0.008592,0.022586,0.048008,-0.00554,-0.026821,-0.051232,-0.094883,True,complete
main,2026-04-24,518880,黄金ETF,AVOID,38.5,D,,R2,WARM,0,0,,,,,,,,政策/综合评分不足，禁止配置,9.826,9.897,9.637,9.791,9.804,0.007226,-0.019235,-0.003562,-0.002239,0.010889,-0.025036,0.000331,0.008592,0.022586,0.048008,0.006894,-0.027827,-0.026148,-0.050247,True,complete
main,2026-04-24,513180,恒生科技ETF,AVOID,37.2,D,,R2,WARM,0,0,,,,,,,,政策/综合评分不足，禁止配置,0.628,0.632,0.628,0.636,0.646,0.006369,0.0,0.012739,0.028662,0.042994,-0.015924,0.000331,0.008592,0.022586,0.048008,0.006038,-0.008592,-0.009847,-0.019346,True,complete
main,2026-04-24,159275,农牧渔ETF,AVOID,36.4,D,,R2,WARM,0,0,,,,,,,,政策/综合评分不足，禁止配置,0.94,0.931,0.957,0.966,0.933,-0.009574,0.018085,0.02766,-0.007447,0.035106,-0.014894,0.000331,0.008592,0.022586,0.048008,-0.009906,0.009493,0.005074,-0.055455,True,complete
main,2026-04-27,002371,北方华创,HOLD,74.7,A,,R2,WARM,3.5,6.0,,,,,,,,连涨1日+距MA5偏+7.9%，追高风险，等待回踩MA,516.25,517.21,536.99,552.14,564.4,0.00186,0.040174,0.069521,0.093269,0.14801,-0.027215,-0.00267,0.007621,0.027156,0.030109,0.00453,0.032553,0.042365,0.063159,False,complete
main,2026-04-27,512480,半导体ETF,HOLD,71.5,A,,R2,WARM,3.5,6.0,,,,,,,,连涨2日+距MA5偏+4.8%，追高风险，等待回踩MA,1.755,1.735,1.817,1.949,2.043,-0.011396,0.035328,0.110541,0.164103,0.208547,-0.043875,-0.00267,0.007621,0.027156,0.030109,-0.008726,0.027707,0.083385,0.133993,False,complete
main,2026-04-27,159995,芯片ETF,HOLD,70.4,A,,R2,WARM,3.5,6.0,,,,,,,,连涨2日+距MA5偏+5.0%，追高风险，等待回踩MA,2.006,1.98,2.073,2.237,2.321,-0.012961,0.0334,0.115155,0.157029,0.211366,-0.045364,-0.00267,0.007621,0.027156,0.030109,-0.010291,0.025779,0.087999,0.12692,False,complete
main,2026-04-27,588080,科创50ETF,REDUCE,68.2,B,,R2,WARM,0,6.0,,,,,,,,当前机制R2不支持B级品种,1.544,1.52,1.603,1.715,1.762,-0.015544,0.038212,0.110751,0.141192,0.19171,-0.03886,-0.00267,0.007621,0.027156,0.030109,-0.012874,0.030591,0.083595,0.111082,False,complete
main,2026-04-27,159326,电网设备ETF,REDUCE,63.1,B,,R2,WARM,0,6.0,,,,,,,,当前机制R2不支持B级品种,1.983,1.943,1.941,2.075,2.111,-0.020171,-0.02118,0.046394,0.064549,0.111952,-0.029249,-0.00267,0.007621,0.027156,0.030109,-0.017501,-0.028801,0.019238,0.034439,False,complete
main,2026-04-27,561980,半导体设备ETF,REDUCE,60.7,B,,R2,WARM,0,6.0,,,,,,,,当前机制R2不支持B级品种,2.499,2.495,2.608,2.75,2.891,-0.001601,0.043617,0.10044,0.156863,0.202481,-0.037215,-0.00267,0.007621,0.027156,0.030109,0.00107,0.035996,0.073284,0.126753,False,complete
main,2026-04-27,159206,卫星ETF,REDUCE,59.4,B,,R2,WARM,0,6.0,,,,,,,,当前机制R2不支持B级品种,1.82,1.78,1.84,1.93,1.89,-0.021978,0.010989,0.06044,0.038462,0.122527,-0.032967,-0.00267,0.007621,0.027156,0.030109,-0.019308,0.003368,0.033284,0.008352,False,complete
main,2026-04-27,562500,机器人ETF,REDUCE,59.3,B,,R2,WARM,0,6.0,,,,,,,,当前机制R2不支持B级品种,1.033,1.012,1.032,1.097,1.128,-0.020329,-0.000968,0.061955,0.091965,0.126815,-0.030978,-0.00267,0.007621,0.027156,0.030109,-0.017659,-0.008589,0.034799,0.061856,False,complete
main,2026-04-27,562960,绿色电力ETF,REDUCE,59.1,B,,R2,WARM,0,6.0,,,,,,,,当前机制R2不支持B级品种,1.211,1.217,1.2,1.245,1.274,0.004955,-0.009083,0.028076,0.052023,0.100743,-0.014038,-0.00267,0.007621,0.027156,0.030109,0.007625,-0.016705,0.00092,0.021914,False,complete
main,2026-04-27,561910,电池ETF,REDUCE,59.0,B,,R2,WARM,0,6.0,,,,,,,,当前机制R2不支持B级品种,0.931,0.913,0.958,0.988,0.936,-0.019334,0.029001,0.061224,0.005371,0.074114,-0.029001,-0.00267,0.007621,0.027156,0.030109,-0.016664,0.02138,0.034068,-0.024739,False,complete
main,2026-04-27,159941,纳指ETF,REDUCE,58.2,B,,R2,WARM,0,6.0,,,,,,,,当前机制R2不支持B级品种,1.45,1.457,1.456,1.537,1.577,0.004828,0.004138,0.06,0.087586,0.097241,-0.002069,-0.00267,0.007621,0.027156,0.030109,0.007498,-0.003483,0.032844,0.057477,False,complete
main,2026-04-27,159667,工业母机ETF,REDUCE,57.9,B,,R2,WARM,0,6.0,,,,,,,,当前机制R2不支持B级品种,2.001,1.955,2.036,2.178,2.27,-0.022989,0.017491,0.088456,0.134433,0.175412,-0.035482,-0.00267,0.007621,0.027156,0.030109,-0.020318,0.00987,0.0613,0.104323,False,complete
main,2026-04-27,515880,通信ETF,REDUCE,56.7,B,,R2,WARM,0,6.0,,,,,,,,当前机制R2不支持B级品种,1.355,1.327,1.321,1.414,1.544,-0.020664,-0.025092,0.043542,0.139483,0.173432,-0.04059,-0.00267,0.007621,0.027156,0.030109,-0.017994,-0.032713,0.016386,0.109374,False,complete
main,2026-04-27,600900,长江电力,REDUCE,56.4,B,,R2,WARM,0,6.0,,,,,,,,当前机制R2不支持B级品种,26.66,26.73,27.32,27.05,26.94,0.002626,0.024756,0.014629,0.010503,0.028507,-0.002251,-0.00267,0.007621,0.027156,0.030109,0.005296,0.017135,-0.012527,-0.019607,False,complete
main,2026-04-27,510500,中证500ETF,REDUCE,56.1,B,,R2,WARM,0,6.0,,,,,,,,当前机制R2不支持B级品种,8.368,8.273,8.43,8.771,8.772,-0.011353,0.007409,0.04816,0.048279,0.081381,-0.016013,-0.00267,0.007621,0.027156,0.030109,-0.008682,-0.000212,0.021004,0.01817,False,complete
main,2026-04-27,600989,宝丰能源,AVOID,56.1,B,,R2,WARM,0,0,,,,,,,,政策/综合评分不足，禁止配置,29.66,30.96,30.7,28.1,28.32,0.04383,0.035064,-0.052596,-0.045179,0.065745,-0.070802,-0.00267,0.007621,0.027156,0.030109,0.0465,0.027443,-0.079752,-0.075288,True,complete
main,2026-04-27,510050,上证50ETF,REDUCE,55.6,B,,R2,WARM,0,6.0,,,,,,,,当前机制R2不支持B级品种,3.013,3.024,3.062,3.103,3.074,0.003651,0.016263,0.029871,0.020246,0.039827,-0.002323,-0.00267,0.007621,0.027156,0.030109,0.006321,0.008642,0.002715,-0.009864,False,complete
main,2026-04-27,516850,新能源ETF,REDUCE,55.3,B,,R2,WARM,0,6.0,,,,,,,,当前机制R2不支持B级品种,1.181,1.163,1.205,1.232,1.188,-0.015241,0.020322,0.043184,0.005927,0.054191,-0.026249,-0.00267,0.007621,0.027156,0.030109,-0.012571,0.012701,0.016028,-0.024182,False,complete
main,2026-04-27,515450,红利低波50,AVOID,54.8,C,,R2,WARM,0,0,,,,,,,,政策/综合评分不足，禁止配置,1.433,1.441,1.441,1.431,1.431,0.005583,0.005583,-0.001396,-0.001396,0.011863,-0.006978,-0.00267,0.007621,0.027156,0.030109,0.008253,-0.002038,-0.028552,-0.031505,True,complete
main,2026-04-27,159611,电力ETF,AVOID,54.6,C,,R2,WARM,0,0,,,,,,,,政策/综合评分不足，禁止配置,1.116,1.123,1.108,1.149,1.173,0.006272,-0.007168,0.02957,0.051075,0.09767,-0.010753,-0.00267,0.007621,0.027156,0.030109,0.008943,-0.01479,0.002414,0.020966,True,complete
main,2026-04-27,159915,创业板ETF,AVOID,50.9,C,,R2,WARM,0,0,,,,,,,,政策/综合评分不足，禁止配置,3.652,3.602,3.689,3.845,3.961,-0.013691,0.010131,0.052848,0.084611,0.123768,-0.020263,-0.00267,0.007621,0.027156,0.030109,-0.011021,0.00251,0.025692,0.054502,True,complete
main,2026-04-27,518880,黄金ETF,AVOID,49.5,C,,R2,WARM,0,0,,,,,,,,政策/综合评分不足，禁止配置,9.897,9.732,9.678,9.909,9.795,-0.016672,-0.022128,0.001212,-0.010306,0.003637,-0.03203,-0.00267,0.007621,0.027156,0.030109,-0.014001,-0.029749,-0.025944,-0.040415,True,complete
main,2026-04-27,515790,光伏ETF,AVOID,49.0,C,,R2,WARM,0,0,,,,,,,,政策/综合评分不足，禁止配置,1.053,1.04,1.063,1.101,1.128,-0.012346,0.009497,0.045584,0.071225,0.108262,-0.02944,-0.00267,0.007621,0.027156,0.030109,-0.009675,0.001876,0.018428,0.041116,True,complete
main,2026-04-27,159870,化工ETF,AVOID,48.4,C,,R2,WARM,0,0,,,,,,,,政策/综合评分不足，禁止配置,0.926,0.927,0.955,0.937,0.896,0.00108,0.031317,0.011879,-0.032397,0.045356,-0.032397,-0.00267,0.007621,0.027156,0.030109,0.00375,0.023696,-0.015277,-0.062507,True,complete
main,2026-04-27,515220,煤炭ETF,AVOID,47.5,C,,R2,WARM,0,0,,,,,,,,政策/综合评分不足，禁止配置,1.254,1.298,1.315,1.257,1.212,0.035088,0.048644,0.002392,-0.033493,0.062998,-0.03429,-0.00267,0.007621,0.027156,0.030109,0.037758,0.041023,-0.024764,-0.063602,True,complete
main,2026-04-27,513180,恒生科技ETF,AVOID,46.6,C,,R2,WARM,0,0,,,,,,,,政策/综合评分不足，禁止配置,0.632,0.621,0.627,0.654,0.646,-0.017405,-0.007911,0.03481,0.022152,0.05538,-0.022152,-0.00267,0.007621,0.027156,0.030109,-0.014735,-0.015533,0.007654,-0.007957,True,complete
main,2026-04-27,601398,工商银行,AVOID,46.3,C,,R2,WARM,0,0,,,,,,,,政策/综合评分不足，禁止配置,7.341,7.361,7.281,7.221,7.3,0.002724,-0.008173,-0.016347,-0.005585,0.004087,-0.027244,-0.00267,0.007621,0.027156,0.030109,0.005395,-0.015794,-0.043503,-0.035694,True,complete
main,2026-04-27,515850,证券ETF,AVOID,45.6,C,,R2,WARM,0,0,,,,,,,,政策/综合评分不足，禁止配置,1.311,1.325,1.338,1.351,1.33,0.010679,0.020595,0.030511,0.014493,0.051869,0.002288,-0.00267,0.007621,0.027156,0.030109,0.013349,0.012974,0.003355,-0.015617,False,complete
main,2026-04-27,300274,阳光电源,AVOID,45.5,C,,R2,WARM,0,0,,,,,,,,政策/综合评分不足，禁止配置,130.705,129.205,136.725,138.815,135.03,-0.011476,0.046058,0.062048,0.03309,0.117899,-0.050342,-0.00267,0.007621,0.027156,0.030109,-0.008806,0.038437,0.034892,0.00298,True,complete
main,2026-04-27,600036,招商银行,AVOID,45.3,C,,R2,WARM,0,0,,,,,,,,政策/综合评分不足，禁止配置,39.38,39.6,38.27,37.95,37.81,0.005587,-0.028187,-0.036313,-0.039868,0.006348,-0.042661,-0.00267,0.007621,0.027156,0.030109,0.008257,-0.035808,-0.063469,-0.069977,True,complete
main,2026-04-27,159715,稀土ETF,AVOID,44.2,C,,R2,WARM,0,0,,,,,,,,政策/综合评分不足，禁止配置,1.3,1.272,1.36,1.402,1.366,-0.021538,0.046154,0.078462,0.050769,0.109231,-0.024615,-0.00267,0.007621,0.027156,0.030109,-0.018868,0.038533,0.051306,0.02066,True,complete
main,2026-04-27,159275,农牧渔ETF,AVOID,42.6,C,,R2,WARM,0,0,,,,,,,,政策/综合评分不足，禁止配置,0.931,0.939,0.966,0.956,0.936,0.008593,0.037594,0.026853,0.005371,0.045113,-0.005371,-0.00267,0.007621,0.027156,0.030109,0.011263,0.029973,-0.000303,-0.024739,True,complete
main,2026-04-27,512400,有色金属ETF,AVOID,42.2,C,,R2,WARM,0,0,,,,,,,,政策/综合评分不足，禁止配置,2.095,2.043,2.119,2.207,2.13,-0.024821,0.011456,0.053461,0.016706,0.073508,-0.030072,-0.00267,0.007621,0.027156,0.030109,-0.022151,0.003835,0.026305,-0.013403,True,complete
main,2026-04-27,159567,港股创新药ETF,AVOID,41.2,C,,R2,WARM,0,0,,,,,,,,政策/综合评分不足，禁止配置,0.764,0.756,0.757,0.76,0.714,-0.010471,-0.009162,-0.005236,-0.065445,0.022251,-0.066754,-0.00267,0.007621,0.027156,0.030109,-0.007801,-0.016783,-0.032392,-0.095554,True,complete
main,2026-04-28,002371,北方华创,HOLD,68.1,B,,R1,WARM,2.0,8.0,,,,,,,,观察中，暂不建仓,517.21,510.71,545.35,540.79,592.0,-0.012567,0.054407,0.045591,0.144603,0.200363,-0.029021,0.010958,0.024984,0.023896,0.021306,-0.023525,0.029423,0.021695,0.123296,False,complete
main,2026-04-28,512480,半导体ETF,HOLD,66.5,B,,R1,WARM,2.0,8.0,,,,,,,,观察中，暂不建仓,1.735,1.732,1.913,1.902,2.035,-0.001729,0.102594,0.096254,0.172911,0.224207,-0.032853,0.010958,0.024984,0.023896,0.021306,-0.012687,0.077609,0.072358,0.151604,False,complete
main,2026-04-28,159995,芯片ETF,HOLD,65.8,B,,R1,WARM,2.0,8.0,,,,,,,,观察中，暂不建仓,1.98,1.97,2.204,2.173,2.315,-0.005051,0.113131,0.097475,0.169192,0.227273,-0.032828,0.010958,0.024984,0.023896,0.021306,-0.016008,0.088147,0.073579,0.147886,False,complete
main,2026-04-28,561980,半导体设备ETF,HOLD,65.6,B,,R1,WARM,2.0,8.0,,,,,,,,观察中，暂不建仓,2.495,2.487,2.696,2.668,2.992,-0.003206,0.080561,0.069339,0.199198,0.254509,-0.035671,0.010958,0.024984,0.023896,0.021306,-0.014164,0.055577,0.045443,0.177892,False,complete
main,2026-04-28,588080,科创50ETF,HOLD,62.1,B,,R1,WARM,1.0,6.0,,,,,,,,观察中，暂不建仓,1.52,1.526,1.691,1.677,1.733,0.003947,0.1125,0.103289,0.140132,0.210526,-0.023684,0.010958,0.024984,0.023896,0.021306,-0.007011,0.087516,0.079394,0.118825,False,complete
main,2026-04-28,562500,机器人ETF,HOLD,59.8,B,,R1,WARM,1.6,8.0,,,,,,,,观察中，暂不建仓,1.012,1.021,1.056,1.122,1.164,0.008893,0.043478,0.108696,0.150198,0.177866,-0.01087,0.010958,0.024984,0.023896,0.021306,-0.002065,0.018494,0.0848,0.128891,False,complete
main,2026-04-28,159326,电网设备ETF,HOLD,58.5,B,,R1,WARM,2.5,8.0,,,,,,,,观察中，暂不建仓,1.943,1.965,2.019,2.062,2.042,0.011323,0.039115,0.061245,0.050952,0.134843,-0.009264,0.010958,0.024984,0.023896,0.021306,0.000365,0.014131,0.03735,0.029646,False,complete
main,2026-04-28,159941,纳指ETF,HOLD,55.0,B,,R1,WARM,1.0,6.0,,,,,,,,观察中，暂不建仓,1.457,1.452,1.496,1.54,1.564,-0.003432,0.026767,0.056966,0.073439,0.09197,-0.006863,0.010958,0.024984,0.023896,0.021306,-0.01439,0.001783,0.033071,0.052132,False,complete
main,2026-04-28,515880,通信ETF,AVOID,53.0,C,,R1,WARM,0,0,,,,,,,,政策/综合评分不足，禁止配置,1.327,1.328,1.352,1.43,1.5,0.000754,0.018839,0.077619,0.130369,0.198191,-0.020347,0.010958,0.024984,0.023896,0.021306,-0.010204,-0.006145,0.053723,0.109063,True,complete
main,2026-04-28,562960,绿色电力ETF,AVOID,52.3,C,,R1,WARM,0,0,,,,,,,,政策/综合评分不足，禁止配置,1.217,1.219,1.225,1.243,1.263,0.001643,0.006574,0.021364,0.037798,0.095316,-0.018899,0.010958,0.024984,0.023896,0.021306,-0.009315,-0.018411,-0.002532,0.016492,True,complete
main,2026-04-28,159667,工业母机ETF,AVOID,52.1,C,,R1,WARM,0,0,,,,,,,,政策/综合评分不足，禁止配置,1.955,2.024,2.092,2.226,2.289,0.035294,0.070077,0.138619,0.170844,0.203069,-0.012788,0.010958,0.024984,0.023896,0.021306,0.024336,0.045093,0.114723,0.149538,True,complete
main,2026-04-28,515450,红利低波50,AVOID,51.6,C,,R1,WARM,0,0,,,,,,,,政策/综合评分不足，禁止配置,1.441,1.445,1.436,1.429,1.423,0.002776,-0.00347,-0.008328,-0.012491,0.006246,-0.013879,0.010958,0.024984,0.023896,0.021306,-0.008182,-0.028454,-0.032223,-0.033798,True,complete
main,2026-04-28,600989,宝丰能源,AVOID,51.4,C,,R1,WARM,0,0,,,,,,,,政策/综合评分不足，禁止配置,30.96,31.13,30.16,27.62,28.48,0.005491,-0.02584,-0.107881,-0.080103,0.020995,-0.109819,0.010958,0.024984,0.023896,0.021306,-0.005467,-0.050824,-0.131777,-0.10141,True,complete
main,2026-04-28,159611,电力ETF,AVOID,50.9,C,,R1,WARM,0,0,,,,,,,,政策/综合评分不足，禁止配置,1.123,1.124,1.135,1.147,1.163,0.00089,0.010686,0.021371,0.035619,0.090828,-0.016919,0.010958,0.024984,0.023896,0.021306,-0.010067,-0.014299,-0.002524,0.014313,True,complete
main,2026-04-28,510050,上证50ETF,AVOID,50.7,C,,R1,WARM,0,0,,,,,,,,政策/综合评分不足，禁止配置,3.024,3.041,3.1,3.075,3.035,0.005622,0.025132,0.016865,0.003638,0.036045,-0.003307,0.010958,0.024984,0.023896,0.021306,-0.005336,0.000148,-0.00703,-0.017669,True,complete
main,2026-04-28,510500,中证500ETF,AVOID,50.0,C,,R1,WARM,0,0,,,,,,,,政策/综合评分不足，禁止配置,8.273,8.422,8.658,8.769,8.612,0.01801,0.046537,0.059954,0.040977,0.093799,-0.004714,0.010958,0.024984,0.023896,0.021306,0.007052,0.021553,0.036059,0.01967,True,complete
main,2026-04-28,515850,证券ETF,AVOID,49.5,C,,R1,WARM,0,0,,,,,,,,政策/综合评分不足，禁止配置,1.325,1.333,1.356,1.339,1.304,0.006038,0.023396,0.010566,-0.015849,0.040755,-0.021132,0.010958,0.024984,0.023896,0.021306,-0.00492,-0.001588,-0.01333,-0.037155,True,complete
main,2026-04-28,515220,煤炭ETF,AVOID,49.5,C,,R1,WARM,0,0,,,,,,,,政策/综合评分不足，禁止配置,1.298,1.32,1.322,1.246,1.231,0.016949,0.01849,-0.040062,-0.051618,0.026965,-0.07473,0.010958,0.024984,0.023896,0.021306,0.005991,-0.006494,-0.063957,-0.072924,True,complete
main,2026-04-28,159206,卫星ETF,AVOID,48.9,C,,R1,WARM,0,0,,,,,,,,政策/综合评分不足，禁止配置,1.78,1.784,1.912,1.979,1.836,0.002247,0.074157,0.111798,0.031461,0.147753,-0.011236,0.010958,0.024984,0.023896,0.021306,-0.008711,0.049173,0.087902,0.010154,True,complete
main,2026-04-28,600036,招商银行,AVOID,48.4,C,,R1,WARM,0,0,,,,,,,,政策/综合评分不足，禁止配置,39.6,38.5,38.0,37.94,37.65,-0.027778,-0.040404,-0.041919,-0.049242,-0.014646,-0.050253,0.010958,0.024984,0.023896,0.021306,-0.038736,-0.065388,-0.065815,-0.070549,True,complete
main,2026-04-28,561910,电池ETF,AVOID,48.3,C,,R1,WARM,0,0,,,,,,,,政策/综合评分不足，禁止配置,0.913,0.966,0.998,0.968,0.948,0.05805,0.0931,0.060241,0.038335,0.09529,-0.009858,0.010958,0.024984,0.023896,0.021306,0.047092,0.068115,0.036345,0.017029,True,complete
main,2026-04-28,159870,化工ETF,AVOID,47.8,C,,R1,WARM,0,0,,,,,,,,政策/综合评分不足，禁止配置,0.927,0.956,0.968,0.921,0.896,0.031284,0.044229,-0.006472,-0.033441,0.044229,-0.037756,0.010958,0.024984,0.023896,0.021306,0.020326,0.019245,-0.030368,-0.054748,True,complete
main,2026-04-28,600900,长江电力,AVOID,45.9,C,,R1,WARM,0,0,,,,,,,,政策/综合评分不足，禁止配置,26.73,26.77,27.2,27.0,27.03,0.001496,0.017583,0.010101,0.011223,0.025814,-0.004863,0.010958,0.024984,0.023896,0.021306,-0.009461,-0.007401,-0.013795,-0.010083,True,complete
main,2026-04-28,159915,创业板ETF,AVOID,45.8,C,,R1,WARM,0,0,,,,,,,,政策/综合评分不足，禁止配置,3.602,3.694,3.786,3.806,3.97,0.025541,0.051083,0.056635,0.102165,0.139367,-0.006663,0.010958,0.024984,0.023896,0.021306,0.014583,0.026099,0.03274,0.080859,True,complete
main,2026-04-28,516850,新能源ETF,AVOID,44.8,C,,R1,WARM,0,0,,,,,,,,政策/综合评分不足，禁止配置,1.163,1.209,1.24,1.211,1.175,0.039553,0.066208,0.041273,0.010318,0.070507,-0.011178,0.010958,0.024984,0.023896,0.021306,0.028595,0.041224,0.017377,-0.010988,True,complete
main,2026-04-28,601398,工商银行,AVOID,42.7,C,,R1,WARM,0,0,,,,,,,,政策/综合评分不足，禁止配置,7.361,7.301,7.191,7.291,7.24,-0.008151,-0.023095,-0.00951,-0.016438,0.001359,-0.029887,0.010958,0.024984,0.023896,0.021306,-0.019109,-0.048079,-0.033405,-0.037744,True,complete
main,2026-04-28,515790,光伏ETF,AVOID,40.0,C,,R1,WARM,0,0,,,,,,,,政策/综合评分不足，禁止配置,1.04,1.059,1.086,1.096,1.108,0.018269,0.044231,0.053846,0.065385,0.122115,-0.017308,0.010958,0.024984,0.023896,0.021306,0.007311,0.019247,0.029951,0.044078,True,complete
main,2026-04-28,300274,阳光电源,AVOID,39.0,D,,R1,WARM,0,0,,,,,,,,政策/综合评分不足，禁止配置,129.205,137.385,139.845,139.165,152.95,0.06331,0.08235,0.077087,0.183778,0.207306,-0.022368,0.010958,0.024984,0.023896,0.021306,0.052352,0.057366,0.053191,0.162471,True,complete
main,2026-04-28,159715,稀土ETF,AVOID,38.6,D,,R1,WARM,0,0,,,,,,,,政策/综合评分不足，禁止配置,1.272,1.35,1.4,1.398,1.355,0.061321,0.100629,0.099057,0.065252,0.133648,-0.003145,0.010958,0.024984,0.023896,0.021306,0.050363,0.075645,0.075161,0.043945,True,complete
main,2026-04-28,518880,黄金ETF,AVOID,38.1,D,,R1,WARM,0,0,,,,,,,,政策/综合评分不足，禁止配置,9.732,9.637,9.791,9.88,9.554,-0.009762,0.006062,0.015208,-0.01829,0.020654,-0.020551,0.010958,0.024984,0.023896,0.021306,-0.02072,-0.018922,-0.008688,-0.039597,True,complete
main,2026-04-28,513180,恒生科技ETF,AVOID,37.3,D,,R1,WARM,0,0,,,,,,,,政策/综合评分不足，禁止配置,0.621,0.628,0.636,0.653,0.629,0.011272,0.024155,0.05153,0.012882,0.074074,-0.00161,0.010958,0.024984,0.023896,0.021306,0.000314,-0.00083,0.027634,-0.008424,True,complete
main,2026-04-28,159567,港股创新药ETF,AVOID,34.9,D,,R1,WARM,0,0,,,,,,,,政策/综合评分不足，禁止配置,0.756,0.754,0.746,0.75,0.699,-0.002646,-0.013228,-0.007937,-0.075397,0.018519,-0.082011,0.010958,0.024984,0.023896,0.021306,-0.013603,-0.038212,-0.031832,-0.096703,True,complete
main,2026-04-28,159275,农牧渔ETF,AVOID,34.8,D,,R1,WARM,0,0,,,,,,,,政策/综合评分不足，禁止配置,0.939,0.957,0.966,0.95,0.924,0.019169,0.028754,0.011715,-0.015974,0.036209,-0.021299,0.010958,0.024984,0.023896,0.021306,0.008211,0.00377,-0.012181,-0.037281,True,complete
main,2026-04-28,512400,有色金属ETF,AVOID,33.8,D,,R1,WARM,0,0,,,,,,,,政策/综合评分不足，禁止配置,2.043,2.14,2.199,2.206,2.039,0.047479,0.076358,0.079785,-0.001958,0.100832,-0.008811,0.010958,0.024984,0.023896,0.021306,0.036521,0.051374,0.055889,-0.023264,True,complete
main,2026-04-29,002371,北方华创,REDUCE,65.6,B,,R2,WARM,0,6.0,,,,,,,,当前机制R2不支持B级品种,510.71,536.99,552.14,573.19,597.97,0.051458,0.081122,0.122339,0.17086,0.220399,-0.007088,-0.000632,0.018743,0.029414,0.004817,0.05209,0.062379,0.092926,0.166043,False,complete
main,2026-04-29,512480,半导体ETF,REDUCE,63.3,B,,R2,WARM,0,6.0,,,,,,,,当前机制R2不支持B级品种,1.732,1.817,1.949,2.018,2.058,0.049076,0.125289,0.165127,0.188222,0.226328,0.008661,-0.000632,0.018743,0.029414,0.004817,0.049708,0.106546,0.135713,0.183405,False,complete
main,2026-04-29,159995,芯片ETF,REDUCE,62.4,B,,R2,WARM,0,6.0,,,,,,,,当前机制R2不支持B级品种,1.97,2.073,2.237,2.311,2.344,0.052284,0.135533,0.173096,0.189848,0.233503,0.014213,-0.000632,0.018743,0.029414,0.004817,0.052916,0.11679,0.143683,0.185031,False,complete
main,2026-04-29,561980,半导体设备ETF,REDUCE,62.2,B,,R2,WARM,0,6.0,,,,,,,,当前机制R2不支持B级品种,2.487,2.608,2.75,2.835,3.003,0.048653,0.10575,0.139928,0.207479,0.258544,-0.000402,-0.000632,0.018743,0.029414,0.004817,0.049285,0.087007,0.110514,0.202662,False,complete
main,2026-04-29,588080,科创50ETF,REDUCE,59.6,B,,R2,WARM,0,6.0,,,,,,,,当前机制R2不支持B级品种,1.526,1.603,1.715,1.754,1.747,0.050459,0.123853,0.14941,0.144823,0.205767,0.009174,-0.000632,0.018743,0.029414,0.004817,0.051091,0.10511,0.119997,0.140006,False,complete
main,2026-04-29,159326,电网设备ETF,REDUCE,59.2,B,,R2,WARM,0,6.0,,,,,,,,当前机制R2不支持B级品种,1.965,1.941,2.075,2.091,2.086,-0.012214,0.05598,0.064122,0.061578,0.122137,-0.017303,-0.000632,0.018743,0.029414,0.004817,-0.011582,0.037237,0.034708,0.056761,False,complete
main,2026-04-29,562500,机器人ETF,REDUCE,59.1,B,,R2,WARM,0,6.0,,,,,,,,当前机制R2不支持B级品种,1.021,1.032,1.097,1.141,1.183,0.010774,0.074437,0.117532,0.158668,0.167483,-0.004897,-0.000632,0.018743,0.029414,0.004817,0.011406,0.055694,0.088118,0.153851,False,complete
main,2026-04-29,562960,绿色电力ETF,AVOID,54.2,C,,R2,WARM,0,0,,,,,,,,政策/综合评分不足，禁止配置,1.219,1.2,1.245,1.265,1.271,-0.015587,0.021329,0.037736,0.042658,0.093519,-0.020509,-0.000632,0.018743,0.029414,0.004817,-0.014955,0.002586,0.008322,0.037841,True,complete
main,2026-04-29,159206,卫星ETF,AVOID,53.4,C,,R2,WARM,0,0,,,,,,,,政策/综合评分不足，禁止配置,1.784,1.84,1.93,2.031,1.867,0.03139,0.081839,0.138453,0.046525,0.145179,-0.008969,-0.000632,0.018743,0.029414,0.004817,0.032022,0.063096,0.109039,0.041708,True,complete
main,2026-04-29,515450,红利低波50,AVOID,53.2,C,,R2,WARM,0,0,,,,,,,,政策/综合评分不足，禁止配置,1.445,1.441,1.431,1.437,1.421,-0.002768,-0.009689,-0.005536,-0.016609,0.002076,-0.020069,-0.000632,0.018743,0.029414,0.004817,-0.002136,-0.028432,-0.03495,-0.021426,True,complete
main,2026-04-29,159611,电力ETF,AVOID,52.5,C,,R2,WARM,0,0,,,,,,,,政策/综合评分不足，禁止配置,1.124,1.108,1.149,1.165,1.168,-0.014235,0.022242,0.036477,0.039146,0.089858,-0.017794,-0.000632,0.018743,0.029414,0.004817,-0.013603,0.003499,0.007063,0.034329,True,complete
main,2026-04-29,159667,工业母机ETF,AVOID,52.3,C,,R2,WARM,0,0,,,,,,,,政策/综合评分不足，禁止配置,2.024,2.036,2.178,2.309,2.328,0.005929,0.076087,0.14081,0.150198,0.162055,-0.004941,-0.000632,0.018743,0.029414,0.004817,0.006561,0.057344,0.111397,0.145381,True,complete
main,2026-04-29,159941,纳指ETF,AVOID,51.2,C,,R2,WARM,0,0,,,,,,,,政策/综合评分不足，禁止配置,1.452,1.456,1.537,1.577,1.524,0.002755,0.05854,0.086088,0.049587,0.09573,-0.000689,-0.000632,0.018743,0.029414,0.004817,0.003387,0.039797,0.056674,0.04477,True,complete
main,2026-04-29,515880,通信ETF,AVOID,50.8,C,,R2,WARM,0,0,,,,,,,,政策/综合评分不足，禁止配置,1.328,1.321,1.414,1.483,1.517,-0.005271,0.064759,0.116717,0.142319,0.197289,-0.019578,-0.000632,0.018743,0.029414,0.004817,-0.004639,0.046016,0.087303,0.137503,True,complete
main,2026-04-29,561910,电池ETF,AVOID,50.6,C,,R2,WARM,0,0,,,,,,,,政策/综合评分不足，禁止配置,0.966,0.958,0.988,0.978,0.954,-0.008282,0.022774,0.012422,-0.012422,0.035197,-0.041408,-0.000632,0.018743,0.029414,0.004817,-0.00765,0.004031,-0.016991,-0.017239,True,complete
main,2026-04-29,510050,上证50ETF,AVOID,50.1,C,,R2,WARM,0,0,,,,,,,,政策/综合评分不足，禁止配置,3.041,3.062,3.103,3.116,3.008,0.006906,0.020388,0.024663,-0.010852,0.030253,-0.016113,-0.000632,0.018743,0.029414,0.004817,0.007538,0.001645,-0.004751,-0.015668,True,complete
main,2026-04-29,600036,招商银行,AVOID,49.5,C,,R2,WARM,0,0,,,,,,,,政策/综合评分不足，禁止配置,38.5,38.27,37.95,37.97,37.47,-0.005974,-0.014286,-0.013766,-0.026753,0.00026,-0.02987,-0.000632,0.018743,0.029414,0.004817,-0.005342,-0.033029,-0.04318,-0.03157,True,complete
main,2026-04-29,510500,中证500ETF,AVOID,49.4,C,,R2,WARM,0,0,,,,,,,,政策/综合评分不足，禁止配置,8.422,8.43,8.771,8.912,8.631,0.00095,0.041439,0.058181,0.024816,0.074448,-0.006174,-0.000632,0.018743,0.029414,0.004817,0.001582,0.022696,0.028767,0.019999,True,complete
main,2026-04-29,600900,长江电力,AVOID,49.2,C,,R2,WARM,0,0,,,,,,,,政策/综合评分不足，禁止配置,26.77,27.32,27.05,27.01,26.89,0.020545,0.010459,0.008965,0.004483,0.024281,-0.001868,-0.000632,0.018743,0.029414,0.004817,0.021177,-0.008283,-0.020448,-0.000334,True,complete
main,2026-04-29,515850,证券ETF,AVOID,48.9,C,,R2,WARM,0,0,,,,,,,,政策/综合评分不足，禁止配置,1.333,1.338,1.351,1.363,1.301,0.003751,0.013503,0.022506,-0.024006,0.034509,-0.030008,-0.000632,0.018743,0.029414,0.004817,0.004383,-0.00524,-0.006908,-0.028823,True,complete
main,2026-04-29,516850,新能源ETF,AVOID,48.2,C,,R2,WARM,0,0,,,,,,,,政策/综合评分不足，禁止配置,1.209,1.205,1.232,1.228,1.172,-0.003309,0.019024,0.015715,-0.030604,0.029777,-0.042184,-0.000632,0.018743,0.029414,0.004817,-0.002677,0.000281,-0.013698,-0.035421,True,complete
main,2026-04-29,600989,宝丰能源,AVOID,48.0,C,,R2,WARM,0,0,,,,,,,,政策/综合评分不足，禁止配置,31.13,30.7,28.1,28.34,29.23,-0.013813,-0.097334,-0.089624,-0.061034,0.015419,-0.11468,-0.000632,0.018743,0.029414,0.004817,-0.013181,-0.116077,-0.119038,-0.065851,True,complete
main,2026-04-29,159915,创业板ETF,AVOID,47.1,C,,R2,WARM,0,0,,,,,,,,政策/综合评分不足，禁止配置,3.694,3.689,3.845,3.947,3.923,-0.001354,0.040877,0.068489,0.061992,0.110991,-0.007038,-0.000632,0.018743,0.029414,0.004817,-0.000722,0.022134,0.039076,0.057176,True,complete
main,2026-04-29,515220,煤炭ETF,AVOID,45.8,C,,R2,WARM,0,0,,,,,,,,政策/综合评分不足，禁止配置,1.32,1.315,1.257,1.252,1.252,-0.003788,-0.047727,-0.051515,-0.051515,0.006061,-0.090152,-0.000632,0.018743,0.029414,0.004817,-0.003156,-0.06647,-0.080929,-0.056332,True,complete
main,2026-04-29,515790,光伏ETF,AVOID,45.0,C,,R2,WARM,0,0,,,,,,,,政策/综合评分不足，禁止配置,1.059,1.063,1.101,1.123,1.101,0.003777,0.03966,0.060434,0.03966,0.101983,-0.00661,-0.000632,0.018743,0.029414,0.004817,0.004409,0.020917,0.031021,0.034843,True,complete
main,2026-04-29,300274,阳光电源,AVOID,44.9,C,,R2,WARM,0,0,,,,,,,,政策/综合评分不足，禁止配置,137.385,136.725,138.815,143.355,152.25,-0.004804,0.010409,0.043455,0.1082,0.135422,-0.04633,-0.000632,0.018743,0.029414,0.004817,-0.004172,-0.008334,0.014041,0.103383,True,complete
main,2026-04-29,159870,化工ETF,AVOID,44.5,C,,R2,WARM,0,0,,,,,,,,政策/综合评分不足，禁止配置,0.956,0.955,0.937,0.924,0.878,-0.001046,-0.019874,-0.033473,-0.08159,0.012552,-0.088912,-0.000632,0.018743,0.029414,0.004817,-0.000414,-0.038617,-0.062886,-0.086407,True,complete
main,2026-04-29,601398,工商银行,AVOID,44.4,C,,R2,WARM,0,0,,,,,,,,政策/综合评分不足，禁止配置,7.301,7.281,7.221,7.301,7.19,-0.002739,-0.010957,0.0,-0.015203,0.009588,-0.021915,-0.000632,0.018743,0.029414,0.004817,-0.002107,-0.0297,-0.029414,-0.02002,True,complete
main,2026-04-29,159715,稀土ETF,AVOID,42.4,C,,R2,WARM,0,0,,,,,,,,政策/综合评分不足，禁止配置,1.35,1.36,1.402,1.438,1.335,0.007407,0.038519,0.065185,-0.011111,0.068148,-0.020741,-0.000632,0.018743,0.029414,0.004817,0.008039,0.019776,0.035772,-0.015928,True,complete
main,2026-04-29,518880,黄金ETF,AVOID,40.6,C,,R2,WARM,0,0,,,,,,,,政策/综合评分不足，禁止配置,9.637,9.678,9.909,9.774,9.513,0.004254,0.028225,0.014216,-0.012867,0.030715,-0.020961,-0.000632,0.018743,0.029414,0.004817,0.004886,0.009482,-0.015198,-0.017684,True,complete
main,2026-04-29,513180,恒生科技ETF,AVOID,40.4,C,,R2,WARM,0,0,,,,,,,,政策/综合评分不足，禁止配置,0.628,0.627,0.654,0.651,0.617,-0.001592,0.041401,0.036624,-0.017516,0.062102,-0.022293,-0.000632,0.018743,0.029414,0.004817,-0.00096,0.022658,0.007211,-0.022333,True,complete
main,2026-04-29,159567,港股创新药ETF,AVOID,40.0,C,,R2,WARM,0,0,,,,,,,,政策/综合评分不足，禁止配置,0.754,0.757,0.76,0.751,0.684,0.003979,0.007958,-0.003979,-0.092838,0.02122,-0.098143,-0.000632,0.018743,0.029414,0.004817,0.004611,-0.010785,-0.033392,-0.097655,True,complete
main,2026-04-29,159275,农牧渔ETF,AVOID,39.0,D,,R2,WARM,0,0,,,,,,,,政策/综合评分不足，禁止配置,0.957,0.966,0.956,0.957,0.903,0.009404,-0.001045,0.0,-0.056426,0.016719,-0.061651,-0.000632,0.018743,0.029414,0.004817,0.010036,-0.019788,-0.029414,-0.061243,True,complete
main,2026-04-29,512400,有色金属ETF,AVOID,38.5,D,,R2,WARM,0,0,,,,,,,,政策/综合评分不足，禁止配置,2.14,2.119,2.207,2.208,2.009,-0.009813,0.031308,0.031776,-0.061215,0.050935,-0.078037,-0.000632,0.018743,0.029414,0.004817,-0.009181,0.012565,0.002362,-0.066032,True,complete
main,2026-04-30,002371,北方华创,HOLD,72.7,A,,R1,WARM,3.3,8.0,,,,,,,,连涨1日+距MA5偏+4.5%，追高风险，等待回踩MA,536.99,545.35,540.79,581.45,619.7,0.015568,0.007076,0.082795,0.154025,0.167936,-0.003706,0.014515,0.013438,0.029276,0.009479,0.001053,-0.006361,0.053519,0.144546,False,complete
main,2026-04-30,159995,芯片ETF,HOLD,72.1,A,,R1,WARM,3.3,8.0,,,,,,,,连涨1日+距MA5偏+4.2%，追高风险，等待回踩MA,2.073,2.204,2.173,2.326,2.43,0.063193,0.048239,0.122045,0.172214,0.173179,0.035697,0.014515,0.013438,0.029276,0.009479,0.048678,0.034801,0.092769,0.162735,False,complete
main,2026-04-30,561980,半导体设备ETF,BUY_WATCH,72.0,A,,R1,WARM,3.3,8.0,,,,,,,,A级，等待技术面确认（均线/量能） ⚠️连涨0日(+2.4%),2.608,2.696,2.668,2.89,3.185,0.033742,0.023006,0.108129,0.221242,0.226227,0.01342,0.014515,0.013438,0.029276,0.009479,0.019227,0.009568,0.078853,0.211763,False,complete
main,2026-04-30,512480,半导体ETF,HOLD,71.6,A,,R1,WARM,3.3,8.0,,,,,,,,连涨1日+距MA5偏+3.9%，追高风险，等待回踩MA,1.817,1.913,1.902,2.025,2.131,0.052834,0.04678,0.114474,0.172812,0.173363,0.034122,0.014515,0.013438,0.029276,0.009479,0.038319,0.033343,0.085198,0.163333,False,complete
main,2026-04-30,588080,科创50ETF,HOLD,68.6,B,,R1,WARM,1.0,6.0,,,,,,,,观察中，暂不建仓,1.603,1.691,1.677,1.761,1.815,0.054897,0.046163,0.098565,0.132252,0.147848,0.035558,0.014515,0.013438,0.029276,0.009479,0.040382,0.032726,0.069289,0.122773,False,complete
main,2026-04-30,561910,电池ETF,HOLD,66.4,B,,R1,WARM,1.0,6.0,,,,,,,,观察中，暂不建仓,0.958,0.998,0.968,0.964,0.955,0.041754,0.010438,0.006263,-0.003132,0.043841,-0.033403,0.014515,0.013438,0.029276,0.009479,0.027238,-0.002999,-0.023013,-0.012611,False,complete
main,2026-04-30,300274,阳光电源,HOLD,57.7,B,,R1,WARM,2.0,8.0,,,,,,,,观察中，暂不建仓,136.725,139.845,139.165,139.85,157.38,0.02282,0.017846,0.022856,0.15107,0.179887,-0.041726,0.014515,0.013438,0.029276,0.009479,0.008304,0.004408,-0.00642,0.14159,False,complete
main,2026-04-30,159715,稀土ETF,HOLD,57.4,B,,R1,WARM,0.8,6.0,,,,,,,,观察中，暂不建仓,1.36,1.4,1.398,1.394,1.317,0.029412,0.027941,0.025,-0.031618,0.060294,-0.049265,0.014515,0.013438,0.029276,0.009479,0.014896,0.014503,-0.004276,-0.041097,False,complete
main,2026-04-30,516850,新能源ETF,HOLD,57.2,B,,R1,WARM,1.0,6.0,,,,,,,,观察中，暂不建仓,1.205,1.24,1.211,1.212,1.175,0.029046,0.004979,0.005809,-0.024896,0.033195,-0.043983,0.014515,0.013438,0.029276,0.009479,0.01453,-0.008459,-0.023467,-0.034376,False,complete
main,2026-04-30,600900,长江电力,HOLD,56.0,B,,R1,WARM,0.6,6.0,,,,,,,,观察中，暂不建仓,27.32,27.2,27.0,27.04,27.25,-0.004392,-0.011713,-0.010249,-0.002562,0.001098,-0.021962,0.014515,0.013438,0.029276,0.009479,-0.018908,-0.025151,-0.039525,-0.012042,False,complete
main,2026-04-30,562500,机器人ETF,HOLD,54.9,C,,R1,WARM,0,0,,,,,,,,C级品种，综合分55，观察但不配置,1.032,1.056,1.122,1.13,1.198,0.023256,0.087209,0.094961,0.160853,0.161822,0.006783,0.014515,0.013438,0.029276,0.009479,0.00874,0.073771,0.065685,0.151373,False,complete
main,2026-04-30,159667,工业母机ETF,HOLD,54.3,C,,R1,WARM,0,0,,,,,,,,C级品种，综合分54，观察但不配置,2.036,2.092,2.226,2.281,2.35,0.027505,0.09332,0.120334,0.154224,0.15668,0.000491,0.014515,0.013438,0.029276,0.009479,0.01299,0.079882,0.091058,0.144745,False,complete
main,2026-04-30,510050,上证50ETF,HOLD,54.3,C,,R1,WARM,0,0,,,,,,,,C级品种，综合分54，观察但不配置,3.062,3.1,3.075,3.119,3.026,0.01241,0.004246,0.018615,-0.011757,0.023187,-0.023514,0.014515,0.013438,0.029276,0.009479,-0.002105,-0.009192,-0.010661,-0.021236,True,complete
main,2026-04-30,159206,卫星ETF,HOLD,54.2,C,,R1,WARM,0,0,,,,,,,,C级品种，综合分54，观察但不配置,1.84,1.912,1.979,1.974,1.846,0.03913,0.075543,0.072826,0.003261,0.110326,-0.020652,0.014515,0.013438,0.029276,0.009479,0.024615,0.062106,0.04355,-0.006218,True,complete
main,2026-04-30,562960,绿色电力ETF,HOLD,52.1,C,,R1,WARM,0,0,,,,,,,,C级品种，综合分52，观察但不配置,1.2,1.225,1.243,1.276,1.319,0.020833,0.035833,0.063333,0.099167,0.110833,0.001667,0.014515,0.013438,0.029276,0.009479,0.006318,0.022395,0.034057,0.089687,False,complete
main,2026-04-30,600989,宝丰能源,AVOID,51.9,C,,R1,WARM,0,0,,,,,,,,政策/综合评分不足，禁止配置,30.7,30.16,27.62,28.13,28.09,-0.01759,-0.100326,-0.083713,-0.085016,-0.015309,-0.10228,0.014515,0.013438,0.029276,0.009479,-0.032105,-0.113764,-0.11299,-0.094496,True,complete
main,2026-04-30,515220,煤炭ETF,AVOID,51.1,C,,R1,WARM,0,0,,,,,,,,政策/综合评分不足，禁止配置,1.315,1.322,1.246,1.239,1.249,0.005323,-0.052471,-0.057795,-0.05019,0.007605,-0.086692,0.014515,0.013438,0.029276,0.009479,-0.009192,-0.065909,-0.087071,-0.059669,True,complete
main,2026-04-30,515850,证券ETF,HOLD,50.1,C,,R1,WARM,0,0,,,,,,,,C级品种，综合分50，观察但不配置,1.338,1.356,1.339,1.367,1.313,0.013453,0.000747,0.021674,-0.018685,0.030643,-0.035874,0.014515,0.013438,0.029276,0.009479,-0.001062,-0.01269,-0.007602,-0.028164,True,complete
main,2026-04-30,159941,纳指ETF,HOLD,49.8,C,,R1,WARM,0,0,,,,,,,,C级品种，综合分50，观察但不配置,1.456,1.496,1.54,1.558,1.52,0.027473,0.057692,0.070055,0.043956,0.09272,0.023352,0.014515,0.013438,0.029276,0.009479,0.012957,0.044254,0.040779,0.034477,False,complete
main,2026-04-30,159870,化工ETF,AVOID,49.7,C,,R1,WARM,0,0,,,,,,,,政策/综合评分不足，禁止配置,0.955,0.968,0.921,0.918,0.868,0.013613,-0.035602,-0.038743,-0.091099,0.013613,-0.102618,0.014515,0.013438,0.029276,0.009479,-0.000903,-0.04904,-0.06802,-0.100579,True,complete
main,2026-04-30,510500,中证500ETF,HOLD,48.3,C,,R1,WARM,0,0,,,,,,,,C级品种，综合分48，观察但不配置,8.43,8.658,8.769,8.862,8.703,0.027046,0.040214,0.051246,0.032384,0.073428,0.00605,0.014515,0.013438,0.029276,0.009479,0.012531,0.026776,0.021969,0.022905,False,complete
main,2026-04-30,515450,红利低波50,HOLD,48.2,C,,R1,WARM,0,0,,,,,,,,C级品种，综合分48，观察但不配置,1.441,1.436,1.429,1.437,1.437,-0.00347,-0.008328,-0.002776,-0.002776,0.001388,-0.017349,0.014515,0.013438,0.029276,0.009479,-0.017985,-0.021765,-0.032052,-0.012255,True,complete
main,2026-04-30,512400,有色金属ETF,HOLD,45.0,C,,R1,WARM,0,0,,,,,,,,C级品种，综合分45，观察但不配置,2.119,2.199,2.206,2.188,1.981,0.037754,0.041057,0.032563,-0.065125,0.06135,-0.08353,0.014515,0.013438,0.029276,0.009479,0.023238,0.027619,0.003286,-0.074604,True,complete
main,2026-04-30,515790,光伏ETF,HOLD,44.6,C,,R1,WARM,0,0,,,,,,,,C级品种，综合分45，观察但不配置,1.063,1.086,1.096,1.122,1.117,0.021637,0.031044,0.055503,0.0508,0.097836,-0.001881,0.014515,0.013438,0.029276,0.009479,0.007121,0.017606,0.026227,0.04132,True,complete
main,2026-04-30,159915,创业板ETF,HOLD,44.5,C,,R1,WARM,0,0,,,,,,,,C级品种，综合分44，观察但不配置,3.689,3.786,3.806,3.94,3.922,0.026294,0.031716,0.06804,0.063161,0.112497,0.011927,0.014515,0.013438,0.029276,0.009479,0.011779,0.018278,0.038764,0.053681,False,complete
main,2026-04-30,159326,电网设备ETF,HOLD,44.1,C,,R1,WARM,0,0,,,,,,,,C级品种，综合分44，观察但不配置,1.941,2.019,2.062,2.135,2.134,0.040185,0.062339,0.099948,0.099433,0.136012,0.006182,0.014515,0.013438,0.029276,0.009479,0.02567,0.048901,0.070672,0.089954,False,complete
main,2026-04-30,159275,农牧渔ETF,AVOID,44.1,C,,R1,WARM,0,0,,,,,,,,政策/综合评分不足，禁止配置,0.966,0.966,0.95,0.941,0.903,0.0,-0.016563,-0.02588,-0.065217,0.00207,-0.078675,0.014515,0.013438,0.029276,0.009479,-0.014515,-0.030001,-0.055156,-0.074697,True,complete
main,2026-04-30,159611,电力ETF,HOLD,42.0,C,,R1,WARM,0,0,,,,,,,,C级品种，综合分42，观察但不配置,1.108,1.135,1.147,1.177,1.215,0.024368,0.035199,0.062274,0.09657,0.105596,0.002708,0.014515,0.013438,0.029276,0.009479,0.009853,0.021761,0.032998,0.087091,False,complete
main,2026-04-30,515880,通信ETF,HOLD,41.4,C,,R1,WARM,0,0,,,,,,,,C级品种，综合分41，观察但不配置,1.321,1.352,1.43,1.501,1.511,0.023467,0.082513,0.13626,0.14383,0.203634,0.008327,0.014515,0.013438,0.029276,0.009479,0.008952,0.069075,0.106984,0.134351,False,complete
main,2026-04-30,600036,招商银行,AVOID,39.3,D,,R1,WARM,0,0,,,,,,,,政策/综合评分不足，禁止配置,38.27,38.0,37.94,37.9,37.37,-0.007055,-0.008623,-0.009668,-0.023517,0.00209,-0.024301,0.014515,0.013438,0.029276,0.009479,-0.021571,-0.022061,-0.038944,-0.032996,True,complete
main,2026-04-30,159567,港股创新药ETF,AVOID,39.2,D,,R1,WARM,0,0,,,,,,,,政策/综合评分不足，禁止配置,0.757,0.746,0.75,0.743,0.681,-0.014531,-0.009247,-0.018494,-0.100396,0.01321,-0.107001,0.014515,0.013438,0.029276,0.009479,-0.029046,-0.022685,-0.04777,-0.109876,True,complete
main,2026-04-30,513180,恒生科技ETF,AVOID,39.2,D,,R1,WARM,0,0,,,,,,,,政策/综合评分不足，禁止配置,0.627,0.636,0.653,0.645,0.62,0.014354,0.041467,0.028708,-0.011164,0.063796,-0.022329,0.014515,0.013438,0.029276,0.009479,-0.000161,0.028029,-0.000568,-0.020644,True,complete
main,2026-04-30,601398,工商银行,AVOID,37.4,D,,R1,WARM,0,0,,,,,,,,政策/综合评分不足，禁止配置,7.281,7.191,7.291,7.311,7.26,-0.012361,0.001373,0.00412,-0.002884,0.012361,-0.019228,0.014515,0.013438,0.029276,0.009479,-0.026876,-0.012064,-0.025156,-0.012364,True,complete
main,2026-04-30,518880,黄金ETF,AVOID,31.6,D,,R1,WARM,0,0,,,,,,,,政策/综合评分不足，禁止配置,9.678,9.791,9.88,9.806,9.515,0.011676,0.020872,0.013226,-0.016842,0.026348,-0.025108,0.014515,0.013438,0.029276,0.009479,-0.002839,0.007434,-0.01605,-0.026322,True,complete
main,2026-05-01,002371,北方华创,HOLD,82.7,A,,R1,WARM,3.3,8.0,,,,,,,,连涨1日+距MA5偏+5.1%，追高风险，等待回踩MA,,,,,,,,,,,,,,,,,,,,,missing_price
main,2026-05-01,512480,半导体ETF,HOLD,81.5,A,,R1,WARM,3.3,8.0,,,,,,,,连涨1日+距MA5偏+4.2%，追高风险，等待回踩MA,,,,,,,,,,,,,,,,,,,,,missing_price
main,2026-05-01,159995,芯片ETF,HOLD,79.8,A,,R1,WARM,3.3,8.0,,,,,,,,连涨1日+距MA5偏+4.3%，追高风险，等待回踩MA,,,,,,,,,,,,,,,,,,,,,missing_price
main,2026-05-01,561980,半导体设备ETF,HOLD,79.1,A,,R1,WARM,3.3,8.0,,,,,,,,连涨1日+距MA5偏+4.8%，追高风险，等待回踩MA,,,,,,,,,,,,,,,,,,,,,missing_price
main,2026-05-01,588080,科创50ETF,HOLD,76.8,A,,R1,WARM,1.7,6.0,,,,,,,,连涨2日+距MA5偏+4.4%，追高风险，等待回踩MA,,,,,,,,,,,,,,,,,,,,,missing_price
main,2026-05-01,561910,电池ETF,HOLD,68.3,B,,R1,WARM,1.0,6.0,,,,,,,,观察中，暂不建仓,,,,,,,,,,,,,,,,,,,,,missing_price
main,2026-05-01,159715,稀土ETF,HOLD,65.4,B,,R1,WARM,0.8,6.0,,,,,,,,观察中，暂不建仓,,,,,,,,,,,,,,,,,,,,,missing_price
main,2026-05-01,600900,长江电力,HOLD,64.9,B,,R1,WARM,0.6,6.0,,,,,,,,观察中，暂不建仓,,,,,,,,,,,,,,,,,,,,,missing_price
main,2026-05-01,562500,机器人ETF,HOLD,64.4,B,,R1,WARM,1.6,8.0,,,,,,,,观察中，暂不建仓,,,,,,,,,,,,,,,,,,,,,missing_price
main,2026-05-01,510050,上证50ETF,HOLD,63.1,B,,R1,WARM,1.0,6.0,,,,,,,,观察中，暂不建仓,,,,,,,,,,,,,,,,,,,,,missing_price
main,2026-05-01,516850,新能源ETF,HOLD,63.0,B,,R1,WARM,1.0,6.0,,,,,,,,观察中，暂不建仓,,,,,,,,,,,,,,,,,,,,,missing_price
main,2026-05-01,159667,工业母机ETF,HOLD,62.0,B,,R1,WARM,2.5,8.0,,,,,,,,观察中，暂不建仓,,,,,,,,,,,,,,,,,,,,,missing_price
main,2026-05-01,159206,卫星ETF,HOLD,59.6,B,,R1,WARM,1.6,8.0,,,,,,,,观察中，暂不建仓,,,,,,,,,,,,,,,,,,,,,missing_price
main,2026-05-01,300274,阳光电源,HOLD,58.7,B,,R1,WARM,2.0,8.0,,,,,,,,观察中，暂不建仓,,,,,,,,,,,,,,,,,,,,,missing_price
main,2026-05-01,510500,中证500ETF,HOLD,58.5,B,,R1,WARM,1.0,6.0,,,,,,,,观察中，暂不建仓,,,,,,,,,,,,,,,,,,,,,missing_price
main,2026-05-01,515450,红利低波50,HOLD,56.4,B,,R1,WARM,0.8,6.0,,,,,,,,观察中，暂不建仓,,,,,,,,,,,,,,,,,,,,,missing_price
main,2026-05-01,600989,宝丰能源,AVOID,55.9,B,,R1,WARM,0,0,,,,,,,,政策/综合评分不足，禁止配置,,,,,,,,,,,,,,,,,,,,,missing_price
main,2026-05-01,515850,证券ETF,HOLD,55.5,B,,R1,WARM,1.0,6.0,,,,,,,,观察中，暂不建仓,,,,,,,,,,,,,,,,,,,,,missing_price
main,2026-05-01,159870,化工ETF,AVOID,54.5,C,,R1,WARM,0,0,,,,,,,,政策/综合评分不足，禁止配置,,,,,,,,,,,,,,,,,,,,,missing_price
main,2026-05-01,159941,纳指ETF,HOLD,53.3,C,,R1,WARM,0,0,,,,,,,,C级品种，综合分53，观察但不配置,,,,,,,,,,,,,,,,,,,,,missing_price
main,2026-05-01,515220,煤炭ETF,AVOID,51.2,C,,R1,WARM,0,0,,,,,,,,政策/综合评分不足，禁止配置,,,,,,,,,,,,,,,,,,,,,missing_price
main,2026-05-01,515790,光伏ETF,HOLD,51.0,C,,R1,WARM,0,0,,,,,,,,C级品种，综合分51，观察但不配置,,,,,,,,,,,,,,,,,,,,,missing_price
main,2026-05-01,562960,绿色电力ETF,HOLD,48.7,C,,R1,WARM,0,0,,,,,,,,C级品种，综合分49，观察但不配置,,,,,,,,,,,,,,,,,,,,,missing_price
main,2026-05-01,601398,工商银行,AVOID,48.5,C,,R1,WARM,0,0,,,,,,,,政策/综合评分不足，禁止配置,,,,,,,,,,,,,,,,,,,,,missing_price
main,2026-05-01,159275,农牧渔ETF,AVOID,48.1,C,,R1,WARM,0,0,,,,,,,,政策/综合评分不足，禁止配置,,,,,,,,,,,,,,,,,,,,,missing_price
main,2026-05-01,512400,有色金属ETF,HOLD,47.7,C,,R1,WARM,0,0,,,,,,,,C级品种，综合分48，观察但不配置,,,,,,,,,,,,,,,,,,,,,missing_price
main,2026-05-01,159326,电网设备ETF,HOLD,47.3,C,,R1,WARM,0,0,,,,,,,,C级品种，综合分47，观察但不配置,,,,,,,,,,,,,,,,,,,,,missing_price
main,2026-05-01,159611,电力ETF,HOLD,46.8,C,,R1,WARM,0,0,,,,,,,,C级品种，综合分47，观察但不配置,,,,,,,,,,,,,,,,,,,,,missing_price
main,2026-05-01,515880,通信ETF,HOLD,46.4,C,,R1,WARM,0,0,,,,,,,,C级品种，综合分46，观察但不配置,,,,,,,,,,,,,,,,,,,,,missing_price
main,2026-05-01,159915,创业板ETF,HOLD,46.0,C,,R1,WARM,0,0,,,,,,,,C级品种，综合分46，观察但不配置,,,,,,,,,,,,,,,,,,,,,missing_price
main,2026-05-01,513180,恒生科技ETF,HOLD,43.9,C,,R1,WARM,0,0,,,,,,,,C级品种，综合分44，观察但不配置,,,,,,,,,,,,,,,,,,,,,missing_price
main,2026-05-01,159567,港股创新药ETF,HOLD,42.7,C,,R1,WARM,0,0,,,,,,,,C级品种，综合分43，观察但不配置,,,,,,,,,,,,,,,,,,,,,missing_price
main,2026-05-01,600036,招商银行,AVOID,39.1,D,,R1,WARM,0,0,,,,,,,,政策/综合评分不足，禁止配置,,,,,,,,,,,,,,,,,,,,,missing_price
main,2026-05-01,518880,黄金ETF,AVOID,34.6,D,,R1,WARM,0,0,,,,,,,,政策/综合评分不足，禁止配置,,,,,,,,,,,,,,,,,,,,,missing_price
main,2026-05-04,002371,北方华创,HOLD,82.7,A,,R1,WARM,3.3,8.0,,,,,,,,连涨1日+距MA5偏+5.1%，追高风险，等待回踩MA,,,,,,,,,,,,,,,,,,,,,missing_price
main,2026-05-04,512480,半导体ETF,HOLD,81.5,A,,R1,WARM,3.3,8.0,,,,,,,,连涨1日+距MA5偏+4.2%，追高风险，等待回踩MA,,,,,,,,,,,,,,,,,,,,,missing_price
main,2026-05-04,159995,芯片ETF,HOLD,79.8,A,,R1,WARM,3.3,8.0,,,,,,,,连涨1日+距MA5偏+4.3%，追高风险，等待回踩MA,,,,,,,,,,,,,,,,,,,,,missing_price
main,2026-05-04,561980,半导体设备ETF,HOLD,79.1,A,,R1,WARM,3.3,8.0,,,,,,,,连涨1日+距MA5偏+4.8%，追高风险，等待回踩MA,,,,,,,,,,,,,,,,,,,,,missing_price
main,2026-05-04,588080,科创50ETF,HOLD,76.8,A,,R1,WARM,1.7,6.0,,,,,,,,连涨2日+距MA5偏+4.4%，追高风险，等待回踩MA,,,,,,,,,,,,,,,,,,,,,missing_price
main,2026-05-04,561910,电池ETF,HOLD,68.3,B,,R1,WARM,1.0,6.0,,,,,,,,观察中，暂不建仓,,,,,,,,,,,,,,,,,,,,,missing_price
main,2026-05-04,159715,稀土ETF,HOLD,65.4,B,,R1,WARM,0.8,6.0,,,,,,,,观察中，暂不建仓,,,,,,,,,,,,,,,,,,,,,missing_price
main,2026-05-04,600900,长江电力,HOLD,64.9,B,,R1,WARM,0.6,6.0,,,,,,,,观察中，暂不建仓,,,,,,,,,,,,,,,,,,,,,missing_price
main,2026-05-04,562500,机器人ETF,HOLD,64.4,B,,R1,WARM,1.6,8.0,,,,,,,,观察中，暂不建仓,,,,,,,,,,,,,,,,,,,,,missing_price
main,2026-05-04,510050,上证50ETF,HOLD,63.1,B,,R1,WARM,1.0,6.0,,,,,,,,观察中，暂不建仓,,,,,,,,,,,,,,,,,,,,,missing_price
main,2026-05-04,516850,新能源ETF,HOLD,63.0,B,,R1,WARM,1.0,6.0,,,,,,,,观察中，暂不建仓,,,,,,,,,,,,,,,,,,,,,missing_price
main,2026-05-04,159667,工业母机ETF,HOLD,62.0,B,,R1,WARM,2.5,8.0,,,,,,,,观察中，暂不建仓,,,,,,,,,,,,,,,,,,,,,missing_price
main,2026-05-04,159206,卫星ETF,HOLD,59.6,B,,R1,WARM,1.6,8.0,,,,,,,,观察中，暂不建仓,,,,,,,,,,,,,,,,,,,,,missing_price
main,2026-05-04,300274,阳光电源,HOLD,58.7,B,,R1,WARM,2.0,8.0,,,,,,,,观察中，暂不建仓,,,,,,,,,,,,,,,,,,,,,missing_price
main,2026-05-04,510500,中证500ETF,HOLD,58.5,B,,R1,WARM,1.0,6.0,,,,,,,,观察中，暂不建仓,,,,,,,,,,,,,,,,,,,,,missing_price
main,2026-05-04,515450,红利低波50,HOLD,56.4,B,,R1,WARM,0.8,6.0,,,,,,,,观察中，暂不建仓,,,,,,,,,,,,,,,,,,,,,missing_price
main,2026-05-04,600989,宝丰能源,AVOID,55.9,B,,R1,WARM,0,0,,,,,,,,政策/综合评分不足，禁止配置,,,,,,,,,,,,,,,,,,,,,missing_price
main,2026-05-04,515850,证券ETF,HOLD,55.5,B,,R1,WARM,1.0,6.0,,,,,,,,观察中，暂不建仓,,,,,,,,,,,,,,,,,,,,,missing_price
main,2026-05-04,159870,化工ETF,AVOID,54.5,C,,R1,WARM,0,0,,,,,,,,政策/综合评分不足，禁止配置,,,,,,,,,,,,,,,,,,,,,missing_price
main,2026-05-04,159941,纳指ETF,HOLD,53.3,C,,R1,WARM,0,0,,,,,,,,C级品种，综合分53，观察但不配置,,,,,,,,,,,,,,,,,,,,,missing_price
main,2026-05-04,515220,煤炭ETF,AVOID,51.2,C,,R1,WARM,0,0,,,,,,,,政策/综合评分不足，禁止配置,,,,,,,,,,,,,,,,,,,,,missing_price
main,2026-05-04,515790,光伏ETF,HOLD,51.0,C,,R1,WARM,0,0,,,,,,,,C级品种，综合分51，观察但不配置,,,,,,,,,,,,,,,,,,,,,missing_price
main,2026-05-04,562960,绿色电力ETF,HOLD,48.7,C,,R1,WARM,0,0,,,,,,,,C级品种，综合分49，观察但不配置,,,,,,,,,,,,,,,,,,,,,missing_price
main,2026-05-04,601398,工商银行,AVOID,48.5,C,,R1,WARM,0,0,,,,,,,,政策/综合评分不足，禁止配置,,,,,,,,,,,,,,,,,,,,,missing_price
main,2026-05-04,159275,农牧渔ETF,AVOID,48.1,C,,R1,WARM,0,0,,,,,,,,政策/综合评分不足，禁止配置,,,,,,,,,,,,,,,,,,,,,missing_price
main,2026-05-04,512400,有色金属ETF,HOLD,47.7,C,,R1,WARM,0,0,,,,,,,,C级品种，综合分48，观察但不配置,,,,,,,,,,,,,,,,,,,,,missing_price
main,2026-05-04,159326,电网设备ETF,HOLD,47.3,C,,R1,WARM,0,0,,,,,,,,C级品种，综合分47，观察但不配置,,,,,,,,,,,,,,,,,,,,,missing_price
main,2026-05-04,159611,电力ETF,HOLD,46.8,C,,R1,WARM,0,0,,,,,,,,C级品种，综合分47，观察但不配置,,,,,,,,,,,,,,,,,,,,,missing_price
main,2026-05-04,515880,通信ETF,HOLD,46.4,C,,R1,WARM,0,0,,,,,,,,C级品种，综合分46，观察但不配置,,,,,,,,,,,,,,,,,,,,,missing_price
main,2026-05-04,159915,创业板ETF,HOLD,46.0,C,,R1,WARM,0,0,,,,,,,,C级品种，综合分46，观察但不配置,,,,,,,,,,,,,,,,,,,,,missing_price
main,2026-05-04,513180,恒生科技ETF,HOLD,43.9,C,,R1,WARM,0,0,,,,,,,,C级品种，综合分44，观察但不配置,,,,,,,,,,,,,,,,,,,,,missing_price
main,2026-05-04,159567,港股创新药ETF,HOLD,42.7,C,,R1,WARM,0,0,,,,,,,,C级品种，综合分43，观察但不配置,,,,,,,,,,,,,,,,,,,,,missing_price
main,2026-05-04,600036,招商银行,AVOID,39.1,D,,R1,WARM,0,0,,,,,,,,政策/综合评分不足，禁止配置,,,,,,,,,,,,,,,,,,,,,missing_price
main,2026-05-04,518880,黄金ETF,AVOID,34.6,D,,R1,WARM,0,0,,,,,,,,政策/综合评分不足，禁止配置,,,,,,,,,,,,,,,,,,,,,missing_price
main,2026-05-05,002371,北方华创,HOLD,47.7,C,,R1,COLD,0,0,,,,,,,,C级品种，综合分48，观察但不配置,,,,,,,,,,,,,,,,,,,,,missing_price
main,2026-05-05,561980,半导体设备ETF,HOLD,47.0,C,,R1,COLD,0,0,,,,,,,,C级品种，综合分47，观察但不配置,,,,,,,,,,,,,,,,,,,,,missing_price
main,2026-05-05,159206,卫星ETF,HOLD,46.1,C,,R1,COLD,0,0,,,,,,,,C级品种，综合分46，观察但不配置,,,,,,,,,,,,,,,,,,,,,missing_price
main,2026-05-05,512480,半导体ETF,HOLD,46.1,C,,R1,COLD,0,0,,,,,,,,C级品种，综合分46，观察但不配置,,,,,,,,,,,,,,,,,,,,,missing_price
main,2026-05-05,159326,电网设备ETF,HOLD,45.8,C,,R1,COLD,0,0,,,,,,,,C级品种，综合分46，观察但不配置,,,,,,,,,,,,,,,,,,,,,missing_price
main,2026-05-05,159995,芯片ETF,HOLD,45.5,C,,R1,COLD,0,0,,,,,,,,C级品种，综合分46，观察但不配置,,,,,,,,,,,,,,,,,,,,,missing_price
main,2026-05-05,562960,绿色电力ETF,HOLD,43.7,C,,R1,COLD,0,0,,,,,,,,C级品种，综合分44，观察但不配置,,,,,,,,,,,,,,,,,,,,,missing_price
main,2026-05-05,562500,机器人ETF,HOLD,42.9,C,,R1,COLD,0,0,,,,,,,,C级品种，综合分43，观察但不配置,,,,,,,,,,,,,,,,,,,,,missing_price
main,2026-05-05,515450,红利低波50,HOLD,42.6,C,,R1,COLD,0,0,,,,,,,,C级品种，综合分43，观察但不配置,,,,,,,,,,,,,,,,,,,,,missing_price
main,2026-05-05,300274,阳光电源,HOLD,42.4,C,,R1,COLD,0,0,,,,,,,,C级品种，综合分42，观察但不配置,,,,,,,,,,,,,,,,,,,,,missing_price
main,2026-05-05,159611,电力ETF,HOLD,42.2,C,,R1,COLD,0,0,,,,,,,,C级品种，综合分42，观察但不配置,,,,,,,,,,,,,,,,,,,,,missing_price
main,2026-05-05,600900,长江电力,HOLD,42.2,C,,R1,COLD,0,0,,,,,,,,C级品种，综合分42，观察但不配置,,,,,,,,,,,,,,,,,,,,,missing_price
main,2026-05-05,515880,通信ETF,HOLD,42.0,C,,R1,COLD,0,0,,,,,,,,C级品种，综合分42，观察但不配置,,,,,,,,,,,,,,,,,,,,,missing_price
main,2026-05-05,588080,科创50ETF,HOLD,41.8,C,,R1,COLD,0,0,,,,,,,,C级品种，综合分42，观察但不配置,,,,,,,,,,,,,,,,,,,,,missing_price
main,2026-05-05,516850,新能源ETF,HOLD,41.1,C,,R1,COLD,0,0,,,,,,,,C级品种，综合分41，观察但不配置,,,,,,,,,,,,,,,,,,,,,missing_price
main,2026-05-05,561910,电池ETF,HOLD,41.1,C,,R1,COLD,0,0,,,,,,,,C级品种，综合分41，观察但不配置,,,,,,,,,,,,,,,,,,,,,missing_price
main,2026-05-05,515790,光伏ETF,HOLD,40.8,C,,R1,COLD,0,0,,,,,,,,C级品种，综合分41，观察但不配置,,,,,,,,,,,,,,,,,,,,,missing_price
main,2026-05-05,159667,工业母机ETF,AVOID,39.6,D,,R1,COLD,0,0,,,,,,,,政策/综合评分不足，禁止配置,,,,,,,,,,,,,,,,,,,,,missing_price
main,2026-05-05,600036,招商银行,AVOID,39.4,D,,R1,COLD,0,0,,,,,,,,政策/综合评分不足，禁止配置,,,,,,,,,,,,,,,,,,,,,missing_price
main,2026-05-05,159915,创业板ETF,AVOID,37.7,D,,R1,COLD,0,0,,,,,,,,政策/综合评分不足，禁止配置,,,,,,,,,,,,,,,,,,,,,missing_price
main,2026-05-05,159715,稀土ETF,AVOID,37.6,D,,R1,COLD,0,0,,,,,,,,政策/综合评分不足，禁止配置,,,,,,,,,,,,,,,,,,,,,missing_price
main,2026-05-05,159567,港股创新药ETF,AVOID,37.4,D,,R1,COLD,0,0,,,,,,,,政策/综合评分不足，禁止配置,,,,,,,,,,,,,,,,,,,,,missing_price
main,2026-05-05,510050,上证50ETF,AVOID,37.3,D,,R1,COLD,0,0,,,,,,,,政策/综合评分不足，禁止配置,,,,,,,,,,,,,,,,,,,,,missing_price
main,2026-05-05,510500,中证500ETF,AVOID,36.6,D,,R1,COLD,0,0,,,,,,,,政策/综合评分不足，禁止配置,,,,,,,,,,,,,,,,,,,,,missing_price
main,2026-05-05,601398,工商银行,AVOID,36.4,D,,R1,COLD,0,0,,,,,,,,政策/综合评分不足，禁止配置,,,,,,,,,,,,,,,,,,,,,missing_price
main,2026-05-05,512400,有色金属ETF,AVOID,36.3,D,,R1,COLD,0,0,,,,,,,,政策/综合评分不足，禁止配置,,,,,,,,,,,,,,,,,,,,,missing_price
main,2026-05-05,515850,证券ETF,AVOID,36.1,D,,R1,COLD,0,0,,,,,,,,政策/综合评分不足，禁止配置,,,,,,,,,,,,,,,,,,,,,missing_price
main,2026-05-05,159275,农牧渔ETF,AVOID,35.6,D,,R1,COLD,0,0,,,,,,,,政策/综合评分不足，禁止配置,,,,,,,,,,,,,,,,,,,,,missing_price
main,2026-05-05,513180,恒生科技ETF,AVOID,35.4,D,,R1,COLD,0,0,,,,,,,,政策/综合评分不足，禁止配置,,,,,,,,,,,,,,,,,,,,,missing_price
main,2026-05-05,518880,黄金ETF,AVOID,34.4,D,,R1,COLD,0,0,,,,,,,,政策/综合评分不足，禁止配置,,,,,,,,,,,,,,,,,,,,,missing_price
main,2026-05-05,159941,纳指ETF,AVOID,33.7,D,,R1,COLD,0,0,,,,,,,,政策/综合评分不足，禁止配置,,,,,,,,,,,,,,,,,,,,,missing_price
main,2026-05-05,600989,宝丰能源,AVOID,31.8,D,,R1,COLD,0,0,,,,,,,,政策/综合评分不足，禁止配置,,,,,,,,,,,,,,,,,,,,,missing_price
main,2026-05-05,515220,煤炭ETF,AVOID,29.9,D,,R1,COLD,0,0,,,,,,,,政策/综合评分不足，禁止配置,,,,,,,,,,,,,,,,,,,,,missing_price
main,2026-05-05,159870,化工ETF,AVOID,29.1,D,,R1,COLD,0,0,,,,,,,,政策/综合评分不足，禁止配置,,,,,,,,,,,,,,,,,,,,,missing_price
main,2026-05-06,561980,半导体设备ETF,HOLD,72.7,A,,R2,WARM,3.5,6.0,,,,,,,,连涨1日+距MA5偏+4.8%，追高风险，等待回踩MA,2.696,2.75,2.835,2.987,3.358,0.02003,0.051558,0.107938,0.245549,0.25,-0.019659,0.004802,0.015327,0.024861,-0.005411,0.015228,0.036231,0.083077,0.25096,False,complete
main,2026-05-06,159995,芯片ETF,REDUCE,66.8,B,,R2,WARM,0,6.0,,,,,,,,当前机制R2不支持B级品种,2.204,2.237,2.311,2.384,2.547,0.014973,0.048548,0.08167,0.155626,0.15608,-0.025862,0.004802,0.015327,0.024861,-0.005411,0.010171,0.033221,0.056809,0.161037,False,complete
main,2026-05-06,002371,北方华创,REDUCE,66.3,B,,R2,WARM,0,6.0,,,,,,,,当前机制R2不支持B级品种,545.35,552.14,573.19,581.0,656.0,0.012451,0.05105,0.065371,0.202897,0.210232,-0.018979,0.004802,0.015327,0.024861,-0.005411,0.007649,0.035723,0.04051,0.208308,False,complete
main,2026-05-06,512480,半导体ETF,REDUCE,64.4,B,,R2,WARM,0,6.0,,,,,,,,当前机制R2不支持B级品种,1.913,1.949,2.018,2.088,2.227,0.018819,0.054888,0.091479,0.16414,0.164663,-0.017773,0.004802,0.015327,0.024861,-0.005411,0.014017,0.039561,0.066618,0.169551,False,complete
main,2026-05-06,561910,电池ETF,REDUCE,61.6,B,,R2,WARM,0,6.0,,,,,,,,当前机制R2不支持B级品种,0.998,0.988,0.978,0.97,0.984,-0.01002,-0.02004,-0.028056,-0.014028,0.002004,-0.072144,0.004802,0.015327,0.024861,-0.005411,-0.014822,-0.035367,-0.052917,-0.008617,True,complete
main,2026-05-06,588080,科创50ETF,REDUCE,59.6,B,,R2,WARM,0,6.0,,,,,,,,当前机制R2不支持B级品种,1.691,1.715,1.754,1.808,1.87,0.014193,0.037256,0.06919,0.105855,0.10822,-0.017741,0.004802,0.015327,0.024861,-0.005411,0.009391,0.021929,0.044329,0.111266,False,complete
main,2026-05-06,300274,阳光电源,REDUCE,58.9,B,,R2,WARM,0,6.0,,,,,,,,当前机制R2不支持B级品种,139.845,138.815,143.355,142.65,167.2,-0.007365,0.025099,0.020058,0.195609,0.221996,-0.063106,0.004802,0.015327,0.024861,-0.005411,-0.012167,0.009772,-0.004803,0.20102,True,complete
main,2026-05-06,562500,机器人ETF,REDUCE,58.8,B,,R2,WARM,0,6.0,,,,,,,,当前机制R2不支持B级品种,1.056,1.097,1.141,1.156,1.193,0.038826,0.080492,0.094697,0.129735,0.135417,0.0,0.004802,0.015327,0.024861,-0.005411,0.034024,0.065166,0.069836,0.135146,False,complete
main,2026-05-06,159206,卫星ETF,REDUCE,56.0,B,,R2,WARM,0,6.0,,,,,,,,当前机制R2不支持B级品种,1.912,1.93,2.031,2.0,1.843,0.009414,0.062238,0.046025,-0.036088,0.068515,-0.057531,0.004802,0.015327,0.024861,-0.005411,0.004612,0.046912,0.021164,-0.030677,False,complete
main,2026-05-06,159326,电网设备ETF,REDUCE,55.5,B,,R2,WARM,0,6.0,,,,,,,,当前机制R2不支持B级品种,2.019,2.075,2.091,2.189,2.147,0.027737,0.035661,0.0842,0.063398,0.092125,-0.000495,0.004802,0.015327,0.024861,-0.005411,0.022934,0.020334,0.059339,0.068809,False,complete
main,2026-05-06,159715,稀土ETF,HOLD,54.4,C,,R2,WARM,0,0,,,,,,,,C级品种，综合分54，观察但不配置,1.4,1.402,1.438,1.414,1.332,0.001429,0.027143,0.01,-0.048571,0.03,-0.078571,0.004802,0.015327,0.024861,-0.005411,-0.003373,0.011816,-0.014861,-0.04316,True,complete
main,2026-05-06,159667,工业母机ETF,HOLD,54.2,C,,R2,WARM,0,0,,,,,,,,C级品种，综合分54，观察但不配置,2.092,2.178,2.309,2.334,2.374,0.041109,0.103728,0.115679,0.134799,0.137667,-0.005736,0.004802,0.015327,0.024861,-0.005411,0.036307,0.088402,0.090818,0.14021,True,complete
main,2026-05-06,562960,绿色电力ETF,HOLD,53.1,C,,R2,WARM,0,0,,,,,,,,C级品种，综合分53，观察但不配置,1.225,1.245,1.265,1.309,1.259,0.016327,0.032653,0.068571,0.027755,0.088163,0.000816,0.004802,0.015327,0.024861,-0.005411,0.011524,0.017326,0.04371,0.033166,False,complete
main,2026-05-06,516850,新能源ETF,HOLD,53.0,C,,R2,WARM,0,0,,,,,,,,C级品种，综合分53，观察但不配置,1.24,1.232,1.228,1.221,1.188,-0.006452,-0.009677,-0.015323,-0.041935,0.004032,-0.070968,0.004802,0.015327,0.024861,-0.005411,-0.011254,-0.025004,-0.040184,-0.036524,True,complete
main,2026-05-06,159611,电力ETF,HOLD,51.4,C,,R2,WARM,0,0,,,,,,,,C级品种，综合分51，观察但不配置,1.135,1.149,1.165,1.202,1.155,0.012335,0.026432,0.059031,0.017621,0.079295,-0.000881,0.004802,0.015327,0.024861,-0.005411,0.007533,0.011105,0.03417,0.023032,True,complete
main,2026-05-06,600900,长江电力,HOLD,51.3,C,,R2,WARM,0,0,,,,,,,,C级品种，综合分51，观察但不配置,27.2,27.05,27.01,27.0,26.9,-0.005515,-0.006985,-0.007353,-0.011029,0.005515,-0.017647,0.004802,0.015327,0.024861,-0.005411,-0.010317,-0.022312,-0.032214,-0.005618,True,complete
main,2026-05-06,515880,通信ETF,HOLD,50.9,C,,R2,WARM,0,0,,,,,,,,C级品种，综合分51，观察但不配置,1.352,1.414,1.483,1.557,1.517,0.045858,0.096893,0.151627,0.122041,0.176036,-0.007396,0.004802,0.015327,0.024861,-0.005411,0.041056,0.081567,0.126766,0.127452,True,complete
main,2026-05-06,510500,中证500ETF,HOLD,50.1,C,,R2,WARM,0,0,,,,,,,,C级品种，综合分50，观察但不配置,8.658,8.771,8.912,9.009,8.748,0.013052,0.029337,0.040541,0.010395,0.045161,-0.020444,0.004802,0.015327,0.024861,-0.005411,0.008249,0.01401,0.015679,0.015806,True,complete
main,2026-05-06,159915,创业板ETF,HOLD,49.0,C,,R2,WARM,0,0,,,,,,,,C级品种，综合分49，观察但不配置,3.786,3.845,3.947,4.048,3.932,0.015584,0.042525,0.069202,0.038563,0.083994,-0.00449,0.004802,0.015327,0.024861,-0.005411,0.010782,0.027198,0.044341,0.043974,True,complete
main,2026-05-06,159941,纳指ETF,HOLD,48.4,C,,R2,WARM,0,0,,,,,,,,C级品种，综合分48，观察但不配置,1.496,1.537,1.577,1.571,1.533,0.027406,0.054144,0.050134,0.024733,0.063503,0.004679,0.004802,0.015327,0.024861,-0.005411,0.022604,0.038818,0.025273,0.030144,False,complete
main,2026-05-06,515790,光伏ETF,HOLD,48.0,C,,R2,WARM,0,0,,,,,,,,C级品种，综合分48，观察但不配置,1.086,1.101,1.123,1.146,1.126,0.013812,0.03407,0.055249,0.036832,0.074586,-0.005525,0.004802,0.015327,0.024861,-0.005411,0.00901,0.018743,0.030387,0.042243,True,complete
main,2026-05-06,515450,红利低波50,HOLD,47.0,C,,R2,WARM,0,0,,,,,,,,C级品种，综合分47，观察但不配置,1.436,1.431,1.437,1.432,1.422,-0.003482,0.000696,-0.002786,-0.009749,0.004875,-0.013928,0.004802,0.015327,0.024861,-0.005411,-0.008284,-0.01463,-0.027647,-0.004338,True,complete
main,2026-05-06,510050,上证50ETF,HOLD,46.7,C,,R2,WARM,0,0,,,,,,,,C级品种，综合分47，观察但不配置,3.1,3.103,3.116,3.123,3.029,0.000968,0.005161,0.007419,-0.022903,0.010645,-0.035484,0.004802,0.015327,0.024861,-0.005411,-0.003834,-0.010165,-0.017442,-0.017492,True,complete
main,2026-05-06,515850,证券ETF,HOLD,45.5,C,,R2,WARM,0,0,,,,,,,,C级品种，综合分46，观察但不配置,1.356,1.351,1.363,1.361,1.304,-0.003687,0.005162,0.003687,-0.038348,0.016962,-0.048673,0.004802,0.015327,0.024861,-0.005411,-0.008489,-0.010165,-0.021174,-0.032937,True,complete
main,2026-05-06,159275,农牧渔ETF,AVOID,45.1,C,,R2,WARM,0,0,,,,,,,,政策/综合评分不足，禁止配置,0.966,0.956,0.957,0.933,0.89,-0.010352,-0.009317,-0.034161,-0.078675,0.00207,-0.080745,0.004802,0.015327,0.024861,-0.005411,-0.015154,-0.024644,-0.059023,-0.073264,True,complete
main,2026-05-06,515220,煤炭ETF,AVOID,44.9,C,,R2,WARM,0,0,,,,,,,,政策/综合评分不足，禁止配置,1.322,1.257,1.252,1.228,1.229,-0.049168,-0.05295,-0.071104,-0.070348,-0.012103,-0.091528,0.004802,0.015327,0.024861,-0.005411,-0.05397,-0.068277,-0.095966,-0.064937,True,complete
main,2026-05-06,512400,有色金属ETF,HOLD,43.4,C,,R2,WARM,0,0,,,,,,,,C级品种，综合分43，观察但不配置,2.199,2.207,2.208,2.209,1.985,0.003638,0.004093,0.004548,-0.097317,0.022738,-0.121874,0.004802,0.015327,0.024861,-0.005411,-0.001164,-0.011234,-0.020314,-0.091906,True,complete
main,2026-05-06,513180,恒生科技ETF,HOLD,42.9,C,,R2,WARM,0,0,,,,,,,,C级品种，综合分43，观察但不配置,0.636,0.654,0.651,0.646,0.621,0.028302,0.023585,0.015723,-0.023585,0.048742,-0.036164,0.004802,0.015327,0.024861,-0.005411,0.0235,0.008258,-0.009138,-0.018174,True,complete
main,2026-05-06,159870,化工ETF,AVOID,41.7,C,,R2,WARM,0,0,,,,,,,,政策/综合评分不足，禁止配置,0.968,0.937,0.924,0.92,0.881,-0.032025,-0.045455,-0.049587,-0.089876,0.0,-0.114669,0.004802,0.015327,0.024861,-0.005411,-0.036827,-0.060781,-0.074448,-0.084465,True,complete
main,2026-05-06,600036,招商银行,HOLD,40.9,C,,R2,WARM,0,0,,,,,,,,C级品种，综合分41，观察但不配置,38.0,37.95,37.97,37.88,37.17,-0.001316,-0.000789,-0.003158,-0.021842,0.004737,-0.021842,0.004802,0.015327,0.024861,-0.005411,-0.006118,-0.016116,-0.028019,-0.016431,True,complete
main,2026-05-06,159567,港股创新药ETF,AVOID,39.6,D,,R2,WARM,0,0,,,,,,,,政策/综合评分不足，禁止配置,0.746,0.76,0.751,0.732,0.675,0.018767,0.006702,-0.018767,-0.095174,0.02815,-0.100536,0.004802,0.015327,0.024861,-0.005411,0.013965,-0.008624,-0.043628,-0.089763,True,complete
main,2026-05-06,601398,工商银行,AVOID,38.7,D,,R2,WARM,0,0,,,,,,,,政策/综合评分不足，禁止配置,7.191,7.221,7.301,7.23,7.13,0.004172,0.015297,0.005423,-0.008483,0.025031,-0.008483,0.004802,0.015327,0.024861,-0.005411,-0.00063,-3e-05,-0.019438,-0.003072,True,complete
main,2026-05-06,518880,黄金ETF,AVOID,36.0,D,,R2,WARM,0,0,,,,,,,,政策/综合评分不足，禁止配置,9.791,9.909,9.774,9.804,9.367,0.012052,-0.001736,0.001328,-0.043305,0.014503,-0.04688,0.004802,0.015327,0.024861,-0.005411,0.00725,-0.017063,-0.023533,-0.037894,True,complete
main,2026-05-06,600989,宝丰能源,AVOID,34.7,D,,R2,WARM,0,0,,,,,,,,政策/综合评分不足，禁止配置,30.16,28.1,28.34,28.47,27.59,-0.068302,-0.060345,-0.056034,-0.085212,-0.011936,-0.088528,0.004802,0.015327,0.024861,-0.005411,-0.073104,-0.075672,-0.080896,-0.079801,True,complete
main,2026-05-07,512480,半导体ETF,HOLD,72.1,A,,R1,HOT,2.4,8.0,,,,,,,,择时拦截：市场HOT+连涨3日+距MA5偏离+6.5%，等回落再介入,1.949,1.902,2.025,2.043,2.132,-0.024115,0.038994,0.04823,0.093894,0.179066,-0.035916,-0.005836,0.009701,0.002875,-0.023959,-0.018279,0.029293,0.045355,0.117853,False,complete
main,2026-05-07,159995,芯片ETF,HOLD,71.8,A,,R1,HOT,2.4,8.0,,,,,,,,择时拦截：市场HOT+连涨3日+距MA5偏离+6.9%，等回落再介入,2.237,2.173,2.326,2.321,2.477,-0.02861,0.039785,0.03755,0.107287,0.188646,-0.040232,-0.005836,0.009701,0.002875,-0.023959,-0.022774,0.030084,0.034675,0.131245,False,complete
main,2026-05-07,561980,半导体设备ETF,HOLD,70.6,A,,R1,HOT,2.4,8.0,,,,,,,,择时拦截：市场HOT+连涨3日+距MA5偏离+5.5%，等回落再介入,2.75,2.668,2.89,2.891,3.199,-0.029818,0.050909,0.051273,0.163273,0.278545,-0.038909,-0.005836,0.009701,0.002875,-0.023959,-0.023982,0.041208,0.048398,0.187231,False,complete
main,2026-05-07,562500,机器人ETF,HOLD,69.0,B,,R1,HOT,1.2,8.0,,,,,,,,观察中，暂不建仓,1.097,1.122,1.13,1.128,1.187,0.022789,0.030082,0.028259,0.082042,0.123974,-0.005469,-0.005836,0.009701,0.002875,-0.023959,0.028626,0.020381,0.025384,0.106001,False,complete
main,2026-05-07,002371,北方华创,HOLD,67.4,B,,R1,HOT,1.5,8.0,,,,,,,,观察中，暂不建仓,552.14,540.79,581.45,564.4,662.99,-0.020556,0.053084,0.022205,0.200764,0.306915,-0.027058,-0.005836,0.009701,0.002875,-0.023959,-0.01472,0.043383,0.019329,0.224723,False,complete
main,2026-05-07,159206,卫星ETF,HOLD,67.2,B,,R1,HOT,1.2,8.0,,,,,,,,观察中，暂不建仓,1.93,1.979,1.974,1.89,1.774,0.025389,0.022798,-0.020725,-0.080829,0.058549,-0.08342,-0.005836,0.009701,0.002875,-0.023959,0.031225,0.013097,-0.023601,-0.05687,True,complete
main,2026-05-07,159326,电网设备ETF,HOLD,66.8,B,,R1,HOT,1.9,8.0,,,,,,,,观察中，暂不建仓,2.075,2.062,2.135,2.111,2.042,-0.006265,0.028916,0.017349,-0.015904,0.062651,-0.026988,-0.005836,0.009701,0.002875,-0.023959,-0.000429,0.019215,0.014474,0.008055,False,complete
main,2026-05-07,588080,科创50ETF,HOLD,64.9,B,,R1,HOT,1.0,6.0,,,,,,,,观察中，暂不建仓,1.715,1.677,1.761,1.762,1.804,-0.022157,0.026822,0.027405,0.051895,0.127114,-0.031487,-0.005836,0.009701,0.002875,-0.023959,-0.016321,0.017121,0.02453,0.075854,False,complete
main,2026-05-07,561910,电池ETF,HOLD,63.9,B,,R1,HOT,1.0,6.0,,,,,,,,观察中，暂不建仓,0.988,0.968,0.964,0.936,0.962,-0.020243,-0.024291,-0.052632,-0.026316,0.01417,-0.062753,-0.005836,0.009701,0.002875,-0.023959,-0.014407,-0.033993,-0.055507,-0.002357,True,complete
main,2026-05-07,159667,工业母机ETF,HOLD,62.7,B,,R1,HOT,1.9,8.0,,,,,,,,观察中，暂不建仓,2.178,2.226,2.281,2.27,2.345,0.022039,0.047291,0.042241,0.076676,0.123508,-0.012856,-0.005836,0.009701,0.002875,-0.023959,0.027875,0.03759,0.039365,0.100635,False,complete
main,2026-05-07,515880,通信ETF,HOLD,62.2,B,,R1,HOT,1.5,8.0,,,,,,,,观察中，暂不建仓,1.414,1.43,1.501,1.544,1.44,0.011315,0.061528,0.091938,0.018388,0.12447,-0.019802,-0.005836,0.009701,0.002875,-0.023959,0.017152,0.051827,0.089063,0.042346,False,complete
main,2026-05-07,159941,纳指ETF,HOLD,61.9,B,,R1,HOT,1.0,6.0,,,,,,,,观察中，暂不建仓,1.537,1.54,1.558,1.577,1.561,0.001952,0.013663,0.026025,0.015615,0.035133,-0.022121,-0.005836,0.009701,0.002875,-0.023959,0.007788,0.003962,0.02315,0.039574,False,complete
main,2026-05-07,300274,阳光电源,HOLD,61.4,B,,R1,HOT,1.5,8.0,,,,,,,,观察中，暂不建仓,138.815,139.165,139.85,135.03,165.38,0.002521,0.007456,-0.027267,0.19137,0.246263,-0.056154,-0.005836,0.009701,0.002875,-0.023959,0.008357,-0.002245,-0.030142,0.215329,False,complete
main,2026-05-07,510500,中证500ETF,HOLD,61.0,B,,R1,HOT,1.0,6.0,,,,,,,,观察中，暂不建仓,8.771,8.769,8.862,8.772,8.503,-0.000228,0.010375,0.000114,-0.030555,0.031695,-0.033064,-0.005836,0.009701,0.002875,-0.023959,0.005608,0.000674,-0.002761,-0.006597,False,complete
main,2026-05-07,515790,光伏ETF,HOLD,58.9,B,,R1,HOT,1.0,6.0,,,,,,,,观察中，暂不建仓,1.101,1.096,1.122,1.128,1.093,-0.004541,0.019074,0.024523,-0.007266,0.059946,-0.019074,-0.005836,0.009701,0.002875,-0.023959,0.001295,0.009373,0.021648,0.016693,False,complete
main,2026-05-07,159715,稀土ETF,HOLD,58.9,B,,R1,HOT,0.8,6.0,,,,,,,,观察中，暂不建仓,1.402,1.398,1.394,1.366,1.298,-0.002853,-0.005706,-0.025678,-0.07418,0.028531,-0.079886,-0.005836,0.009701,0.002875,-0.023959,0.002983,-0.015407,-0.028553,-0.050221,True,complete
main,2026-05-07,516850,新能源ETF,HOLD,57.5,B,,R1,HOT,1.0,6.0,,,,,,,,观察中，暂不建仓,1.232,1.211,1.212,1.188,1.157,-0.017045,-0.016234,-0.035714,-0.060877,0.00487,-0.064935,-0.005836,0.009701,0.002875,-0.023959,-0.011209,-0.025935,-0.038589,-0.036918,True,complete
main,2026-05-07,159909,TMT50ETF,HOLD,57.4,B,,R1,HOT,1.0,6.0,,,,,,,,观察中，暂不建仓,1.332,1.335,1.39,1.395,1.356,0.002252,0.043544,0.047297,0.018018,0.087087,-0.024024,-0.005836,0.009701,0.002875,-0.023959,0.008088,0.033843,0.044422,0.041977,False,complete
main,2026-05-07,562960,绿色电力ETF,HOLD,57.3,B,,R1,HOT,1.9,8.0,,,,,,,,观察中，暂不建仓,1.245,1.243,1.276,1.274,1.24,-0.001606,0.0249,0.023293,-0.004016,0.070683,-0.009639,-0.005836,0.009701,0.002875,-0.023959,0.00423,0.015199,0.020418,0.019943,False,complete
main,2026-05-07,513180,恒生科技ETF,HOLD,56.1,B,,R1,HOT,1.0,6.0,,,,,,,,观察中，暂不建仓,0.654,0.653,0.645,0.646,0.608,-0.001529,-0.013761,-0.012232,-0.070336,0.019878,-0.071865,-0.005836,0.009701,0.002875,-0.023959,0.004307,-0.023462,-0.015108,-0.046378,True,complete
main,2026-05-07,600900,长江电力,HOLD,55.4,B,,R1,HOT,0.9,6.0,,,,,,,,观察中，暂不建仓,27.05,27.0,27.04,26.94,26.66,-0.001848,-0.00037,-0.004067,-0.014418,0.011091,-0.015527,-0.005836,0.009701,0.002875,-0.023959,0.003988,-0.010071,-0.006942,0.009541,False,complete
main,2026-05-07,510050,上证50ETF,HOLD,54.3,C,,R1,HOT,0,0,,,,,,,,C级品种，综合分54，观察但不配置,3.103,3.075,3.119,3.074,2.994,-0.009024,0.005156,-0.009346,-0.035127,0.009668,-0.036416,-0.005836,0.009701,0.002875,-0.023959,-0.003187,-0.004545,-0.012221,-0.011169,True,complete
main,2026-05-07,512400,有色金属ETF,HOLD,52.2,C,,R1,HOT,0,0,,,,,,,,C级品种，综合分52，观察但不配置,2.207,2.206,2.188,2.13,1.947,-0.000453,-0.008609,-0.034889,-0.117807,0.01903,-0.125057,-0.005836,0.009701,0.002875,-0.023959,0.005383,-0.01831,-0.037764,-0.093848,True,complete
main,2026-05-07,159611,电力ETF,HOLD,51.2,C,,R1,HOT,0,0,,,,,,,,C级品种，综合分51，观察但不配置,1.149,1.147,1.177,1.173,1.137,-0.001741,0.024369,0.020888,-0.010444,0.066144,-0.013925,-0.005836,0.009701,0.002875,-0.023959,0.004095,0.014668,0.018013,0.013515,True,complete
main,2026-05-07,515850,证券ETF,HOLD,50.3,C,,R1,HOT,0,0,,,,,,,,C级品种，综合分50，观察但不配置,1.351,1.339,1.367,1.33,1.309,-0.008882,0.011843,-0.015544,-0.031088,0.020725,-0.045152,-0.005836,0.009701,0.002875,-0.023959,-0.003046,0.002142,-0.018419,-0.007129,True,complete
main,2026-05-07,159915,创业板ETF,HOLD,49.5,C,,R1,HOT,0,0,,,,,,,,C级品种，综合分50，观察但不配置,3.845,3.806,3.94,3.961,3.846,-0.010143,0.024707,0.030169,0.00026,0.06736,-0.012744,-0.005836,0.009701,0.002875,-0.023959,-0.004307,0.015006,0.027294,0.024219,True,complete
main,2026-05-07,515450,红利低波50,HOLD,47.3,C,,R1,HOT,0,0,,,,,,,,C级品种，综合分47，观察但不配置,1.431,1.429,1.437,1.431,1.415,-0.001398,0.004193,0.0,-0.011181,0.008386,-0.013277,-0.005836,0.009701,0.002875,-0.023959,0.004439,-0.005508,-0.002875,0.012778,True,complete
main,2026-05-07,601398,工商银行,AVOID,46.7,C,,R1,HOT,0,0,,,,,,,,政策/综合评分不足，禁止配置,7.221,7.291,7.311,7.3,7.15,0.009694,0.012464,0.01094,-0.009832,0.020773,-0.019526,-0.005836,0.009701,0.002875,-0.023959,0.01553,0.002763,0.008065,0.014126,True,complete
main,2026-05-07,518880,黄金ETF,HOLD,44.3,C,,R1,HOT,0,0,,,,,,,,C级品种，综合分44，观察但不配置,9.909,9.88,9.806,9.795,9.45,-0.002927,-0.010395,-0.011505,-0.046322,-0.000303,-0.05823,-0.005836,0.009701,0.002875,-0.023959,0.002909,-0.020096,-0.01438,-0.022363,True,complete
main,2026-05-07,159567,港股创新药ETF,HOLD,43.6,C,,R1,HOT,0,0,,,,,,,,C级品种，综合分44，观察但不配置,0.76,0.75,0.743,0.714,0.688,-0.013158,-0.022368,-0.060526,-0.094737,0.0,-0.117105,-0.005836,0.009701,0.002875,-0.023959,-0.007322,-0.032069,-0.063402,-0.070778,True,complete
main,2026-05-07,159275,农牧渔ETF,AVOID,42.7,C,,R1,HOT,0,0,,,,,,,,政策/综合评分不足，禁止配置,0.956,0.95,0.941,0.936,0.874,-0.006276,-0.01569,-0.020921,-0.085774,0.008368,-0.08682,-0.005836,0.009701,0.002875,-0.023959,-0.00044,-0.025391,-0.023796,-0.061815,True,complete
main,2026-05-07,600036,招商银行,HOLD,40.4,C,,R1,HOT,0,0,,,,,,,,C级品种，综合分40，观察但不配置,37.95,37.94,37.9,37.81,37.15,-0.000264,-0.001318,-0.003689,-0.02108,0.006061,-0.022134,-0.005836,0.009701,0.002875,-0.023959,0.005573,-0.011019,-0.006564,0.002878,True,complete
main,2026-05-07,159870,化工ETF,AVOID,37.2,D,,R1,HOT,0,0,,,,,,,,政策/综合评分不足，禁止配置,0.937,0.921,0.918,0.896,0.858,-0.017076,-0.020277,-0.043757,-0.084312,0.002134,-0.086446,-0.005836,0.009701,0.002875,-0.023959,-0.01124,-0.029979,-0.046632,-0.060353,True,complete
main,2026-05-07,515220,煤炭ETF,AVOID,36.1,D,,R1,HOT,0,0,,,,,,,,政策/综合评分不足，禁止配置,1.257,1.246,1.239,1.212,1.19,-0.008751,-0.01432,-0.0358,-0.053302,0.012729,-0.055688,-0.005836,0.009701,0.002875,-0.023959,-0.002915,-0.024021,-0.038675,-0.029343,True,complete
main,2026-05-07,600989,宝丰能源,AVOID,31.8,D,,R1,HOT,0,0,,,,,,,,政策/综合评分不足，禁止配置,28.1,27.62,28.13,28.32,26.55,-0.017082,0.001068,0.007829,-0.05516,0.060498,-0.056584,-0.005836,0.009701,0.002875,-0.023959,-0.011246,-0.008633,0.004954,-0.031201,True,complete
main,2026-05-08,512480,半导体ETF,HOLD,72.1,A,,R1,HOT,2.4,8.0,,,,,,,,择时拦截：市场HOT+连涨3日+距MA5偏离+6.5%，等回落再介入,1.902,2.018,2.088,2.035,2.15,0.060988,0.097792,0.069926,0.130389,0.208202,0.023134,0.016406,0.025951,-0.002529,-0.011283,0.044582,0.071841,0.072455,0.141672,False,complete
main,2026-05-08,159995,芯片ETF,HOLD,71.8,A,,R1,HOT,2.4,8.0,,,,,,,,择时拦截：市场HOT+连涨3日+距MA5偏离+6.9%，等回落再介入,2.173,2.311,2.384,2.315,2.478,0.063507,0.097101,0.065347,0.140359,0.223654,0.029452,0.016406,0.025951,-0.002529,-0.011283,0.0471,0.07115,0.067876,0.151642,False,complete
main,2026-05-08,561980,半导体设备ETF,HOLD,70.6,A,,R1,HOT,2.4,8.0,,,,,,,,择时拦截：市场HOT+连涨3日+距MA5偏离+5.5%，等回落再介入,2.668,2.835,2.987,2.992,,0.062594,0.119565,0.121439,,0.317841,0.013868,0.016406,0.025951,-0.002529,,0.046187,0.093614,0.123968,,False,pending
main,2026-05-08,562500,机器人ETF,HOLD,69.0,B,,R1,HOT,1.2,8.0,,,,,,,,观察中，暂不建仓,1.122,1.141,1.156,1.164,,0.016934,0.030303,0.037433,,0.09893,-0.001783,0.016406,0.025951,-0.002529,,0.000528,0.004352,0.039962,,False,pending
main,2026-05-08,002371,北方华创,HOLD,67.4,B,,R1,HOT,1.5,8.0,,,,,,,,观察中，暂不建仓,540.79,573.19,581.0,592.0,647.9,0.059912,0.074354,0.094695,0.198062,0.334344,0.013332,0.016406,0.025951,-0.002529,-0.011283,0.043506,0.048403,0.097224,0.209345,False,complete
main,2026-05-08,159206,卫星ETF,HOLD,67.2,B,,R1,HOT,1.2,8.0,,,,,,,,观察中，暂不建仓,1.979,2.031,2.0,1.836,1.79,0.026276,0.010611,-0.072259,-0.095503,0.03234,-0.111167,0.016406,0.025951,-0.002529,-0.011283,0.00987,-0.015339,-0.06973,-0.08422,True,complete
main,2026-05-08,159326,电网设备ETF,HOLD,66.8,B,,R1,HOT,1.9,8.0,,,,,,,,观察中，暂不建仓,2.062,2.091,2.189,2.042,2.063,0.014064,0.061591,-0.009699,0.000485,0.06935,-0.020854,0.016406,0.025951,-0.002529,-0.011283,-0.002342,0.03564,-0.007171,0.011768,False,complete
main,2026-05-08,588080,科创50ETF,HOLD,64.9,B,,R1,HOT,1.0,6.0,,,,,,,,观察中，暂不建仓,1.677,1.754,1.808,1.733,1.81,0.045915,0.078116,0.033393,0.079308,0.152654,0.016696,0.016406,0.025951,-0.002529,-0.011283,0.029509,0.052165,0.035922,0.090591,False,complete
main,2026-05-08,561910,电池ETF,HOLD,63.9,B,,R1,HOT,1.0,6.0,,,,,,,,观察中，暂不建仓,0.968,0.978,0.97,0.948,,0.010331,0.002066,-0.020661,,0.035124,-0.043388,0.016406,0.025951,-0.002529,,-0.006076,-0.023885,-0.018132,,False,pending
main,2026-05-08,159667,工业母机ETF,HOLD,62.7,B,,R1,HOT,1.9,8.0,,,,,,,,观察中，暂不建仓,2.226,2.309,2.334,2.289,2.405,0.037287,0.048518,0.028302,0.080413,0.099281,-0.004043,0.016406,0.025951,-0.002529,-0.011283,0.02088,0.022567,0.030831,0.091696,False,complete
main,2026-05-08,515880,通信ETF,HOLD,62.2,B,,R1,HOT,1.5,8.0,,,,,,,,观察中，暂不建仓,1.43,1.483,1.557,1.5,1.48,0.037063,0.088811,0.048951,0.034965,0.111888,-0.008392,0.016406,0.025951,-0.002529,-0.011283,0.020657,0.06286,0.05148,0.046248,False,complete
main,2026-05-08,159941,纳指ETF,HOLD,61.9,B,,R1,HOT,1.0,6.0,,,,,,,,观察中，暂不建仓,1.54,1.577,1.571,1.564,1.59,0.024026,0.02013,0.015584,0.032468,0.033117,-0.024026,0.016406,0.025951,-0.002529,-0.011283,0.00762,-0.005821,0.018113,0.043751,False,complete
main,2026-05-08,300274,阳光电源,HOLD,61.4,B,,R1,HOT,1.5,8.0,,,,,,,,观察中，暂不建仓,139.165,143.355,142.65,152.95,163.63,0.030108,0.025042,0.099055,0.175799,0.243129,-0.058528,0.016406,0.025951,-0.002529,-0.011283,0.013702,-0.000909,0.101584,0.187082,False,complete
main,2026-05-08,510500,中证500ETF,HOLD,61.0,B,,R1,HOT,1.0,6.0,,,,,,,,观察中，暂不建仓,8.769,8.912,9.009,8.612,8.61,0.016307,0.027369,-0.017904,-0.018132,0.031931,-0.032843,0.016406,0.025951,-0.002529,-0.011283,-9.9e-05,0.001418,-0.015375,-0.006849,False,complete
main,2026-05-08,515790,光伏ETF,HOLD,58.9,B,,R1,HOT,1.0,6.0,,,,,,,,观察中，暂不建仓,1.096,1.123,1.146,1.108,1.102,0.024635,0.04562,0.010949,0.005474,0.064781,-0.014599,0.016406,0.025951,-0.002529,-0.011283,0.008229,0.01967,0.013478,0.016758,False,complete
main,2026-05-08,159715,稀土ETF,HOLD,58.9,B,,R1,HOT,0.8,6.0,,,,,,,,观察中，暂不建仓,1.398,1.438,1.414,1.355,1.317,0.028612,0.011445,-0.030758,-0.05794,0.031474,-0.077253,0.016406,0.025951,-0.002529,-0.011283,0.012206,-0.014506,-0.028229,-0.046657,True,complete
main,2026-05-08,516850,新能源ETF,HOLD,57.5,B,,R1,HOT,1.0,6.0,,,,,,,,观察中，暂不建仓,1.211,1.228,1.221,1.175,1.164,0.014038,0.008258,-0.029727,-0.038811,0.019818,-0.04872,0.016406,0.025951,-0.002529,-0.011283,-0.002368,-0.017693,-0.027199,-0.027528,False,complete
main,2026-05-08,159909,TMT50ETF,HOLD,57.4,B,,R1,HOT,1.0,6.0,,,,,,,,观察中，暂不建仓,1.335,1.38,1.43,1.374,1.41,0.033708,0.071161,0.029213,0.05618,0.084644,0.0,0.016406,0.025951,-0.002529,-0.011283,0.017302,0.04521,0.031742,0.067463,False,complete
main,2026-05-08,562960,绿色电力ETF,HOLD,57.3,B,,R1,HOT,1.9,8.0,,,,,,,,观察中，暂不建仓,1.243,1.265,1.309,1.263,,0.017699,0.053097,0.01609,,0.072405,-0.008045,0.016406,0.025951,-0.002529,,0.001293,0.027147,0.018619,,False,pending
main,2026-05-08,513180,恒生科技ETF,HOLD,56.1,B,,R1,HOT,1.0,6.0,,,,,,,,观察中，暂不建仓,0.653,0.651,0.646,0.629,0.616,-0.003063,-0.01072,-0.036753,-0.056662,0.02144,-0.070444,0.016406,0.025951,-0.002529,-0.011283,-0.019469,-0.036671,-0.034225,-0.045379,True,complete
main,2026-05-08,600900,长江电力,HOLD,55.4,B,,R1,HOT,0.9,6.0,,,,,,,,观察中，暂不建仓,27.0,27.01,27.0,27.03,26.66,0.00037,0.0,0.001111,-0.012593,0.012963,-0.018519,0.016406,0.025951,-0.002529,-0.011283,-0.016036,-0.025951,0.00364,-0.00131,False,complete
main,2026-05-08,510050,上证50ETF,HOLD,54.3,C,,R1,HOT,0,0,,,,,,,,C级品种，综合分54，观察但不配置,3.075,3.116,3.123,3.035,2.99,0.013333,0.01561,-0.013008,-0.027642,0.018862,-0.030894,0.016406,0.025951,-0.002529,-0.011283,-0.003073,-0.010341,-0.010479,-0.016359,True,complete
main,2026-05-08,512400,有色金属ETF,HOLD,52.2,C,,R1,HOT,0,0,,,,,,,,C级品种，综合分52，观察但不配置,2.206,2.208,2.209,2.039,1.99,0.000907,0.00136,-0.075703,-0.097915,0.019492,-0.12466,0.016406,0.025951,-0.002529,-0.011283,-0.0155,-0.024591,-0.073174,-0.086632,True,complete
main,2026-05-08,159611,电力ETF,HOLD,51.2,C,,R1,HOT,0,0,,,,,,,,C级品种，综合分51，观察但不配置,1.147,1.165,1.202,1.163,1.14,0.015693,0.047951,0.013949,-0.006103,0.068003,-0.022668,0.016406,0.025951,-0.002529,-0.011283,-0.000713,0.022,0.016478,0.00518,True,complete
main,2026-05-08,515850,证券ETF,HOLD,50.3,C,,R1,HOT,0,0,,,,,,,,C级品种，综合分50，观察但不配置,1.339,1.363,1.361,1.304,1.285,0.017924,0.01643,-0.026139,-0.040329,0.029873,-0.041075,0.016406,0.025951,-0.002529,-0.011283,0.001518,-0.009521,-0.02361,-0.029046,True,complete
main,2026-05-08,159915,创业板ETF,HOLD,49.5,C,,R1,HOT,0,0,,,,,,,,C级品种，综合分50，观察但不配置,3.806,3.947,4.048,3.97,3.91,0.037047,0.063584,0.04309,0.027325,0.078297,0.0,0.016406,0.025951,-0.002529,-0.011283,0.02064,0.037633,0.045619,0.038608,True,complete
main,2026-05-08,515450,红利低波50,HOLD,47.3,C,,R1,HOT,0,0,,,,,,,,C级品种，综合分47，观察但不配置,1.429,1.437,1.432,1.423,1.41,0.005598,0.002099,-0.004199,-0.013296,0.009797,-0.020294,0.016406,0.025951,-0.002529,-0.011283,-0.010808,-0.023851,-0.00167,-0.002013,True,complete
main,2026-05-08,601398,工商银行,AVOID,46.7,C,,R1,HOT,0,0,,,,,,,,政策/综合评分不足，禁止配置,7.291,7.301,7.23,7.24,7.22,0.001372,-0.008366,-0.006995,-0.009738,0.010972,-0.02894,0.016406,0.025951,-0.002529,-0.011283,-0.015035,-0.034317,-0.004466,0.001545,True,complete
main,2026-05-08,518880,黄金ETF,HOLD,44.3,C,,R1,HOT,0,0,,,,,,,,C级品种，综合分44，观察但不配置,9.88,9.774,9.804,9.554,9.46,-0.010729,-0.007692,-0.032996,-0.04251,0.002632,-0.055466,0.016406,0.025951,-0.002529,-0.011283,-0.027135,-0.033643,-0.030467,-0.031227,True,complete
main,2026-05-08,159567,港股创新药ETF,HOLD,43.6,C,,R1,HOT,0,0,,,,,,,,C级品种，综合分44，观察但不配置,0.75,0.751,0.732,0.699,0.69,0.001333,-0.024,-0.068,-0.08,0.009333,-0.105333,0.016406,0.025951,-0.002529,-0.011283,-0.015073,-0.049951,-0.065471,-0.068717,True,complete
main,2026-05-08,159275,农牧渔ETF,AVOID,42.7,C,,R1,HOT,0,0,,,,,,,,政策/综合评分不足，禁止配置,0.95,0.957,0.933,0.924,0.867,0.007368,-0.017895,-0.027368,-0.087368,0.014737,-0.091579,0.016406,0.025951,-0.002529,-0.011283,-0.009038,-0.043846,-0.02484,-0.076085,True,complete
main,2026-05-08,600036,招商银行,HOLD,40.4,C,,R1,HOT,0,0,,,,,,,,C级品种，综合分40，观察但不配置,37.94,37.97,37.88,37.65,37.24,0.000791,-0.001581,-0.007644,-0.01845,0.005271,-0.025567,0.016406,0.025951,-0.002529,-0.011283,-0.015616,-0.027532,-0.005115,-0.007167,True,complete
main,2026-05-08,159870,化工ETF,AVOID,37.2,D,,R1,HOT,0,0,,,,,,,,政策/综合评分不足，禁止配置,0.921,0.924,0.92,0.896,0.865,0.003257,-0.001086,-0.027144,-0.060803,0.009772,-0.073833,0.016406,0.025951,-0.002529,-0.011283,-0.013149,-0.027037,-0.024616,-0.04952,True,complete
main,2026-05-08,515220,煤炭ETF,AVOID,36.1,D,,R1,HOT,0,0,,,,,,,,政策/综合评分不足，禁止配置,1.246,1.252,1.228,1.231,1.17,0.004815,-0.014446,-0.012039,-0.060995,0.021669,-0.060995,0.016406,0.025951,-0.002529,-0.011283,-0.011591,-0.040397,-0.00951,-0.049712,True,complete
main,2026-05-08,600989,宝丰能源,AVOID,31.8,D,,R1,HOT,0,0,,,,,,,,政策/综合评分不足，禁止配置,27.62,28.34,28.47,28.48,26.25,0.026068,0.030775,0.031137,-0.049602,0.078928,-0.051774,0.016406,0.025951,-0.002529,-0.011283,0.009662,0.004824,0.033666,-0.038319,True,complete
main,2026-05-11,159206,卫星ETF,HOLD,70.8,A,,R1,COLD,1.9,8.0,,,,,,,,连涨5日+距MA5偏+4.8%，追高风险，等待回踩MA,2.031,1.974,1.89,1.867,,-0.028065,-0.069424,-0.080748,,-0.001477,-0.133924,-0.000765,-0.00752,-0.023894,,-0.0273,-0.061903,-0.056854,,True,pending
main,2026-05-11,562500,机器人ETF,HOLD,69.8,B,,R1,COLD,1.2,8.0,,,,,,,,观察中，暂不建仓,1.141,1.13,1.128,1.183,,-0.009641,-0.011394,0.03681,,0.080631,-0.018405,-0.000765,-0.00752,-0.023894,,-0.008875,-0.003873,0.060704,,False,pending
main,2026-05-11,512480,半导体ETF,HOLD,69.7,B,,R1,COLD,1.5,8.0,,,,,,,,观察中，暂不建仓,2.018,2.025,2.043,2.058,,0.003469,0.012389,0.019822,,0.138751,-0.028741,-0.000765,-0.00752,-0.023894,,0.004234,0.019909,0.043716,,False,pending
main,2026-05-11,002371,北方华创,HOLD,68.9,B,,R1,COLD,1.5,8.0,,,,,,,,观察中，暂不建仓,573.19,581.45,564.4,597.97,,0.014411,-0.015335,0.043232,,0.258919,-0.039585,-0.000765,-0.00752,-0.023894,,0.015176,-0.007815,0.067126,,False,pending
main,2026-05-11,159995,芯片ETF,HOLD,68.9,B,,R1,COLD,1.5,8.0,,,,,,,,观察中，暂不建仓,2.311,2.326,2.321,2.344,,0.006491,0.004327,0.01428,,0.150584,-0.03029,-0.000765,-0.00752,-0.023894,,0.007256,0.011848,0.038174,,False,pending
main,2026-05-11,159326,电网设备ETF,HOLD,68.4,B,,R1,COLD,1.9,8.0,,,,,,,,观察中，暂不建仓,2.091,2.135,2.111,2.086,,0.021043,0.009565,-0.002391,,0.054519,-0.034433,-0.000765,-0.00752,-0.023894,,0.021808,0.017085,0.021503,,False,pending
main,2026-05-11,300274,阳光电源,HOLD,66.3,B,,R1,COLD,1.5,8.0,,,,,,,,观察中，暂不建仓,143.355,139.85,135.03,152.25,,-0.02445,-0.058073,0.062049,,0.206794,-0.086045,-0.000765,-0.00752,-0.023894,,-0.023684,-0.050552,0.085943,,True,pending
main,2026-05-11,159667,工业母机ETF,HOLD,65.4,B,,R1,COLD,1.9,8.0,,,,,,,,观察中，暂不建仓,2.309,2.281,2.27,2.328,,-0.012126,-0.01689,0.008229,,0.059766,-0.039844,-0.000765,-0.00752,-0.023894,,-0.011361,-0.00937,0.032123,,False,pending
main,2026-05-11,562960,绿色电力ETF,HOLD,63.7,B,,R1,COLD,1.9,8.0,,,,,,,,观察中，暂不建仓,1.265,1.276,1.274,1.271,,0.008696,0.007115,0.004743,,0.053755,-0.025296,-0.000765,-0.00752,-0.023894,,0.009461,0.014635,0.028637,,False,pending
main,2026-05-11,516850,新能源ETF,HOLD,62.9,B,,R1,COLD,1.0,6.0,,,,,,,,观察中，暂不建仓,1.228,1.212,1.188,1.172,,-0.013029,-0.032573,-0.045603,,0.003257,-0.061889,-0.000765,-0.00752,-0.023894,,-0.012264,-0.025053,-0.021708,,True,pending
main,2026-05-11,159611,电力ETF,HOLD,62.1,B,,R1,COLD,1.9,8.0,,,,,,,,观察中，暂不建仓,1.165,1.177,1.173,1.168,,0.0103,0.006867,0.002575,,0.051502,-0.037768,-0.000765,-0.00752,-0.023894,,0.011066,0.014387,0.026469,,False,pending
main,2026-05-11,600900,长江电力,HOLD,60.5,B,,R1,COLD,0.9,6.0,,,,,,,,观察中，暂不建仓,27.01,27.04,26.94,26.89,,0.001111,-0.002592,-0.004443,,0.012588,-0.018882,-0.000765,-0.00752,-0.023894,,0.001876,0.004929,0.019451,,False,pending
main,2026-05-11,561980,半导体设备ETF,HOLD,47.0,C,,R1,COLD,0,0,,,,,,,,C级品种，综合分47，观察但不配置,2.835,2.89,2.891,3.003,,0.0194,0.019753,0.059259,,0.240212,-0.017284,-0.000765,-0.00752,-0.023894,,0.020166,0.027274,0.083153,,True,pending
main,2026-05-11,515450,红利低波50,HOLD,42.6,C,,R1,COLD,0,0,,,,,,,,C级品种，综合分43，观察但不配置,1.437,1.437,1.431,1.421,,0.0,-0.004175,-0.011134,,0.004175,-0.025748,-0.000765,-0.00752,-0.023894,,0.000765,0.003345,0.01276,,True,pending
main,2026-05-11,515880,通信ETF,HOLD,42.0,C,,R1,COLD,0,0,,,,,,,,C级品种，综合分42，观察但不配置,1.483,1.501,1.544,1.517,,0.012138,0.041133,0.022927,,0.072151,-0.031693,-0.000765,-0.00752,-0.023894,,0.012903,0.048653,0.046821,,True,pending
main,2026-05-11,588080,科创50ETF,HOLD,41.8,C,,R1,COLD,0,0,,,,,,,,C级品种，综合分42，观察但不配置,1.754,1.761,1.762,1.747,,0.003991,0.004561,-0.003991,,0.102052,-0.027936,-0.000765,-0.00752,-0.023894,,0.004756,0.012081,0.019903,,True,pending
main,2026-05-11,159909,TMT50ETF,HOLD,41.2,C,,R1,COLD,0,0,,,,,,,,C级品种，综合分41，观察但不配置,1.38,1.39,1.395,1.384,,0.007246,0.01087,0.002899,,0.049275,-0.032609,-0.000765,-0.00752,-0.023894,,0.008012,0.01839,0.026793,,True,pending
main,2026-05-11,561910,电池ETF,HOLD,41.1,C,,R1,COLD,0,0,,,,,,,,C级品种，综合分41，观察但不配置,0.978,0.964,0.936,0.954,,-0.014315,-0.042945,-0.02454,,0.02454,-0.05317,-0.000765,-0.00752,-0.023894,,-0.01355,-0.035424,-0.000646,,True,pending
main,2026-05-11,515790,光伏ETF,HOLD,40.8,C,,R1,COLD,0,0,,,,,,,,C级品种，综合分41，观察但不配置,1.123,1.122,1.128,1.101,,-0.00089,0.004452,-0.01959,,0.039181,-0.03829,-0.000765,-0.00752,-0.023894,,-0.000125,0.011973,0.004304,,True,pending
main,2026-05-11,600036,招商银行,AVOID,39.4,D,,R1,COLD,0,0,,,,,,,,政策/综合评分不足，禁止配置,37.97,37.9,37.81,37.47,,-0.001844,-0.004214,-0.013168,,0.004477,-0.026337,-0.000765,-0.00752,-0.023894,,-0.001078,0.003307,0.010726,,True,pending
main,2026-05-11,159915,创业板ETF,AVOID,37.7,D,,R1,COLD,0,0,,,,,,,,政策/综合评分不足，禁止配置,3.947,3.94,3.961,3.923,,-0.001773,0.003547,-0.006081,,0.039777,-0.032176,-0.000765,-0.00752,-0.023894,,-0.001008,0.011067,0.017814,,True,pending
main,2026-05-11,159715,稀土ETF,AVOID,37.6,D,,R1,COLD,0,0,,,,,,,,政策/综合评分不足，禁止配置,1.438,1.394,1.366,1.335,,-0.030598,-0.05007,-0.071627,,0.002782,-0.102921,-0.000765,-0.00752,-0.023894,,-0.029833,-0.042549,-0.047733,,True,pending
main,2026-05-11,159567,港股创新药ETF,AVOID,37.4,D,,R1,COLD,0,0,,,,,,,,政策/综合评分不足，禁止配置,0.751,0.743,0.714,0.684,,-0.010652,-0.049268,-0.089214,,0.006658,-0.106525,-0.000765,-0.00752,-0.023894,,-0.009887,-0.041747,-0.06532,,True,pending
main,2026-05-11,510050,上证50ETF,AVOID,37.3,D,,R1,COLD,0,0,,,,,,,,政策/综合评分不足，禁止配置,3.116,3.119,3.074,3.008,,0.000963,-0.013479,-0.03466,,0.005456,-0.043646,-0.000765,-0.00752,-0.023894,,0.001728,-0.005958,-0.010766,,True,pending
main,2026-05-11,510500,中证500ETF,AVOID,36.6,D,,R1,COLD,0,0,,,,,,,,政策/综合评分不足，禁止配置,8.912,8.862,8.772,8.631,,-0.00561,-0.015709,-0.031531,,0.015373,-0.048362,-0.000765,-0.00752,-0.023894,,-0.004845,-0.008189,-0.007636,,True,pending
main,2026-05-11,601398,工商银行,AVOID,36.4,D,,R1,COLD,0,0,,,,,,,,政策/综合评分不足，禁止配置,7.301,7.311,7.3,7.19,,0.00137,-0.000137,-0.015203,,0.009588,-0.03027,-0.000765,-0.00752,-0.023894,,0.002135,0.007383,0.008691,,True,pending
main,2026-05-11,512400,有色金属ETF,AVOID,36.3,D,,R1,COLD,0,0,,,,,,,,政策/综合评分不足，禁止配置,2.208,2.188,2.13,2.009,,-0.009058,-0.035326,-0.090127,,0.018569,-0.125453,-0.000765,-0.00752,-0.023894,,-0.008293,-0.027806,-0.066233,,True,pending
main,2026-05-11,515850,证券ETF,AVOID,36.1,D,,R1,COLD,0,0,,,,,,,,政策/综合评分不足，禁止配置,1.363,1.367,1.33,1.301,,0.002935,-0.024211,-0.045488,,0.011739,-0.05796,-0.000765,-0.00752,-0.023894,,0.0037,-0.016691,-0.021594,,True,pending
main,2026-05-11,159275,农牧渔ETF,AVOID,35.6,D,,R1,COLD,0,0,,,,,,,,政策/综合评分不足，禁止配置,0.957,0.941,0.936,0.903,,-0.016719,-0.021944,-0.056426,,0.001045,-0.098224,-0.000765,-0.00752,-0.023894,,-0.015954,-0.014423,-0.032532,,True,pending
main,2026-05-11,513180,恒生科技ETF,AVOID,35.4,D,,R1,COLD,0,0,,,,,,,,政策/综合评分不足，禁止配置,0.651,0.645,0.646,0.617,,-0.009217,-0.00768,-0.052227,,0.024578,-0.067588,-0.000765,-0.00752,-0.023894,,-0.008451,-0.00016,-0.028333,,True,pending
main,2026-05-11,518880,黄金ETF,AVOID,34.4,D,,R1,COLD,0,0,,,,,,,,政策/综合评分不足，禁止配置,9.774,9.806,9.795,9.513,,0.003274,0.002149,-0.026703,,0.013505,-0.045222,-0.000765,-0.00752,-0.023894,,0.004039,0.009669,-0.002809,,True,pending
main,2026-05-11,159941,纳指ETF,AVOID,33.7,D,,R1,COLD,0,0,,,,,,,,政策/综合评分不足，禁止配置,1.577,1.558,1.577,1.524,,-0.012048,0.0,-0.033608,,0.008878,-0.046925,-0.000765,-0.00752,-0.023894,,-0.011283,0.00752,-0.009714,,True,pending
main,2026-05-11,600989,宝丰能源,AVOID,31.8,D,,R1,COLD,0,0,,,,,,,,政策/综合评分不足，禁止配置,28.34,28.13,28.32,29.23,,-0.00741,-0.000706,0.031404,,0.051517,-0.075865,-0.000765,-0.00752,-0.023894,,-0.006645,0.006815,0.055299,,True,pending
main,2026-05-11,515220,煤炭ETF,AVOID,29.9,D,,R1,COLD,0,0,,,,,,,,政策/综合评分不足，禁止配置,1.252,1.239,1.212,1.252,,-0.010383,-0.031949,0.0,,0.008786,-0.065495,-0.000765,-0.00752,-0.023894,,-0.009618,-0.024428,0.023894,,True,pending
main,2026-05-11,159870,化工ETF,AVOID,29.1,D,,R1,COLD,0,0,,,,,,,,政策/综合评分不足，禁止配置,0.924,0.918,0.896,0.878,,-0.006494,-0.030303,-0.049784,,0.003247,-0.07684,-0.000765,-0.00752,-0.023894,,-0.005728,-0.022783,-0.025889,,True,pending
main,2026-05-12,512480,半导体ETF,HOLD,74.0,A,,R1,HOT,2.4,8.0,,,,,,,,择时拦截：市场HOT+连涨1日+距MA5偏离+5.1%，等回落再介入,2.025,2.088,2.035,2.131,,0.031111,0.004938,0.052346,,0.134815,-0.032099,0.010164,-0.017878,-0.019234,,0.020948,0.022816,0.07158,,False,pending
main,2026-05-12,159995,芯片ETF,HOLD,72.8,A,,R1,HOT,2.4,8.0,,,,,,,,择时拦截：市场HOT+连涨1日+距MA5偏离+5.1%，等回落再介入,2.326,2.384,2.315,2.43,,0.024936,-0.004729,0.044712,,0.143164,-0.036543,0.010164,-0.017878,-0.019234,,0.014772,0.013149,0.063946,,False,pending
main,2026-05-12,002371,北方华创,HOLD,72.3,A,,R1,HOT,2.4,8.0,,,,,,,,择时拦截：市场HOT+连涨1日+距MA5偏离+4.3%，等回落再介入,581.45,581.0,592.0,619.7,,-0.000774,0.018144,0.065784,,0.241035,-0.053229,0.010164,-0.017878,-0.019234,,-0.010938,0.036022,0.085018,,False,pending
main,2026-05-12,159206,卫星ETF,HOLD,70.5,A,,R1,HOT,1.9,8.0,,,,,,,,择时拦截：市场HOT+连涨6日+距MA5偏离+4.8%，等回落再介入,1.974,2.0,1.836,1.846,,0.013171,-0.069909,-0.064843,,0.018744,-0.108916,0.010164,-0.017878,-0.019234,,0.003008,-0.052031,-0.045609,,True,pending
main,2026-05-12,561980,半导体设备ETF,HOLD,70.5,A,,R1,HOT,2.4,8.0,,,,,,,,择时拦截：市场HOT+连涨1日+距MA5偏离+4.6%，等回落再介入,2.89,2.987,2.992,3.185,,0.033564,0.035294,0.102076,,0.216609,-0.030796,0.010164,-0.017878,-0.019234,,0.0234,0.053172,0.12131,,False,pending
main,2026-05-12,159326,电网设备ETF,HOLD,69.8,B,,R1,HOT,1.9,8.0,,,,,,,,观察中，暂不建仓,2.135,2.189,2.042,2.134,,0.025293,-0.04356,-0.000468,,0.032787,-0.054333,0.010164,-0.017878,-0.019234,,0.015129,-0.025682,0.018765,,False,pending
main,2026-05-12,588080,科创50ETF,HOLD,68.3,B,,R1,HOT,1.0,6.0,,,,,,,,观察中，暂不建仓,1.761,1.808,1.733,1.815,,0.026689,-0.0159,0.030664,,0.097672,-0.0318,0.010164,-0.017878,-0.019234,,0.016526,0.001978,0.049898,,False,pending
main,2026-05-12,562500,机器人ETF,HOLD,67.0,B,,R1,HOT,1.2,8.0,,,,,,,,观察中，暂不建仓,1.13,1.156,1.164,1.198,,0.023009,0.030088,0.060177,,0.09115,-0.00885,0.010164,-0.017878,-0.019234,,0.012845,0.047966,0.079411,,False,pending
main,2026-05-12,300274,阳光电源,HOLD,66.1,B,,R1,HOT,1.5,8.0,,,,,,,,观察中，暂不建仓,139.85,142.65,152.95,157.38,,0.020021,0.093672,0.125349,,0.23704,-0.063139,0.010164,-0.017878,-0.019234,,0.009858,0.11155,0.144582,,False,pending
main,2026-05-12,159909,TMT50ETF,HOLD,64.2,B,,R1,HOT,1.0,6.0,,,,,,,,观察中，暂不建仓,1.39,1.43,1.374,1.388,,0.028777,-0.011511,-0.001439,,0.041727,-0.039568,0.010164,-0.017878,-0.019234,,0.018613,0.006367,0.017795,,False,pending
main,2026-05-12,515790,光伏ETF,HOLD,64.1,B,,R1,HOT,1.0,6.0,,,,,,,,观察中，暂不建仓,1.122,1.146,1.108,1.117,,0.02139,-0.012478,-0.004456,,0.040107,-0.037433,0.010164,-0.017878,-0.019234,,0.011227,0.0054,0.014778,,False,pending
main,2026-05-12,159915,创业板ETF,HOLD,62.8,B,,R1,HOT,1.0,6.0,,,,,,,,观察中，暂不建仓,3.94,4.048,3.97,3.922,,0.027411,0.007614,-0.004569,,0.041624,-0.030457,0.010164,-0.017878,-0.019234,,0.017248,0.025492,0.014665,,False,pending
main,2026-05-12,515880,通信ETF,HOLD,61.2,B,,R1,HOT,1.5,8.0,,,,,,,,观察中，暂不建仓,1.501,1.557,1.5,1.511,,0.037308,-0.000666,0.006662,,0.059294,-0.043304,0.010164,-0.017878,-0.019234,,0.027145,0.017212,0.025896,,False,pending
main,2026-05-12,159667,工业母机ETF,HOLD,60.5,B,,R1,HOT,1.9,8.0,,,,,,,,观察中，暂不建仓,2.281,2.334,2.289,2.35,,0.023235,0.003507,0.03025,,0.072775,-0.028058,0.010164,-0.017878,-0.019234,,0.013072,0.021385,0.049484,,False,pending
main,2026-05-12,562960,绿色电力ETF,HOLD,60.2,B,,R1,HOT,1.9,8.0,,,,,,,,观察中，暂不建仓,1.276,1.309,1.263,1.319,,0.025862,-0.010188,0.033699,,0.044671,-0.033699,0.010164,-0.017878,-0.019234,,0.015698,0.00769,0.052933,,False,pending
main,2026-05-12,159715,稀土ETF,HOLD,59.5,B,,R1,HOT,0.8,6.0,,,,,,,,观察中，暂不建仓,1.394,1.414,1.355,1.317,,0.014347,-0.027977,-0.055237,,0.015782,-0.074605,0.010164,-0.017878,-0.019234,,0.004184,-0.010099,-0.036003,,True,pending
main,2026-05-12,510500,中证500ETF,HOLD,58.7,B,,R1,HOT,1.0,6.0,,,,,,,,观察中，暂不建仓,8.862,9.009,8.612,8.703,,0.016588,-0.02821,-0.017942,,0.021101,-0.042993,0.010164,-0.017878,-0.019234,,0.006424,-0.010333,0.001292,,False,pending
main,2026-05-12,159611,电力ETF,HOLD,56.4,B,,R1,HOT,1.9,8.0,,,,,,,,观察中，暂不建仓,1.177,1.202,1.163,1.215,,0.02124,-0.011895,0.032285,,0.040782,-0.047579,0.010164,-0.017878,-0.019234,,0.011077,0.005983,0.051519,,False,pending
main,2026-05-12,600900,长江电力,HOLD,56.2,B,,R1,HOT,0.9,6.0,,,,,,,,观察中，暂不建仓,27.04,27.0,27.03,27.25,,-0.001479,-0.00037,0.007766,,0.011464,-0.01997,0.010164,-0.017878,-0.019234,,-0.011643,0.017508,0.027,,False,pending
main,2026-05-12,516850,新能源ETF,HOLD,55.9,B,,R1,HOT,1.0,6.0,,,,,,,,观察中，暂不建仓,1.212,1.221,1.175,1.175,,0.007426,-0.030528,-0.030528,,0.014851,-0.049505,0.010164,-0.017878,-0.019234,,-0.002738,-0.01265,-0.011294,,False,pending
main,2026-05-12,510050,上证50ETF,HOLD,54.8,C,,R1,HOT,0,0,,,,,,,,C级品种，综合分55，观察但不配置,3.119,3.123,3.035,3.026,,0.001282,-0.026932,-0.029817,,0.004489,-0.044566,0.010164,-0.017878,-0.019234,,-0.008881,-0.009054,-0.010583,,True,pending
main,2026-05-12,561910,电池ETF,HOLD,53.3,C,,R1,HOT,0,0,,,,,,,,C级品种，综合分53，观察但不配置,0.964,0.97,0.948,0.955,,0.006224,-0.016598,-0.009336,,0.039419,-0.039419,0.010164,-0.017878,-0.019234,,-0.00394,0.00128,0.009898,,True,pending
main,2026-05-12,515450,红利低波50,HOLD,52.1,C,,R1,HOT,0,0,,,,,,,,C级品种，综合分52，观察但不配置,1.437,1.432,1.423,1.437,,-0.003479,-0.009743,0.0,,0.002088,-0.025748,0.010164,-0.017878,-0.019234,,-0.013643,0.008135,0.019234,,True,pending
main,2026-05-12,159941,纳指ETF,HOLD,51.4,C,,R1,HOT,0,0,,,,,,,,C级品种，综合分51，观察但不配置,1.558,1.571,1.564,1.52,,0.008344,0.003851,-0.02439,,0.021181,-0.035302,0.010164,-0.017878,-0.019234,,-0.00182,0.021729,-0.005156,,True,pending
main,2026-05-12,515850,证券ETF,HOLD,50.6,C,,R1,HOT,0,0,,,,,,,,C级品种，综合分51，观察但不配置,1.367,1.361,1.304,1.313,,-0.004389,-0.046086,-0.039503,,0.002195,-0.060717,0.010164,-0.017878,-0.019234,,-0.014553,-0.028209,-0.020269,,True,pending
main,2026-05-12,601398,工商银行,AVOID,50.0,C,,R1,HOT,0,0,,,,,,,,政策/综合评分不足，禁止配置,7.311,7.23,7.24,7.26,,-0.011079,-0.009711,-0.006976,,0.005334,-0.031596,0.010164,-0.017878,-0.019234,,-0.021243,0.008166,0.012258,,True,pending
main,2026-05-12,512400,有色金属ETF,HOLD,49.9,C,,R1,HOT,0,0,,,,,,,,C级品种，综合分50，观察但不配置,2.188,2.209,2.039,1.981,,0.009598,-0.068099,-0.094607,,0.017367,-0.117459,0.010164,-0.017878,-0.019234,,-0.000566,-0.050221,-0.075373,,True,pending
main,2026-05-12,513180,恒生科技ETF,HOLD,48.0,C,,R1,HOT,0,0,,,,,,,,C级品种，综合分48，观察但不配置,0.645,0.646,0.629,0.62,,0.00155,-0.024806,-0.03876,,0.034109,-0.058915,0.010164,-0.017878,-0.019234,,-0.008613,-0.006928,-0.019526,,True,pending
main,2026-05-12,600036,招商银行,HOLD,44.9,C,,R1,HOT,0,0,,,,,,,,C级品种，综合分45，观察但不配置,37.9,37.88,37.65,37.37,,-0.000528,-0.006596,-0.013984,,0.005013,-0.024538,0.010164,-0.017878,-0.019234,,-0.010691,0.011281,0.00525,,True,pending
main,2026-05-12,159275,农牧渔ETF,AVOID,42.4,C,,R1,HOT,0,0,,,,,,,,政策/综合评分不足，禁止配置,0.941,0.933,0.924,0.903,,-0.008502,-0.018066,-0.040383,,0.004251,-0.082891,0.010164,-0.017878,-0.019234,,-0.018665,-0.000188,-0.021149,,True,pending
main,2026-05-12,159567,港股创新药ETF,HOLD,40.5,C,,R1,HOT,0,0,,,,,,,,C级品种，综合分40，观察但不配置,0.743,0.732,0.699,0.681,,-0.014805,-0.059219,-0.083445,,0.006729,-0.096904,0.010164,-0.017878,-0.019234,,-0.024968,-0.041342,-0.064212,,True,pending
main,2026-05-12,518880,黄金ETF,AVOID,39.2,D,,R1,HOT,0,0,,,,,,,,政策/综合评分不足，禁止配置,9.806,9.804,9.554,9.515,,-0.000204,-0.025699,-0.029676,,0.002855,-0.048338,0.010164,-0.017878,-0.019234,,-0.010368,-0.007821,-0.010442,,True,pending
main,2026-05-12,159870,化工ETF,AVOID,37.1,D,,R1,HOT,0,0,,,,,,,,政策/综合评分不足，禁止配置,0.918,0.92,0.896,0.868,,0.002179,-0.023965,-0.054466,,0.009804,-0.070806,0.010164,-0.017878,-0.019234,,-0.007985,-0.006087,-0.035232,,True,pending
main,2026-05-12,515220,煤炭ETF,AVOID,34.4,D,,R1,HOT,0,0,,,,,,,,政策/综合评分不足，禁止配置,1.239,1.228,1.231,1.249,,-0.008878,-0.006457,0.008071,,0.01937,-0.05569,0.010164,-0.017878,-0.019234,,-0.019042,0.011421,0.027305,,True,pending
main,2026-05-12,600989,宝丰能源,AVOID,33.9,D,,R1,HOT,0,0,,,,,,,,政策/综合评分不足，禁止配置,28.13,28.47,28.48,28.09,,0.012087,0.012442,-0.001422,,0.059367,-0.068966,0.010164,-0.017878,-0.019234,,0.001923,0.03032,0.017812,,True,pending
main,2026-05-13,159995,芯片ETF,HOLD,71.6,A,,R1,WARM,2.4,8.0,,,,,,,,连涨2日+距MA5偏+3.4%，追高风险，等待回踩MA,2.384,2.321,2.344,2.547,,-0.026426,-0.016779,0.068372,,0.115352,-0.057047,-0.016754,-0.032975,-0.029538,,-0.009673,0.016196,0.09791,,False,pending
main,2026-05-13,159326,电网设备ETF,BUY_WATCH,71.0,A,,R1,WARM,3.0,8.0,,,,,,,,A级，等待技术面确认（均线/量能） ⚠️连涨2日(+2.8%),2.189,2.111,2.086,2.147,,-0.035633,-0.047053,-0.019187,,0.007309,-0.077661,-0.016754,-0.032975,-0.029538,,-0.018879,-0.014079,0.010351,,False,pending
main,2026-05-13,561980,半导体设备ETF,HOLD,70.6,A,,R1,WARM,2.4,8.0,,,,,,,,连涨2日+距MA5偏+4.4%，追高风险，等待回踩MA,2.987,2.891,3.003,3.358,,-0.032139,0.005357,0.124205,,0.177101,-0.061935,-0.016754,-0.032975,-0.029538,,-0.015386,0.038331,0.153743,,False,pending
main,2026-05-13,159206,卫星ETF,HOLD,69.6,B,,R1,WARM,1.2,8.0,,,,,,,,观察中，暂不建仓,2.0,1.89,1.867,1.843,,-0.055,-0.0665,-0.0785,,0.0055,-0.1205,-0.016754,-0.032975,-0.029538,,-0.038246,-0.033525,-0.048962,,True,pending
main,2026-05-13,562500,机器人ETF,HOLD,66.4,B,,R1,WARM,1.2,8.0,,,,,,,,观察中，暂不建仓,1.156,1.128,1.183,1.193,,-0.024221,0.023356,0.032007,,0.066609,-0.031142,-0.016754,-0.032975,-0.029538,,-0.007468,0.056331,0.061545,,False,pending
main,2026-05-13,562960,绿色电力ETF,HOLD,65.1,B,,R1,WARM,1.9,8.0,,,,,,,,观察中，暂不建仓,1.309,1.274,1.271,1.259,,-0.026738,-0.02903,-0.038197,,0.018335,-0.05806,-0.016754,-0.032975,-0.029538,,-0.009984,0.003945,-0.008659,,False,pending
main,2026-05-13,002371,北方华创,HOLD,64.6,B,,R1,WARM,1.5,8.0,,,,,,,,观察中，暂不建仓,581.0,564.4,597.97,656.0,,-0.028571,0.029208,0.129088,,0.241997,-0.04475,-0.016754,-0.032975,-0.029538,,-0.011818,0.062183,0.158626,,False,pending
main,2026-05-13,159611,电力ETF,HOLD,63.6,B,,R1,WARM,1.9,8.0,,,,,,,,观察中，暂不建仓,1.202,1.173,1.168,1.155,,-0.024126,-0.028286,-0.039101,,0.019135,-0.067388,-0.016754,-0.032975,-0.029538,,-0.007373,0.004689,-0.009564,,False,pending
main,2026-05-13,159667,工业母机ETF,HOLD,63.1,B,,R1,WARM,1.9,8.0,,,,,,,,观察中，暂不建仓,2.334,2.27,2.328,2.374,,-0.027421,-0.002571,0.017138,,0.048415,-0.050129,-0.016754,-0.032975,-0.029538,,-0.010667,0.030404,0.046676,,False,pending
main,2026-05-13,515880,通信ETF,HOLD,62.3,B,,R1,WARM,1.5,8.0,,,,,,,,观察中，暂不建仓,1.557,1.544,1.517,1.517,,-0.008349,-0.02569,-0.02569,,0.021195,-0.077714,-0.016754,-0.032975,-0.029538,,0.008404,0.007285,0.003847,,False,pending
main,2026-05-13,512480,半导体ETF,HOLD,60.4,B,,R1,WARM,1.5,8.0,,,,,,,,观察中，暂不建仓,2.088,2.043,2.058,2.227,,-0.021552,-0.014368,0.066571,,0.100575,-0.050766,-0.016754,-0.032975,-0.029538,,-0.004798,0.018607,0.096109,,False,pending
main,2026-05-13,515790,光伏ETF,HOLD,60.0,B,,R1,WARM,1.0,6.0,,,,,,,,观察中，暂不建仓,1.146,1.128,1.101,1.126,,-0.015707,-0.039267,-0.017452,,0.018325,-0.057592,-0.016754,-0.032975,-0.029538,,0.001047,-0.006292,0.012086,,False,pending
main,2026-05-13,159909,TMT50ETF,HOLD,58.1,B,,R1,WARM,1.0,6.0,,,,,,,,观察中，暂不建仓,1.43,1.395,1.384,1.393,,-0.024476,-0.032168,-0.025874,,0.012587,-0.066434,-0.016754,-0.032975,-0.029538,,-0.007722,0.000807,0.003664,,True,pending
main,2026-05-13,588080,科创50ETF,HOLD,54.4,C,,R1,WARM,0,0,,,,,,,,C级品种，综合分54，观察但不配置,1.808,1.762,1.747,1.87,,-0.025442,-0.033739,0.034292,,0.069137,-0.056969,-0.016754,-0.032975,-0.029538,,-0.008689,-0.000764,0.06383,,True,pending
main,2026-05-13,159915,创业板ETF,HOLD,52.0,C,,R1,WARM,0,0,,,,,,,,C级品种，综合分52，观察但不配置,4.048,3.961,3.923,3.932,,-0.021492,-0.030879,-0.028656,,0.013834,-0.056324,-0.016754,-0.032975,-0.029538,,-0.004739,0.002096,0.000882,,True,pending
main,2026-05-13,159715,稀土ETF,HOLD,51.7,C,,R1,WARM,0,0,,,,,,,,C级品种，综合分52，观察但不配置,1.414,1.366,1.335,1.332,,-0.033946,-0.05587,-0.057992,,0.001414,-0.087694,-0.016754,-0.032975,-0.029538,,-0.017193,-0.022895,-0.028454,,True,pending
main,2026-05-13,561910,电池ETF,HOLD,51.4,C,,R1,WARM,0,0,,,,,,,,C级品种，综合分51，观察但不配置,0.97,0.936,0.954,0.984,,-0.035052,-0.016495,0.014433,,0.03299,-0.045361,-0.016754,-0.032975,-0.029538,,-0.018298,0.01648,0.043971,,True,pending
main,2026-05-13,515850,证券ETF,HOLD,51.4,C,,R1,WARM,0,0,,,,,,,,C级品种，综合分51，观察但不配置,1.361,1.33,1.301,1.304,,-0.022777,-0.044085,-0.041881,,0.006613,-0.056576,-0.016754,-0.032975,-0.029538,,-0.006024,-0.01111,-0.012343,,True,pending
main,2026-05-13,516850,新能源ETF,HOLD,50.8,C,,R1,WARM,0,0,,,,,,,,C级品种，综合分51，观察但不配置,1.221,1.188,1.172,1.188,,-0.027027,-0.040131,-0.027027,,0.007371,-0.056511,-0.016754,-0.032975,-0.029538,,-0.010273,-0.007156,0.002511,,True,pending
main,2026-05-13,513180,恒生科技ETF,HOLD,47.2,C,,R1,WARM,0,0,,,,,,,,C级品种，综合分47，观察但不配置,0.646,0.646,0.617,0.621,,0.0,-0.044892,-0.0387,,0.032508,-0.060372,-0.016754,-0.032975,-0.029538,,0.016754,-0.011917,-0.009162,,True,pending
main,2026-05-13,159941,纳指ETF,HOLD,47.1,C,,R1,WARM,0,0,,,,,,,,C级品种，综合分47，观察但不配置,1.571,1.577,1.524,1.533,,0.003819,-0.029917,-0.024188,,0.012731,-0.043285,-0.016754,-0.032975,-0.029538,,0.020573,0.003058,0.005349,,True,pending
main,2026-05-13,300274,阳光电源,HOLD,45.6,C,,R1,WARM,0,0,,,,,,,,C级品种，综合分46，观察但不配置,142.65,135.03,152.25,167.2,,-0.053417,0.067298,0.1721,,0.212758,-0.081528,-0.016754,-0.032975,-0.029538,,-0.036664,0.100273,0.201637,,True,pending
main,2026-05-13,515450,红利低波50,HOLD,45.6,C,,R1,WARM,0,0,,,,,,,,C级品种，综合分46，观察但不配置,1.432,1.431,1.421,1.422,,-0.000698,-0.007682,-0.006983,,0.005587,-0.022346,-0.016754,-0.032975,-0.029538,,0.016055,0.025293,0.022555,,True,pending
main,2026-05-13,510500,中证500ETF,HOLD,44.9,C,,R1,WARM,0,0,,,,,,,,C级品种，综合分45，观察但不配置,9.009,8.772,8.631,8.748,,-0.026307,-0.041958,-0.028971,,0.00444,-0.058608,-0.016754,-0.032975,-0.029538,,-0.009553,-0.008983,0.000567,,True,pending
main,2026-05-13,601398,工商银行,AVOID,44.6,C,,R1,WARM,0,0,,,,,,,,政策/综合评分不足，禁止配置,7.23,7.3,7.19,7.13,,0.009682,-0.005533,-0.013831,,0.016598,-0.020747,-0.016754,-0.032975,-0.029538,,0.026435,0.027442,0.015707,,True,pending
main,2026-05-13,600900,长江电力,HOLD,43.5,C,,R1,WARM,0,0,,,,,,,,C级品种，综合分44，观察但不配置,27.0,26.94,26.89,26.9,,-0.002222,-0.004074,-0.003704,,0.012963,-0.018519,-0.016754,-0.032975,-0.029538,,0.014531,0.028901,0.025834,,True,pending
main,2026-05-13,510050,上证50ETF,HOLD,43.0,C,,R1,WARM,0,0,,,,,,,,C级品种，综合分43，观察但不配置,3.123,3.074,3.008,3.029,,-0.01569,-0.036824,-0.030099,,0.003202,-0.045789,-0.016754,-0.032975,-0.029538,,0.001064,-0.003849,-0.000561,,True,pending
main,2026-05-13,512400,有色金属ETF,HOLD,40.2,C,,R1,WARM,0,0,,,,,,,,C级品种，综合分40，观察但不配置,2.209,2.13,2.009,1.985,,-0.035763,-0.090539,-0.101403,,0.0,-0.125849,-0.016754,-0.032975,-0.029538,,-0.019009,-0.057564,-0.071866,,True,pending
main,2026-05-13,600036,招商银行,AVOID,39.0,D,,R1,WARM,0,0,,,,,,,,政策/综合评分不足，禁止配置,37.88,37.81,37.47,37.17,,-0.001848,-0.010824,-0.018743,,0.003696,-0.024023,-0.016754,-0.032975,-0.029538,,0.014906,0.022151,0.010794,,True,pending
main,2026-05-13,159275,农牧渔ETF,AVOID,38.2,D,,R1,WARM,0,0,,,,,,,,政策/综合评分不足，禁止配置,0.933,0.936,0.903,0.89,,0.003215,-0.032154,-0.046088,,0.012862,-0.075027,-0.016754,-0.032975,-0.029538,,0.019969,0.000821,-0.01655,,True,pending
main,2026-05-13,159567,港股创新药ETF,AVOID,36.3,D,,R1,WARM,0,0,,,,,,,,政策/综合评分不足，禁止配置,0.732,0.714,0.684,0.675,,-0.02459,-0.065574,-0.077869,,0.009563,-0.083333,-0.016754,-0.032975,-0.029538,,-0.007837,-0.032599,-0.048331,,True,pending
main,2026-05-13,518880,黄金ETF,AVOID,34.8,D,,R1,WARM,0,0,,,,,,,,政策/综合评分不足，禁止配置,9.804,9.795,9.513,9.367,,-0.000918,-0.029682,-0.044574,,-0.000204,-0.048144,-0.016754,-0.032975,-0.029538,,0.015836,0.003293,-0.015036,,True,pending
main,2026-05-13,159870,化工ETF,AVOID,29.2,D,,R1,WARM,0,0,,,,,,,,政策/综合评分不足，禁止配置,0.92,0.896,0.878,0.881,,-0.026087,-0.045652,-0.042391,,0.007609,-0.072826,-0.016754,-0.032975,-0.029538,,-0.009333,-0.012677,-0.012853,,True,pending
main,2026-05-13,600989,宝丰能源,AVOID,27.1,D,,R1,WARM,0,0,,,,,,,,政策/综合评分不足，禁止配置,28.47,28.32,29.23,27.59,,-0.005269,0.026695,-0.03091,,0.046716,-0.080084,-0.016754,-0.032975,-0.029538,,0.011485,0.05967,-0.001372,,True,pending
main,2026-05-13,515220,煤炭ETF,AVOID,26.1,D,,R1,WARM,0,0,,,,,,,,政策/综合评分不足，禁止配置,1.228,1.212,1.252,1.229,,-0.013029,0.019544,0.000814,,0.028502,-0.047231,-0.016754,-0.032975,-0.029538,,0.003724,0.052519,0.030352,,True,pending
main,2026-05-14,561980,半导体设备ETF,BUY_WATCH,72.1,A,,R1,WARM,2.4,8.0,,,,,,,,A级，可择机建仓 ⚠️连涨0日(+1.3%),2.891,2.992,3.185,3.199,,0.034936,0.101695,0.106538,,0.216188,-0.030785,-0.011193,-0.012558,-0.026757,,0.046129,0.114253,0.133295,,False,pending
main,2026-05-14,512480,半导体ETF,BUY_WATCH,70.9,A,,R1,WARM,2.4,8.0,,,,,,,,A级，可择机建仓 ⚠️连涨0日(+1.4%),2.043,2.035,2.131,2.132,,-0.003916,0.043074,0.043563,,0.124816,-0.029858,-0.011193,-0.012558,-0.026757,,0.007277,0.055632,0.07032,,False,pending
main,2026-05-14,515880,通信ETF,BUY_WATCH,70.9,A,,R1,WARM,2.4,8.0,,,,,,,,A级，可择机建仓 ⚠️连涨0日(+2.7%),1.544,1.5,1.511,1.44,,-0.028497,-0.021373,-0.067358,,0.013601,-0.069948,-0.011193,-0.012558,-0.026757,,-0.017304,-0.008815,-0.040601,,False,pending
main,2026-05-14,159995,芯片ETF,BUY_WATCH,70.1,A,,R1,WARM,2.4,8.0,,,,,,,,A级，可择机建仓 ⚠️连涨0日(+0.8%),2.321,2.315,2.43,2.477,,-0.002585,0.046963,0.067212,,0.145627,-0.031452,-0.011193,-0.012558,-0.026757,,0.008608,0.059521,0.093969,,False,pending
main,2026-05-14,159909,TMT50ETF,HOLD,66.6,B,,R1,WARM,1.0,6.0,,,,,,,,观察中，暂不建仓,1.395,1.374,1.388,1.356,,-0.015054,-0.005018,-0.027957,,0.032258,-0.043011,-0.011193,-0.012558,-0.026757,,-0.003861,0.007541,-0.0012,,False,pending
main,2026-05-14,002371,北方华创,HOLD,65.5,B,,R1,WARM,1.5,8.0,,,,,,,,观察中，暂不建仓,564.4,592.0,619.7,662.99,,0.048901,0.09798,0.174681,,0.278526,-0.016655,-0.011193,-0.012558,-0.026757,,0.060095,0.110539,0.201438,,False,pending
main,2026-05-14,159326,电网设备ETF,HOLD,65.0,B,,R1,WARM,1.9,8.0,,,,,,,,观察中，暂不建仓,2.111,2.042,2.134,2.042,,-0.032686,0.010895,-0.032686,,0.018475,-0.043581,-0.011193,-0.012558,-0.026757,,-0.021493,0.023454,-0.005929,,False,pending
main,2026-05-14,588080,科创50ETF,HOLD,64.0,B,,R1,WARM,1.0,6.0,,,,,,,,观察中，暂不建仓,1.762,1.733,1.815,1.804,,-0.016459,0.030079,0.023837,,0.097049,-0.03235,-0.011193,-0.012558,-0.026757,,-0.005265,0.042638,0.050594,,False,pending
main,2026-05-14,159667,工业母机ETF,HOLD,63.4,B,,R1,WARM,1.9,8.0,,,,,,,,观察中，暂不建仓,2.27,2.289,2.35,2.345,,0.00837,0.035242,0.03304,,0.077974,-0.023348,-0.011193,-0.012558,-0.026757,,0.019563,0.047801,0.059797,,False,pending
main,2026-05-14,562500,机器人ETF,HOLD,61.9,B,,R1,WARM,1.2,8.0,,,,,,,,观察中，暂不建仓,1.128,1.164,1.198,1.187,,0.031915,0.062057,0.052305,,0.093085,-0.007092,-0.011193,-0.012558,-0.026757,,0.043108,0.074615,0.079062,,False,pending
main,2026-05-14,159915,创业板ETF,HOLD,61.2,B,,R1,WARM,1.0,6.0,,,,,,,,观察中，暂不建仓,3.961,3.97,3.922,3.846,,0.002272,-0.009846,-0.029033,,0.017167,-0.035597,-0.011193,-0.012558,-0.026757,,0.013465,0.002713,-0.002276,,False,pending
main,2026-05-14,159206,卫星ETF,HOLD,60.4,B,,R1,WARM,1.2,8.0,,,,,,,,观察中，暂不建仓,1.89,1.836,1.846,1.774,,-0.028571,-0.02328,-0.061376,,0.010582,-0.069312,-0.011193,-0.012558,-0.026757,,-0.017378,-0.010722,-0.034619,,False,pending
main,2026-05-14,562960,绿色电力ETF,HOLD,59.8,B,,R1,WARM,1.9,8.0,,,,,,,,观察中，暂不建仓,1.274,1.263,1.319,1.24,,-0.008634,0.035322,-0.026688,,0.040031,-0.032182,-0.011193,-0.012558,-0.026757,,0.002559,0.04788,6.9e-05,,False,pending
main,2026-05-14,159611,电力ETF,HOLD,59.0,B,,R1,WARM,1.9,8.0,,,,,,,,观察中，暂不建仓,1.173,1.163,1.215,1.137,,-0.008525,0.035806,-0.030691,,0.040921,-0.044331,-0.011193,-0.012558,-0.026757,,0.002668,0.048364,-0.003934,,False,pending
main,2026-05-14,515790,光伏ETF,HOLD,57.6,B,,R1,WARM,1.0,6.0,,,,,,,,观察中，暂不建仓,1.128,1.108,1.117,1.093,,-0.01773,-0.009752,-0.031028,,0.015071,-0.042553,-0.011193,-0.012558,-0.026757,,-0.006537,0.002807,-0.004271,,False,pending
main,2026-05-14,600900,长江电力,HOLD,55.4,B,,R1,WARM,0.9,6.0,,,,,,,,观察中，暂不建仓,26.94,27.03,27.25,26.66,,0.003341,0.011507,-0.010393,,0.015219,-0.016333,-0.011193,-0.012558,-0.026757,,0.014534,0.024066,0.016364,,False,pending
main,2026-05-14,159941,纳指ETF,HOLD,55.4,B,,R1,WARM,1.0,6.0,,,,,,,,观察中，暂不建仓,1.577,1.564,1.52,1.561,,-0.008244,-0.036145,-0.010146,,0.008244,-0.046925,-0.011193,-0.012558,-0.026757,,0.00295,-0.023586,0.016611,,False,pending
main,2026-05-14,515450,红利低波50,HOLD,54.4,C,,R1,WARM,0,0,,,,,,,,C级品种，综合分54，观察但不配置,1.431,1.423,1.437,1.415,,-0.00559,0.004193,-0.011181,,0.006289,-0.021663,-0.011193,-0.012558,-0.026757,,0.005603,0.016751,0.015576,,True,pending
main,2026-05-14,601398,工商银行,AVOID,52.5,C,,R1,WARM,0,0,,,,,,,,政策/综合评分不足，禁止配置,7.3,7.24,7.26,7.15,,-0.008219,-0.005479,-0.020548,,0.005479,-0.030137,-0.011193,-0.012558,-0.026757,,0.002974,0.007079,0.006209,,True,pending
main,2026-05-14,510500,中证500ETF,HOLD,52.4,C,,R1,WARM,0,0,,,,,,,,C级品种，综合分52，观察但不配置,8.772,8.612,8.703,8.503,,-0.01824,-0.007866,-0.030666,,0.01311,-0.033174,-0.011193,-0.012558,-0.026757,,-0.007047,0.004693,-0.003909,,True,pending
main,2026-05-14,510050,上证50ETF,HOLD,48.5,C,,R1,WARM,0,0,,,,,,,,C级品种，综合分48，观察但不配置,3.074,3.035,3.026,2.994,,-0.012687,-0.015615,-0.026025,,0.000651,-0.030579,-0.011193,-0.012558,-0.026757,,-0.001494,-0.003056,0.000732,,True,pending
main,2026-05-14,300274,阳光电源,HOLD,47.2,C,,R1,WARM,0,0,,,,,,,,C级品种，综合分47，观察但不配置,135.03,152.95,157.38,165.38,,0.132711,0.165519,0.224765,,0.281197,-0.029697,-0.011193,-0.012558,-0.026757,,0.143904,0.178077,0.251522,,True,pending
main,2026-05-14,600036,招商银行,HOLD,46.9,C,,R1,WARM,0,0,,,,,,,,C级品种，综合分47，观察但不配置,37.81,37.65,37.37,37.15,,-0.004232,-0.011637,-0.017456,,0.004232,-0.022216,-0.011193,-0.012558,-0.026757,,0.006961,0.000921,0.009301,,True,pending
main,2026-05-14,159715,稀土ETF,HOLD,46.8,C,,R1,WARM,0,0,,,,,,,,C级品种，综合分47，观察但不配置,1.366,1.355,1.317,1.298,,-0.008053,-0.035871,-0.04978,,0.02123,-0.055637,-0.011193,-0.012558,-0.026757,,0.00314,-0.023313,-0.023023,,True,pending
main,2026-05-14,513180,恒生科技ETF,HOLD,45.4,C,,R1,WARM,0,0,,,,,,,,C级品种，综合分45，观察但不配置,0.646,0.629,0.62,0.608,,-0.026316,-0.040248,-0.058824,,-0.003096,-0.060372,-0.011193,-0.012558,-0.026757,,-0.015123,-0.027689,-0.032067,,True,pending
main,2026-05-14,561910,电池ETF,HOLD,43.4,C,,R1,WARM,0,0,,,,,,,,C级品种，综合分43，观察但不配置,0.936,0.948,0.955,0.962,,0.012821,0.020299,0.027778,,0.070513,-0.010684,-0.011193,-0.012558,-0.026757,,0.024014,0.032858,0.054535,,True,pending
main,2026-05-14,516850,新能源ETF,HOLD,43.3,C,,R1,WARM,0,0,,,,,,,,C级品种，综合分43，观察但不配置,1.188,1.175,1.175,1.157,,-0.010943,-0.010943,-0.026094,,0.01431,-0.030303,-0.011193,-0.012558,-0.026757,,0.00025,0.001616,0.000663,,True,pending
main,2026-05-14,515850,证券ETF,HOLD,41.8,C,,R1,WARM,0,0,,,,,,,,C级品种，综合分42，观察但不配置,1.33,1.304,1.313,1.309,,-0.019549,-0.012782,-0.015789,,0.018797,-0.034586,-0.011193,-0.012558,-0.026757,,-0.008356,-0.000223,0.010968,,True,pending
main,2026-05-14,159275,农牧渔ETF,AVOID,39.0,D,,R1,WARM,0,0,,,,,,,,政策/综合评分不足，禁止配置,0.936,0.924,0.903,0.874,,-0.012821,-0.035256,-0.066239,,0.0,-0.077991,-0.011193,-0.012558,-0.026757,,-0.001627,-0.022698,-0.039482,,True,pending
main,2026-05-14,518880,黄金ETF,AVOID,37.8,D,,R1,WARM,0,0,,,,,,,,政策/综合评分不足，禁止配置,9.795,9.554,9.515,9.45,,-0.024604,-0.028586,-0.035222,,-0.013885,-0.047269,-0.011193,-0.012558,-0.026757,,-0.013411,-0.016028,-0.008465,,True,pending
main,2026-05-14,600989,宝丰能源,AVOID,36.7,D,,R1,WARM,0,0,,,,,,,,政策/综合评分不足，禁止配置,28.32,28.48,28.09,26.55,,0.00565,-0.008121,-0.0625,,0.05226,-0.075212,-0.011193,-0.012558,-0.026757,,0.016843,0.004437,-0.035743,,True,pending
main,2026-05-14,512400,有色金属ETF,AVOID,36.6,D,,R1,WARM,0,0,,,,,,,,政策/综合评分不足，禁止配置,2.13,2.039,1.981,1.947,,-0.042723,-0.069953,-0.085915,,-0.00939,-0.093427,-0.011193,-0.012558,-0.026757,,-0.03153,-0.057395,-0.059158,,True,pending
main,2026-05-14,159567,港股创新药ETF,AVOID,35.0,D,,R1,WARM,0,0,,,,,,,,政策/综合评分不足，禁止配置,0.714,0.699,0.681,0.688,,-0.021008,-0.046218,-0.036415,,0.0,-0.060224,-0.011193,-0.012558,-0.026757,,-0.009815,-0.03366,-0.009658,,True,pending
main,2026-05-14,159870,化工ETF,AVOID,30.0,D,,R1,WARM,0,0,,,,,,,,政策/综合评分不足，禁止配置,0.896,0.896,0.868,0.858,,0.0,-0.03125,-0.042411,,0.018973,-0.047991,-0.011193,-0.012558,-0.026757,,0.011193,-0.018692,-0.015654,,True,pending
main,2026-05-14,515220,煤炭ETF,AVOID,27.6,D,,R1,WARM,0,0,,,,,,,,政策/综合评分不足，禁止配置,1.212,1.231,1.249,1.19,,0.015677,0.030528,-0.018152,,0.042079,-0.034653,-0.011193,-0.012558,-0.026757,,0.02687,0.043087,0.008605,,True,pending
main,2026-05-15,561980,半导体设备ETF,BUY_WATCH,72.1,A,,R1,WARM,2.4,8.0,,,,,,,,A级，可择机建仓 ⚠️连涨0日(+1.3%),2.992,3.003,3.358,,,0.003676,0.122326,,,0.175134,-0.019385,-0.005365,-0.001829,,,0.009041,0.124156,,,False,pending
main,2026-05-15,512480,半导体ETF,BUY_WATCH,70.9,A,,R1,WARM,2.4,8.0,,,,,,,,A级，可择机建仓 ⚠️连涨0日(+1.4%),2.035,2.058,2.227,2.15,,0.011302,0.094349,0.056511,,0.129238,-0.02113,-0.005365,-0.001829,-0.008776,,0.016667,0.096178,0.065288,,False,pending
main,2026-05-15,515880,通信ETF,BUY_WATCH,70.9,A,,R1,WARM,2.4,8.0,,,,,,,,A级，可择机建仓 ⚠️连涨0日(+2.7%),1.5,1.517,1.517,1.48,,0.011333,0.011333,-0.013333,,0.026667,-0.042667,-0.005365,-0.001829,-0.008776,,0.016698,0.013163,-0.004557,,False,pending
main,2026-05-15,159995,芯片ETF,BUY_WATCH,70.1,A,,R1,WARM,2.4,8.0,,,,,,,,A级，可择机建仓 ⚠️连涨0日(+0.8%),2.315,2.344,2.547,2.478,,0.012527,0.100216,0.07041,,0.148596,-0.019438,-0.005365,-0.001829,-0.008776,,0.017892,0.102045,0.079187,,False,pending
main,2026-05-15,159909,TMT50ETF,HOLD,66.6,B,,R1,WARM,1.0,6.0,,,,,,,,观察中，暂不建仓,1.374,1.384,1.393,1.41,,0.007278,0.013828,0.026201,,0.048035,-0.028384,-0.005365,-0.001829,-0.008776,,0.012643,0.015658,0.034977,,False,pending
main,2026-05-15,002371,北方华创,HOLD,65.5,B,,R1,WARM,1.5,8.0,,,,,,,,观察中，暂不建仓,592.0,597.97,656.0,647.9,,0.010084,0.108108,0.094426,,0.218919,-0.017736,-0.005365,-0.001829,-0.008776,,0.015449,0.109937,0.103202,,False,pending
main,2026-05-15,159326,电网设备ETF,HOLD,65.0,B,,R1,WARM,1.9,8.0,,,,,,,,观察中，暂不建仓,2.042,2.086,2.147,2.063,,0.021548,0.05142,0.010284,,0.052889,-0.007346,-0.005365,-0.001829,-0.008776,,0.026912,0.05325,0.01906,,False,pending
main,2026-05-15,588080,科创50ETF,HOLD,64.0,B,,R1,WARM,1.0,6.0,,,,,,,,观察中，暂不建仓,1.733,1.747,1.87,1.81,,0.008078,0.079054,0.044432,,0.115407,-0.01558,-0.005365,-0.001829,-0.008776,,0.013443,0.080883,0.053208,,False,pending
main,2026-05-15,159667,工业母机ETF,HOLD,63.4,B,,R1,WARM,1.9,8.0,,,,,,,,观察中，暂不建仓,2.289,2.328,2.374,2.405,,0.017038,0.037134,0.050677,,0.069026,-0.010048,-0.005365,-0.001829,-0.008776,,0.022403,0.038963,0.059454,,False,pending
main,2026-05-15,562500,机器人ETF,HOLD,61.9,B,,R1,WARM,1.2,8.0,,,,,,,,观察中，暂不建仓,1.164,1.183,1.193,,,0.016323,0.024914,,,0.059278,-0.007732,-0.005365,-0.001829,,,0.021688,0.026743,,,False,pending
main,2026-05-15,159915,创业板ETF,HOLD,61.2,B,,R1,WARM,1.0,6.0,,,,,,,,观察中，暂不建仓,3.97,3.923,3.932,3.91,,-0.011839,-0.009572,-0.015113,,0.014861,-0.037783,-0.005365,-0.001829,-0.008776,,-0.006474,-0.007742,-0.006337,,False,pending
main,2026-05-15,159206,卫星ETF,HOLD,60.4,B,,R1,WARM,1.2,8.0,,,,,,,,观察中，暂不建仓,1.836,1.867,1.843,1.79,,0.016885,0.003813,-0.025054,,0.040305,-0.041939,-0.005365,-0.001829,-0.008776,,0.022249,0.005642,-0.016278,,False,pending
main,2026-05-15,562960,绿色电力ETF,HOLD,59.8,B,,R1,WARM,1.9,8.0,,,,,,,,观察中，暂不建仓,1.263,1.271,1.259,,,0.006334,-0.003167,,,0.049089,-0.023753,-0.005365,-0.001829,,,0.011699,-0.001338,,,False,pending
main,2026-05-15,159611,电力ETF,HOLD,59.0,B,,R1,WARM,1.9,8.0,,,,,,,,观察中，暂不建仓,1.163,1.168,1.155,1.14,,0.004299,-0.006879,-0.019776,,0.049871,-0.036113,-0.005365,-0.001829,-0.008776,,0.009664,-0.005049,-0.011,,False,pending
main,2026-05-15,515790,光伏ETF,HOLD,57.6,B,,R1,WARM,1.0,6.0,,,,,,,,观察中，暂不建仓,1.108,1.101,1.126,1.102,,-0.006318,0.016245,-0.005415,,0.033394,-0.018051,-0.005365,-0.001829,-0.008776,,-0.000953,0.018075,0.003361,,False,pending
main,2026-05-15,600900,长江电力,HOLD,55.4,B,,R1,WARM,0.9,6.0,,,,,,,,观察中，暂不建仓,27.03,26.89,26.9,26.66,,-0.005179,-0.004809,-0.013688,,0.011839,-0.019608,-0.005365,-0.001829,-0.008776,,0.000185,-0.00298,-0.004912,,False,pending
main,2026-05-15,159941,纳指ETF,HOLD,55.4,B,,R1,WARM,1.0,6.0,,,,,,,,观察中，暂不建仓,1.564,1.524,1.533,1.59,,-0.025575,-0.019821,0.016624,,0.016624,-0.039003,-0.005365,-0.001829,-0.008776,,-0.020211,-0.017992,0.025401,,False,pending
main,2026-05-15,515450,红利低波50,HOLD,54.4,C,,R1,WARM,0,0,,,,,,,,C级品种，综合分54，观察但不配置,1.423,1.421,1.422,1.41,,-0.001405,-0.000703,-0.009136,,0.011947,-0.016163,-0.005365,-0.001829,-0.008776,,0.003959,0.001127,-0.000359,,True,pending
main,2026-05-15,601398,工商银行,AVOID,52.5,C,,R1,WARM,0,0,,,,,,,,政策/综合评分不足，禁止配置,7.24,7.19,7.13,7.22,,-0.006906,-0.015193,-0.002762,,0.008287,-0.022099,-0.005365,-0.001829,-0.008776,,-0.001541,-0.013364,0.006014,,True,pending
main,2026-05-15,510500,中证500ETF,HOLD,52.4,C,,R1,WARM,0,0,,,,,,,,C级品种，综合分52，观察但不配置,8.612,8.631,8.748,8.61,,0.002206,0.015792,-0.000232,,0.031932,-0.015211,-0.005365,-0.001829,-0.008776,,0.007571,0.017621,0.008544,,True,pending
main,2026-05-15,510050,上证50ETF,HOLD,48.5,C,,R1,WARM,0,0,,,,,,,,C级品种，综合分48，观察但不配置,3.035,3.008,3.029,2.99,,-0.008896,-0.001977,-0.014827,,0.012191,-0.018122,-0.005365,-0.001829,-0.008776,,-0.003532,-0.000148,-0.006051,,True,pending
main,2026-05-15,300274,阳光电源,HOLD,47.2,C,,R1,WARM,0,0,,,,,,,,C级品种，综合分47，观察但不配置,152.95,152.25,167.2,163.63,,-0.004577,0.093168,0.069827,,0.131089,-0.032298,-0.005365,-0.001829,-0.008776,,0.000788,0.094997,0.078603,,True,pending
main,2026-05-15,600036,招商银行,HOLD,46.9,C,,R1,WARM,0,0,,,,,,,,C级品种，综合分47，观察但不配置,37.65,37.47,37.17,37.24,,-0.004781,-0.012749,-0.01089,,0.00239,-0.018061,-0.005365,-0.001829,-0.008776,,0.000584,-0.01092,-0.002113,,True,pending
main,2026-05-15,159715,稀土ETF,HOLD,46.8,C,,R1,WARM,0,0,,,,,,,,C级品种，综合分47，观察但不配置,1.355,1.335,1.332,1.317,,-0.01476,-0.016974,-0.028044,,-0.000738,-0.04797,-0.005365,-0.001829,-0.008776,,-0.009395,-0.015145,-0.019268,,True,pending
main,2026-05-15,513180,恒生科技ETF,HOLD,45.4,C,,R1,WARM,0,0,,,,,,,,C级品种，综合分45，观察但不配置,0.629,0.617,0.621,0.616,,-0.019078,-0.012719,-0.020668,,-0.00159,-0.034976,-0.005365,-0.001829,-0.008776,,-0.013713,-0.010889,-0.011891,,True,pending
main,2026-05-15,561910,电池ETF,HOLD,43.4,C,,R1,WARM,0,0,,,,,,,,C级品种，综合分43，观察但不配置,0.948,0.954,0.984,,,0.006329,0.037975,,,0.056962,-0.016878,-0.005365,-0.001829,,,0.011694,0.039804,,,True,pending
main,2026-05-15,516850,新能源ETF,HOLD,43.3,C,,R1,WARM,0,0,,,,,,,,C级品种，综合分43，观察但不配置,1.175,1.172,1.188,1.164,,-0.002553,0.011064,-0.009362,,0.025532,-0.019574,-0.005365,-0.001829,-0.008776,,0.002811,0.012893,-0.000585,,True,pending
main,2026-05-15,515850,证券ETF,HOLD,41.8,C,,R1,WARM,0,0,,,,,,,,C级品种，综合分42，观察但不配置,1.304,1.301,1.304,1.285,,-0.002301,0.0,-0.014571,,0.03911,-0.015337,-0.005365,-0.001829,-0.008776,,0.003064,0.001829,-0.005794,,True,pending
main,2026-05-15,159275,农牧渔ETF,AVOID,39.0,D,,R1,WARM,0,0,,,,,,,,政策/综合评分不足，禁止配置,0.924,0.903,0.89,0.867,,-0.022727,-0.036797,-0.061688,,-0.001082,-0.066017,-0.005365,-0.001829,-0.008776,,-0.017363,-0.034967,-0.052912,,True,pending
main,2026-05-15,518880,黄金ETF,AVOID,37.8,D,,R1,WARM,0,0,,,,,,,,政策/综合评分不足，禁止配置,9.554,9.513,9.367,9.46,,-0.004291,-0.019573,-0.009839,,0.0,-0.023236,-0.005365,-0.001829,-0.008776,,0.001073,-0.017744,-0.001062,,True,pending
main,2026-05-15,600989,宝丰能源,AVOID,36.7,D,,R1,WARM,0,0,,,,,,,,政策/综合评分不足，禁止配置,28.48,29.23,27.59,26.25,,0.026334,-0.03125,-0.078301,,0.046348,-0.080407,-0.005365,-0.001829,-0.008776,,0.031699,-0.029421,-0.069524,,True,pending
main,2026-05-15,512400,有色金属ETF,AVOID,36.6,D,,R1,WARM,0,0,,,,,,,,政策/综合评分不足，禁止配置,2.039,2.009,1.985,1.99,,-0.014713,-0.026484,-0.024031,,-0.001471,-0.052967,-0.005365,-0.001829,-0.008776,,-0.009348,-0.024654,-0.015255,,True,pending
main,2026-05-15,159567,港股创新药ETF,AVOID,35.0,D,,R1,WARM,0,0,,,,,,,,政策/综合评分不足，禁止配置,0.699,0.684,0.675,0.69,,-0.021459,-0.034335,-0.012876,,0.001431,-0.040057,-0.005365,-0.001829,-0.008776,,-0.016095,-0.032505,-0.004099,,True,pending
main,2026-05-15,159870,化工ETF,AVOID,30.0,D,,R1,WARM,0,0,,,,,,,,政策/综合评分不足，禁止配置,0.896,0.878,0.881,0.865,,-0.020089,-0.016741,-0.034598,,-0.002232,-0.047991,-0.005365,-0.001829,-0.008776,,-0.014725,-0.014912,-0.025822,,True,pending
main,2026-05-15,515220,煤炭ETF,AVOID,27.6,D,,R1,WARM,0,0,,,,,,,,政策/综合评分不足，禁止配置,1.231,1.252,1.229,1.17,,0.017059,-0.001625,-0.049553,,0.025995,-0.049553,-0.005365,-0.001829,-0.008776,,0.022424,0.000205,-0.040777,,True,pending
main,2026-05-18,002371,北方华创,BUY_WATCH,78.9,A,,R1,COLD,2.4,8.0,,,,,,,,A级，可择机建仓 ⚠️连涨1日(+2.4%),597.97,619.7,662.99,,,0.03634,0.108735,,,0.20675,-0.027543,0.004005,-0.010431,,,0.032334,0.119166,,,False,pending
main,2026-05-18,561980,半导体设备ETF,BUY_WATCH,77.6,A,,R1,COLD,2.4,8.0,,,,,,,,A级，可择机建仓 ⚠️连涨1日(+2.5%),3.003,3.185,3.199,,,0.060606,0.065268,,,0.170829,-0.022977,0.004005,-0.010431,,,0.056601,0.075699,,,False,pending
main,2026-05-18,300274,阳光电源,BUY_WATCH,73.6,A,,R1,COLD,2.4,8.0,,,,,,,,A级，等待技术面确认（均线/量能） ⚠️连涨1日偏+7.1%,152.25,157.38,165.38,,,0.033695,0.08624,,,0.136289,0.009655,0.004005,-0.010431,,,0.029689,0.096671,,,False,pending
main,2026-05-18,512480,半导体ETF,BUY_WATCH,72.4,A,,R1,COLD,2.4,8.0,,,,,,,,A级，可择机建仓 ⚠️连涨0日(-0.3%),2.058,2.131,2.132,,,0.035471,0.035957,,,0.116618,-0.03207,0.004005,-0.010431,,,0.031466,0.046389,,,False,pending
main,2026-05-18,159995,芯片ETF,BUY_WATCH,71.6,A,,R1,COLD,2.4,8.0,,,,,,,,A级，可择机建仓 ⚠️连涨0日(-0.7%),2.344,2.43,2.477,,,0.036689,0.056741,,,0.134386,-0.03157,0.004005,-0.010431,,,0.032684,0.067172,,,False,pending
main,2026-05-18,562500,机器人ETF,BUY_WATCH,71.3,A,,R1,COLD,1.9,8.0,,,,,,,,A级，可择机建仓 ⚠️连涨1日(+1.8%),1.183,1.198,1.187,,,0.01268,0.003381,,,0.042265,-0.004227,0.004005,-0.010431,,,0.008674,0.013813,,,False,pending
main,2026-05-18,515880,通信ETF,HOLD,64.3,B,,R1,COLD,1.5,8.0,,,,,,,,观察中，暂不建仓,1.517,1.511,1.44,,,-0.003955,-0.050758,,,0.015162,-0.053395,0.004005,-0.010431,,,-0.007961,-0.040327,,,False,pending
main,2026-05-18,588080,科创50ETF,HOLD,64.1,B,,R1,COLD,1.0,6.0,,,,,,,,观察中，暂不建仓,1.747,1.815,1.804,,,0.038924,0.032627,,,0.106468,-0.023469,0.004005,-0.010431,,,0.034919,0.043059,,,False,pending
main,2026-05-18,159915,创业板ETF,HOLD,62.3,B,,R1,COLD,1.0,6.0,,,,,,,,观察中，暂不建仓,3.923,3.922,3.846,,,-0.000255,-0.019628,,,0.02702,-0.026255,0.004005,-0.010431,,,-0.00426,-0.009197,,,False,pending
main,2026-05-18,159667,工业母机ETF,HOLD,62.2,B,,R1,COLD,1.9,8.0,,,,,,,,观察中，暂不建仓,2.328,2.35,2.345,,,0.00945,0.007302,,,0.051117,-0.021048,0.004005,-0.010431,,,0.005445,0.017734,,,False,pending
main,2026-05-18,159326,电网设备ETF,HOLD,61.5,B,,R1,COLD,1.9,8.0,,,,,,,,观察中，暂不建仓,2.086,2.134,2.042,,,0.023011,-0.021093,,,0.030681,-0.025887,0.004005,-0.010431,,,0.019005,-0.010662,,,False,pending
main,2026-05-18,159909,TMT50ETF,HOLD,61.2,B,,R1,COLD,1.0,6.0,,,,,,,,观察中，暂不建仓,1.384,1.388,1.356,,,0.00289,-0.020231,,,0.040462,-0.035405,0.004005,-0.010431,,,-0.001115,-0.0098,,,False,pending
main,2026-05-18,562960,绿色电力ETF,HOLD,60.8,B,,R1,COLD,1.9,8.0,,,,,,,,观察中，暂不建仓,1.271,1.319,1.24,,,0.037766,-0.02439,,,0.042486,-0.029898,0.004005,-0.010431,,,0.03376,-0.013959,,,False,pending
main,2026-05-18,159611,电力ETF,HOLD,59.4,B,,R1,COLD,1.9,8.0,,,,,,,,观察中，暂不建仓,1.168,1.215,1.137,,,0.04024,-0.026541,,,0.045377,-0.04024,0.004005,-0.010431,,,0.036234,-0.01611,,,False,pending
main,2026-05-18,600900,长江电力,HOLD,57.8,B,,R1,COLD,0.9,6.0,,,,,,,,观察中，暂不建仓,26.89,27.25,26.66,,,0.013388,-0.008553,,,0.017107,-0.014504,0.004005,-0.010431,,,0.009383,0.001878,,,False,pending
main,2026-05-18,515790,光伏ETF,HOLD,57.0,B,,R1,COLD,1.0,6.0,,,,,,,,观察中，暂不建仓,1.101,1.117,1.093,,,0.014532,-0.007266,,,0.039964,-0.011807,0.004005,-0.010431,,,0.010527,0.003165,,,False,pending
main,2026-05-18,515450,红利低波50,HOLD,55.2,B,,R1,COLD,1.2,6.0,,,,,,,,观察中，暂不建仓,1.421,1.437,1.415,,,0.01126,-0.004222,,,0.013371,-0.014778,0.004005,-0.010431,,,0.007254,0.006209,,,False,pending
main,2026-05-18,561910,电池ETF,HOLD,53.7,C,,R1,COLD,0,0,,,,,,,,C级品种，综合分54，观察但不配置,0.954,0.955,0.962,,,0.001048,0.008386,,,0.050314,-0.01782,0.004005,-0.010431,,,-0.002957,0.018817,,,True,pending
main,2026-05-18,159941,纳指ETF,HOLD,53.1,C,,R1,COLD,0,0,,,,,,,,C级品种，综合分53，观察但不配置,1.524,1.52,1.561,,,-0.002625,0.024278,,,0.043307,-0.01378,0.004005,-0.010431,,,-0.00663,0.03471,,,True,pending
main,2026-05-18,601398,工商银行,AVOID,48.4,C,,R1,COLD,0,0,,,,,,,,政策/综合评分不足，禁止配置,7.19,7.26,7.15,,,0.009736,-0.005563,,,0.015299,-0.015299,0.004005,-0.010431,,,0.00573,0.004868,,,True,pending
main,2026-05-18,159206,卫星ETF,HOLD,48.1,C,,R1,COLD,0,0,,,,,,,,C级品种，综合分48，观察但不配置,1.867,1.846,1.774,,,-0.011248,-0.049813,,,0.002678,-0.057847,0.004005,-0.010431,,,-0.015253,-0.039381,,,True,pending
main,2026-05-18,600036,招商银行,HOLD,47.5,C,,R1,COLD,0,0,,,,,,,,C级品种，综合分48，观察但不配置,37.47,37.37,37.15,,,-0.002669,-0.00854,,,0.007206,-0.013344,0.004005,-0.010431,,,-0.006674,0.001891,,,True,pending
main,2026-05-18,510500,中证500ETF,HOLD,47.4,C,,R1,COLD,0,0,,,,,,,,C级品种，综合分47，观察但不配置,8.631,8.703,8.503,,,0.008342,-0.01483,,,0.029661,-0.017379,0.004005,-0.010431,,,0.004337,-0.004399,,,True,pending
main,2026-05-18,600989,宝丰能源,AVOID,47.0,C,,R1,COLD,0,0,,,,,,,,政策/综合评分不足，禁止配置,29.23,28.09,26.55,,,-0.039001,-0.091687,,,-0.005474,-0.104003,0.004005,-0.010431,,,-0.043006,-0.081255,,,True,pending
main,2026-05-18,516850,新能源ETF,HOLD,46.4,C,,R1,COLD,0,0,,,,,,,,C级品种，综合分46，观察但不配置,1.172,1.175,1.157,,,0.00256,-0.012799,,,0.028157,-0.017065,0.004005,-0.010431,,,-0.001446,-0.002367,,,True,pending
main,2026-05-18,159715,稀土ETF,HOLD,44.8,C,,R1,COLD,0,0,,,,,,,,C级品种，综合分45，观察但不配置,1.335,1.317,1.298,,,-0.013483,-0.027715,,,0.014232,-0.033708,0.004005,-0.010431,,,-0.017489,-0.017284,,,True,pending
main,2026-05-18,510050,上证50ETF,HOLD,41.7,C,,R1,COLD,0,0,,,,,,,,C级品种，综合分42，观察但不配置,3.008,3.026,2.994,,,0.005984,-0.004654,,,0.021277,-0.009309,0.004005,-0.010431,,,0.001979,0.005777,,,True,pending
main,2026-05-18,515220,煤炭ETF,AVOID,41.4,C,,R1,COLD,0,0,,,,,,,,政策/综合评分不足，禁止配置,1.252,1.249,1.19,,,-0.002396,-0.049521,,,0.008786,-0.065495,0.004005,-0.010431,,,-0.006402,-0.039089,,,True,pending
main,2026-05-18,515850,证券ETF,AVOID,39.6,D,,R1,COLD,0,0,,,,,,,,政策/综合评分不足，禁止配置,1.301,1.313,1.309,,,0.009224,0.006149,,,0.041507,-0.013067,0.004005,-0.010431,,,0.005218,0.01658,,,True,pending
main,2026-05-18,159275,农牧渔ETF,AVOID,39.0,D,,R1,COLD,0,0,,,,,,,,政策/综合评分不足，禁止配置,0.903,0.903,0.874,,,0.0,-0.032115,,,0.006645,-0.044297,0.004005,-0.010431,,,-0.004005,-0.021684,,,True,pending
main,2026-05-18,513180,恒生科技ETF,AVOID,38.3,D,,R1,COLD,0,0,,,,,,,,政策/综合评分不足，禁止配置,0.617,0.62,0.608,,,0.004862,-0.014587,,,0.017828,-0.016207,0.004005,-0.010431,,,0.000857,-0.004155,,,True,pending
main,2026-05-18,512400,有色金属ETF,AVOID,36.2,D,,R1,COLD,0,0,,,,,,,,政策/综合评分不足，禁止配置,2.009,1.981,1.947,,,-0.013937,-0.030861,,,0.01344,-0.038825,0.004005,-0.010431,,,-0.017943,-0.02043,,,True,pending
main,2026-05-18,518880,黄金ETF,AVOID,35.8,D,,R1,COLD,0,0,,,,,,,,政策/综合评分不足，禁止配置,9.513,9.515,9.45,,,0.00021,-0.006623,,,0.00431,-0.019027,0.004005,-0.010431,,,-0.003795,0.003809,,,True,pending
main,2026-05-18,159567,港股创新药ETF,AVOID,35.5,D,,R1,COLD,0,0,,,,,,,,政策/综合评分不足，禁止配置,0.684,0.681,0.688,,,-0.004386,0.005848,,,0.023392,-0.019006,0.004005,-0.010431,,,-0.008391,0.016279,,,True,pending
main,2026-05-18,159870,化工ETF,AVOID,34.9,D,,R1,COLD,0,0,,,,,,,,政策/综合评分不足，禁止配置,0.878,0.868,0.858,,,-0.01139,-0.022779,,,0.017084,-0.028474,0.004005,-0.010431,,,-0.015395,-0.012348,,,True,pending
main,2026-05-19,002371,北方华创,BUY_WATCH,83.4,A,,R2,NEUTRAL,2.6,6.0,,,,,,,,A级，可择机建仓 ⚠️连涨2日(+2.5%),619.7,656.0,647.9,,,0.058577,0.045506,,,0.164434,-0.009198,-0.000449,-0.007406,,,0.059026,0.052912,,,False,pending
main,2026-05-19,300274,阳光电源,BUY_WATCH,78.6,A,,R2,NEUTRAL,2.6,6.0,,,,,,,,A级，可择机建仓 ⚠️连涨0日偏+5.3%,157.38,167.2,163.63,,,0.062397,0.039713,,,0.09925,-0.008133,-0.000449,-0.007406,,,0.062846,0.047119,,,False,pending
main,2026-05-19,561980,半导体设备ETF,BUY_WATCH,76.9,A,,R2,NEUTRAL,2.6,6.0,,,,,,,,A级，可择机建仓 ⚠️连涨2日(+1.7%),3.185,3.358,,,,0.054317,,,,0.103925,-0.010989,-0.000449,,,,0.054766,,,,False,pending
main,2026-05-19,512480,半导体ETF,BUY_WATCH,76.3,A,,R2,NEUTRAL,2.6,6.0,,,,,,,,A级，可择机建仓 ⚠️连涨1日(+0.4%),2.131,2.227,2.15,,,0.045049,0.008916,,,0.078367,-0.009855,-0.000449,-0.007406,,,0.045498,0.016322,,,False,pending
main,2026-05-19,159995,芯片ETF,BUY_WATCH,74.1,A,,R2,NEUTRAL,2.6,6.0,,,,,,,,A级，可择机建仓 ⚠️连涨1日(+0.3%),2.43,2.547,2.478,,,0.048148,0.019753,,,0.094239,-0.011934,-0.000449,-0.007406,,,0.048597,0.027159,,,False,pending
main,2026-05-19,562500,机器人ETF,BUY_WATCH,73.5,A,,R2,NEUTRAL,2.0,6.0,,,,,,,,A级，可择机建仓 ⚠️连涨2日(+2.7%),1.198,1.193,,,,-0.004174,,,,0.029215,-0.01586,-0.000449,,,,-0.003724,,,,False,pending
main,2026-05-19,515880,通信ETF,BUY_WATCH,72.0,A,,R2,NEUTRAL,2.6,6.0,,,,,,,,A级，可择机建仓 ⚠️连涨1日(-0.5%),1.511,1.517,1.48,,,0.003971,-0.020516,,,0.019193,-0.049636,-0.000449,-0.007406,,,0.00442,-0.01311,,,False,pending
main,2026-05-19,588080,科创50ETF,HOLD,68.2,B,,R2,NEUTRAL,0,6.0,,,,,,,,B级，R2暂不追加，持续观察,1.815,1.87,1.81,,,0.030303,-0.002755,,,0.065014,-0.019284,-0.000449,-0.007406,,,0.030752,0.004651,,,False,pending
main,2026-05-19,159326,电网设备ETF,HOLD,67.2,B,,R2,NEUTRAL,0,6.0,,,,,,,,B级，R2暂不追加，持续观察,2.134,2.147,2.063,,,0.006092,-0.033271,,,0.007498,-0.047798,-0.000449,-0.007406,,,0.006541,-0.025865,,,False,pending
main,2026-05-19,159909,TMT50ETF,HOLD,64.2,B,,R2,NEUTRAL,0,6.0,,,,,,,,B级，R2暂不追加，持续观察,1.388,1.393,1.41,,,0.003602,0.01585,,,0.037464,-0.023055,-0.000449,-0.007406,,,0.004052,0.023256,,,False,pending
main,2026-05-19,159667,工业母机ETF,HOLD,62.2,B,,R2,NEUTRAL,0,6.0,,,,,,,,B级，R2暂不追加，持续观察,2.35,2.374,2.405,,,0.010213,0.023404,,,0.041277,-0.012766,-0.000449,-0.007406,,,0.010662,0.03081,,,False,pending
main,2026-05-19,561910,电池ETF,HOLD,61.5,B,,R2,NEUTRAL,0,6.0,,,,,,,,B级，R2暂不追加，持续观察,0.955,0.984,,,,0.030366,,,,0.049215,-0.009424,-0.000449,,,,0.030816,,,,False,pending
main,2026-05-19,562960,绿色电力ETF,HOLD,61.4,B,,R2,NEUTRAL,0,6.0,,,,,,,,B级，R2暂不追加，持续观察,1.319,1.259,,,,-0.045489,,,,0.0,-0.065201,-0.000449,,,,-0.04504,,,,True,pending
main,2026-05-19,515790,光伏ETF,HOLD,60.2,B,,R2,NEUTRAL,0,6.0,,,,,,,,B级，R2暂不追加，持续观察,1.117,1.126,1.102,,,0.008057,-0.013429,,,0.025067,-0.025962,-0.000449,-0.007406,,,0.008507,-0.006023,,,False,pending
main,2026-05-19,159611,电力ETF,HOLD,60.1,B,,R2,NEUTRAL,0,6.0,,,,,,,,B级，R2暂不追加，持续观察,1.215,1.155,1.14,,,-0.049383,-0.061728,,,-0.007407,-0.077366,-0.000449,-0.007406,,,-0.048933,-0.054322,,,True,pending
main,2026-05-19,159915,创业板ETF,HOLD,59.6,B,,R2,NEUTRAL,0,6.0,,,,,,,,B级，R2暂不追加，持续观察,3.922,3.932,3.91,,,0.00255,-0.00306,,,0.027282,-0.022183,-0.000449,-0.007406,,,0.002999,0.004346,,,False,pending
main,2026-05-19,600989,宝丰能源,HOLD,58.8,B,,R2,NEUTRAL,0,0,,,,,,,,综合分59，观察池高分品种关注,28.09,27.59,26.25,,,-0.0178,-0.065504,,,0.005696,-0.06764,-0.000449,-0.007406,,,-0.017351,-0.058098,,,True,pending
main,2026-05-19,159206,卫星ETF,HOLD,58.0,B,,R2,NEUTRAL,0,6.0,,,,,,,,B级，R2暂不追加，持续观察,1.846,1.843,1.79,,,-0.001625,-0.030336,,,0.014085,-0.047129,-0.000449,-0.007406,,,-0.001176,-0.02293,,,False,pending
main,2026-05-19,515450,红利低波50,HOLD,57.9,B,,R2,NEUTRAL,0,6.0,,,,,,,,B级，R2暂不追加，持续观察,1.437,1.422,1.41,,,-0.010438,-0.018789,,,-0.001392,-0.025748,-0.000449,-0.007406,,,-0.009989,-0.011383,,,False,pending
main,2026-05-19,600900,长江电力,HOLD,55.8,B,,R2,NEUTRAL,0,6.0,,,,,,,,B级，R2暂不追加，持续观察,27.25,26.9,26.66,,,-0.012844,-0.021651,,,0.001101,-0.027523,-0.000449,-0.007406,,,-0.012395,-0.014245,,,False,pending
main,2026-05-19,516850,新能源ETF,HOLD,55.5,B,,R2,NEUTRAL,0,6.0,,,,,,,,B级，R2暂不追加，持续观察,1.175,1.188,1.164,,,0.011064,-0.009362,,,0.025532,-0.017021,-0.000449,-0.007406,,,0.011513,-0.001956,,,False,pending
main,2026-05-19,510500,中证500ETF,HOLD,55.0,B,,R2,NEUTRAL,0,6.0,,,,,,,,B级，R2暂不追加，持续观察,8.703,8.748,8.61,,,0.005171,-0.010686,,,0.021142,-0.025164,-0.000449,-0.007406,,,0.00562,-0.00328,,,False,pending
main,2026-05-19,518880,黄金ETF,HOLD,52.7,C,,R2,NEUTRAL,0,0,,,,,,,,C级品种，综合分53，观察但不配置,9.515,9.367,9.46,,,-0.015554,-0.00578,,,0.002943,-0.019233,-0.000449,-0.007406,,,-0.015105,0.001626,,,True,pending
main,2026-05-19,600036,招商银行,HOLD,49.8,C,,R2,NEUTRAL,0,0,,,,,,,,C级品种，综合分50，观察但不配置,37.37,37.17,37.24,,,-0.005352,-0.003479,,,0.001873,-0.010704,-0.000449,-0.007406,,,-0.004903,0.003927,,,True,pending
main,2026-05-19,159715,稀土ETF,HOLD,48.9,C,,R2,NEUTRAL,0,0,,,,,,,,C级品种，综合分49，观察但不配置,1.317,1.332,1.317,,,0.01139,0.0,,,0.028094,-0.020501,-0.000449,-0.007406,,,0.011839,0.007406,,,True,pending
main,2026-05-19,515220,煤炭ETF,AVOID,48.2,C,,R2,NEUTRAL,0,0,,,,,,,,政策/综合评分不足，禁止配置,1.249,1.229,1.17,,,-0.016013,-0.063251,,,0.006405,-0.063251,-0.000449,-0.007406,,,-0.015564,-0.055845,,,True,pending
main,2026-05-19,512400,有色金属ETF,HOLD,47.4,C,,R2,NEUTRAL,0,0,,,,,,,,C级品种，综合分47，观察但不配置,1.981,1.985,1.99,,,0.002019,0.004543,,,0.027764,-0.02524,-0.000449,-0.007406,,,0.002468,0.011949,,,True,pending
main,2026-05-19,601398,工商银行,AVOID,47.3,C,,R2,NEUTRAL,0,0,,,,,,,,政策/综合评分不足，禁止配置,7.26,7.13,7.22,,,-0.017906,-0.00551,,,0.001377,-0.024793,-0.000449,-0.007406,,,-0.017457,0.001896,,,True,pending
main,2026-05-19,159941,纳指ETF,HOLD,46.5,C,,R2,NEUTRAL,0,0,,,,,,,,C级品种，综合分46，观察但不配置,1.52,1.533,1.59,,,0.008553,0.046053,,,0.046053,-0.011184,-0.000449,-0.007406,,,0.009002,0.053459,,,True,pending
main,2026-05-19,510050,上证50ETF,HOLD,45.3,C,,R2,NEUTRAL,0,0,,,,,,,,C级品种，综合分45，观察但不配置,3.026,3.029,2.99,,,0.000991,-0.011897,,,0.015202,-0.015202,-0.000449,-0.007406,,,0.001441,-0.004491,,,True,pending
main,2026-05-19,515850,证券ETF,HOLD,44.4,C,,R2,NEUTRAL,0,0,,,,,,,,C级品种，综合分44，观察但不配置,1.313,1.304,1.285,,,-0.006855,-0.021325,,,0.031988,-0.022087,-0.000449,-0.007406,,,-0.006405,-0.013919,,,True,pending
main,2026-05-19,159567,港股创新药ETF,HOLD,42.6,C,,R2,NEUTRAL,0,0,,,,,,,,C级品种，综合分43，观察但不配置,0.681,0.675,0.69,,,-0.008811,0.013216,,,0.0279,-0.014684,-0.000449,-0.007406,,,-0.008361,0.020622,,,True,pending
main,2026-05-19,159870,化工ETF,AVOID,42.6,C,,R2,NEUTRAL,0,0,,,,,,,,政策/综合评分不足，禁止配置,0.868,0.881,0.865,,,0.014977,-0.003456,,,0.028802,-0.017281,-0.000449,-0.007406,,,0.015426,0.00395,,,True,pending
main,2026-05-19,159275,农牧渔ETF,AVOID,41.4,C,,R2,NEUTRAL,0,0,,,,,,,,政策/综合评分不足，禁止配置,0.903,0.89,0.867,,,-0.014396,-0.039867,,,-0.001107,-0.044297,-0.000449,-0.007406,,,-0.013947,-0.032461,,,True,pending
main,2026-05-19,513180,恒生科技ETF,HOLD,41.3,C,,R2,NEUTRAL,0,0,,,,,,,,C级品种，综合分41，观察但不配置,0.62,0.621,0.616,,,0.001613,-0.006452,,,0.012903,-0.020968,-0.000449,-0.007406,,,0.002062,0.000954,,,True,pending
main,2026-05-20,561980,半导体设备ETF,BUY_WATCH,74.4,A,,R2,COLD,2.6,6.0,,,,,,,,A级，可择机建仓 ⚠️连涨3日偏+5.8%,3.358,3.199,,,,-0.04735,,,,0.047052,-0.048839,-0.013936,,,,-0.033413,,,,False,pending
main,2026-05-20,002371,北方华创,BUY_WATCH,73.0,A,,R2,COLD,2.6,6.0,,,,,,,,A级，可择机建仓 ⚠️连涨3日偏+4.8%,656.0,662.99,,,,0.010655,,,,0.1,-0.028963,-0.013936,,,,0.024592,,,,False,pending
main,2026-05-20,512480,半导体ETF,BUY_WATCH,70.1,A,,R2,COLD,2.6,6.0,,,,,,,,A级，可择机建仓 ⚠️连涨2日(+2.9%),2.227,2.132,,,,-0.042658,,,,0.031881,-0.052537,-0.013936,,,,-0.028722,,,,False,pending
main,2026-05-20,300274,阳光电源,HOLD,69.8,B,,R2,COLD,0,6.0,,,,,,,,B级，R2暂不追加，持续观察,167.2,165.38,,,,-0.010885,,,,0.034689,-0.02811,-0.013936,,,,0.003051,,,,False,pending
main,2026-05-20,562500,机器人ETF,HOLD,67.4,B,,R2,COLD,0,6.0,,,,,,,,B级，R2暂不追加，持续观察,1.193,1.187,,,,-0.005029,,,,0.033529,-0.008382,-0.013936,,,,0.008907,,,,False,pending
main,2026-05-20,562960,绿色电力ETF,HOLD,66.3,B,,R2,COLD,0,6.0,,,,,,,,B级，R2暂不追加，持续观察,1.259,1.24,,,,-0.015091,,,,0.009531,-0.020651,-0.013936,,,,-0.001155,,,,False,pending
main,2026-05-20,159995,芯片ETF,HOLD,65.9,B,,R2,COLD,0,6.0,,,,,,,,B级，R2暂不追加，持续观察,2.547,2.477,,,,-0.027483,,,,0.043973,-0.039654,-0.013936,,,,-0.013547,,,,False,pending
main,2026-05-20,159611,电力ETF,HOLD,64.5,B,,R2,COLD,0,6.0,,,,,,,,B级，R2暂不追加，持续观察,1.155,1.137,,,,-0.015584,,,,0.012121,-0.029437,-0.013936,,,,-0.001648,,,,False,pending
main,2026-05-20,588080,科创50ETF,HOLD,64.0,B,,R2,COLD,0,6.0,,,,,,,,B级，R2暂不追加，持续观察,1.87,1.804,,,,-0.035294,,,,0.03369,-0.048128,-0.013936,,,,-0.021358,,,,False,pending
main,2026-05-20,159326,电网设备ETF,HOLD,62.2,B,,R2,COLD,0,6.0,,,,,,,,B级，R2暂不追加，持续观察,2.147,2.042,,,,-0.048905,,,,0.001397,-0.053563,-0.013936,,,,-0.034969,,,,False,pending
main,2026-05-20,600900,长江电力,HOLD,61.6,B,,R2,COLD,0,6.0,,,,,,,,B级，R2暂不追加，持续观察,26.9,26.66,,,,-0.008922,,,,0.002602,-0.01487,-0.013936,,,,0.005014,,,,False,pending
main,2026-05-20,159667,工业母机ETF,HOLD,60.8,B,,R2,COLD,0,6.0,,,,,,,,B级，R2暂不追加，持续观察,2.374,2.345,,,,-0.012216,,,,0.03075,-0.018113,-0.013936,,,,0.00172,,,,False,pending
main,2026-05-20,159909,TMT50ETF,HOLD,60.8,B,,R2,COLD,0,6.0,,,,,,,,B级，R2暂不追加，持续观察,1.393,1.356,,,,-0.026561,,,,0.03374,-0.026561,-0.013936,,,,-0.012625,,,,False,pending
main,2026-05-20,515880,通信ETF,HOLD,59.8,B,,R2,COLD,0,6.0,,,,,,,,B级，R2暂不追加，持续观察,1.517,1.44,,,,-0.050758,,,,0.015162,-0.053395,-0.013936,,,,-0.036822,,,,False,pending
main,2026-05-20,515450,红利低波50,HOLD,58.5,B,,R2,COLD,0,6.0,,,,,,,,B级，R2暂不追加，持续观察,1.422,1.415,,,,-0.004923,,,,0.001406,-0.015471,-0.013936,,,,0.009013,,,,False,pending
main,2026-05-20,515790,光伏ETF,HOLD,56.4,B,,R2,COLD,0,6.0,,,,,,,,B级，R2暂不追加，持续观察,1.126,1.093,,,,-0.029307,,,,0.016874,-0.033748,-0.013936,,,,-0.015371,,,,False,pending
main,2026-05-20,561910,电池ETF,HOLD,54.9,C,,R2,COLD,0,0,,,,,,,,C级品种，综合分55，观察但不配置,0.984,0.962,,,,-0.022358,,,,0.018293,-0.02439,-0.013936,,,,-0.008422,,,,True,pending
main,2026-05-20,159915,创业板ETF,HOLD,54.4,C,,R2,COLD,0,0,,,,,,,,C级品种，综合分54，观察但不配置,3.932,3.846,,,,-0.021872,,,,0.024669,-0.024669,-0.013936,,,,-0.007936,,,,True,pending
main,2026-05-20,159206,卫星ETF,HOLD,52.2,C,,R2,COLD,0,0,,,,,,,,C级品种，综合分52，观察但不配置,1.843,1.774,,,,-0.037439,,,,0.015735,-0.045578,-0.013936,,,,-0.023503,,,,True,pending
main,2026-05-20,516850,新能源ETF,HOLD,49.1,C,,R2,COLD,0,0,,,,,,,,C级品种，综合分49，观察但不配置,1.188,1.157,,,,-0.026094,,,,0.01431,-0.027778,-0.013936,,,,-0.012158,,,,True,pending
main,2026-05-20,510050,上证50ETF,HOLD,49.1,C,,R2,COLD,0,0,,,,,,,,C级品种，综合分49，观察但不配置,3.029,2.994,,,,-0.011555,,,,0.014196,-0.016177,-0.013936,,,,0.002381,,,,True,pending
main,2026-05-20,600036,招商银行,HOLD,48.9,C,,R2,COLD,0,0,,,,,,,,C级品种，综合分49，观察但不配置,37.17,37.15,,,,-0.000538,,,,0.004574,-0.005381,-0.013936,,,,0.013398,,,,True,pending
main,2026-05-20,601398,工商银行,AVOID,47.5,C,,R2,COLD,0,0,,,,,,,,政策/综合评分不足，禁止配置,7.13,7.15,,,,0.002805,,,,0.012623,-0.007013,-0.013936,,,,0.016741,,,,True,pending
main,2026-05-20,510500,中证500ETF,HOLD,47.5,C,,R2,COLD,0,0,,,,,,,,C级品种，综合分48，观察但不配置,8.748,8.503,,,,-0.028006,,,,0.015889,-0.030178,-0.013936,,,,-0.01407,,,,True,pending
main,2026-05-20,159941,纳指ETF,HOLD,45.6,C,,R2,COLD,0,0,,,,,,,,C级品种，综合分46，观察但不配置,1.533,1.561,,,,0.018265,,,,0.037182,0.009785,-0.013936,,,,0.032201,,,,False,pending
main,2026-05-20,515850,证券ETF,HOLD,45.4,C,,R2,COLD,0,0,,,,,,,,C级品种，综合分45，观察但不配置,1.304,1.309,,,,0.003834,,,,0.03911,-0.015337,-0.013936,,,,0.01777,,,,True,pending
main,2026-05-20,513180,恒生科技ETF,HOLD,42.5,C,,R2,COLD,0,0,,,,,,,,C级品种，综合分42，观察但不配置,0.621,0.608,,,,-0.020934,,,,0.011272,-0.022544,-0.013936,,,,-0.006998,,,,True,pending
main,2026-05-20,515220,煤炭ETF,AVOID,41.9,C,,R2,COLD,0,0,,,,,,,,政策/综合评分不足，禁止配置,1.229,1.19,,,,-0.031733,,,,-0.004068,-0.048007,-0.013936,,,,-0.017797,,,,True,pending
main,2026-05-20,159715,稀土ETF,HOLD,41.6,C,,R2,COLD,0,0,,,,,,,,C级品种，综合分42，观察但不配置,1.332,1.298,,,,-0.025526,,,,0.016517,-0.028529,-0.013936,,,,-0.011589,,,,True,pending
main,2026-05-20,159567,港股创新药ETF,HOLD,40.8,C,,R2,COLD,0,0,,,,,,,,C级品种，综合分41，观察但不配置,0.675,0.688,,,,0.019259,,,,0.037037,0.008889,-0.013936,,,,0.033195,,,,False,pending
main,2026-05-20,600989,宝丰能源,AVOID,40.2,C,,R2,COLD,0,0,,,,,,,,政策/综合评分不足，禁止配置,27.59,26.55,,,,-0.037695,,,,-0.007249,-0.050743,-0.013936,,,,-0.023759,,,,True,pending
main,2026-05-20,159275,农牧渔ETF,AVOID,39.7,D,,R2,COLD,0,0,,,,,,,,政策/综合评分不足，禁止配置,0.89,0.874,,,,-0.017978,,,,0.011236,-0.030337,-0.013936,,,,-0.004041,,,,True,pending
main,2026-05-20,518880,黄金ETF,AVOID,39.4,D,,R2,COLD,0,0,,,,,,,,政策/综合评分不足，禁止配置,9.367,9.45,,,,0.008861,,,,0.018789,0.008541,-0.013936,,,,0.022797,,,,False,pending
main,2026-05-20,512400,有色金属ETF,AVOID,38.9,D,,R2,COLD,0,0,,,,,,,,政策/综合评分不足，禁止配置,1.985,1.947,,,,-0.019144,,,,0.025693,-0.02267,-0.013936,,,,-0.005207,,,,True,pending
main,2026-05-20,159870,化工ETF,AVOID,30.8,D,,R2,COLD,0,0,,,,,,,,政策/综合评分不足，禁止配置,0.881,0.858,,,,-0.026107,,,,0.013621,-0.031782,-0.013936,,,,-0.012171,,,,True,pending
main,2026-05-21,002371,北方华创,BUY_WATCH,82.3,A,,R2,NEUTRAL,2.6,6.0,,,,,,,,A级，等待技术面确认（均线/量能） ⚠️连涨4日偏+8.2%,662.99,647.9,,,,-0.022761,,,,0.013605,-0.039201,0.007075,,,,-0.029835,,,,False,pending
main,2026-05-21,300274,阳光电源,BUY_WATCH,79.4,A,,R2,NEUTRAL,2.6,6.0,,,,,,,,A级，等待技术面确认（均线/量能） ⚠️连涨2日偏+9.3%,165.38,163.63,,,,-0.010582,,,,0.039666,-0.017414,0.007075,,,,-0.017657,,,,False,pending
main,2026-05-21,512480,半导体ETF,BUY_WATCH,78.1,A,,R2,NEUTRAL,2.6,6.0,,,,,,,,A级，等待技术面确认（均线/量能） ⚠️连涨3日偏+6.1%,2.132,2.15,,,,0.008443,,,,0.017824,-0.010319,0.007075,,,,0.001368,,,,False,pending
main,2026-05-21,561980,半导体设备ETF,BUY_WATCH,76.5,A,,R2,NEUTRAL,2.6,6.0,,,,,,,,A级，等待技术面确认（均线/量能） ⚠️连涨4日偏+8.8%,3.199,,,,,,,,,,,,,,,,,,,,pending
main,2026-05-21,159995,芯片ETF,BUY_WATCH,76.1,A,,R2,NEUTRAL,2.6,6.0,,,,,,,,A级，等待技术面确认（均线/量能） ⚠️连涨3日偏+6.5%,2.477,2.478,,,,0.000404,,,,0.016552,-0.012515,0.007075,,,,-0.006671,,,,False,pending
main,2026-05-21,588080,科创50ETF,BUY_WATCH,72.7,A,,R2,NEUTRAL,1.6,5.0,,,,,,,,A级，可择机建仓 ⚠️连涨3日偏+4.7%,1.804,1.81,,,,0.003326,,,,0.014412,-0.013304,0.007075,,,,-0.003749,,,,False,pending
main,2026-05-21,159326,电网设备ETF,HOLD,69.8,B,,R2,NEUTRAL,0,6.0,,,,,,,,B级，R2暂不追加，持续观察,2.042,2.063,,,,0.010284,,,,0.015181,-0.00049,0.007075,,,,0.003209,,,,False,pending
main,2026-05-21,515880,通信ETF,HOLD,67.5,B,,R2,NEUTRAL,0,6.0,,,,,,,,B级，R2暂不追加，持续观察,1.44,1.48,,,,0.027778,,,,0.034722,0.006944,0.007075,,,,0.020703,,,,False,pending
main,2026-05-21,159909,TMT50ETF,HOLD,67.4,B,,R2,NEUTRAL,0,6.0,,,,,,,,B级，R2暂不追加，持续观察,1.356,1.41,,,,0.039823,,,,0.047198,0.00295,0.007075,,,,0.032748,,,,False,pending
main,2026-05-21,562500,机器人ETF,HOLD,67.1,B,,R2,NEUTRAL,0,6.0,,,,,,,,B级，R2暂不追加，持续观察,1.187,,,,,,,,,,,,,,,,,,,,pending
main,2026-05-21,159667,工业母机ETF,HOLD,66.7,B,,R2,NEUTRAL,0,6.0,,,,,,,,B级，R2暂不追加，持续观察,2.345,2.405,,,,0.025586,,,,0.029424,-0.00597,0.007075,,,,0.018511,,,,False,pending
main,2026-05-21,561910,电池ETF,HOLD,66.5,B,,R2,NEUTRAL,0,6.0,,,,,,,,B级，R2暂不追加，持续观察,0.962,,,,,,,,,,,,,,,,,,,,pending
main,2026-05-21,515790,光伏ETF,HOLD,63.8,B,,R2,NEUTRAL,0,6.0,,,,,,,,B级，R2暂不追加，持续观察,1.093,1.102,,,,0.008234,,,,0.015554,-0.00366,0.007075,,,,0.001159,,,,False,pending
main,2026-05-21,562960,绿色电力ETF,HOLD,59.8,B,,R2,NEUTRAL,0,6.0,,,,,,,,B级，R2暂不追加，持续观察,1.24,,,,,,,,,,,,,,,,,,,,pending
main,2026-05-21,515450,红利低波50,HOLD,58.5,B,,R2,NEUTRAL,0,6.0,,,,,,,,B级，R2暂不追加，持续观察,1.415,1.41,,,,-0.003534,,,,0.003534,-0.010601,0.007075,,,,-0.010608,,,,False,pending
main,2026-05-21,159206,卫星ETF,HOLD,57.7,B,,R2,NEUTRAL,0,6.0,,,,,,,,B级，R2暂不追加，持续观察,1.774,1.79,,,,0.009019,,,,0.019166,-0.008455,0.007075,,,,0.001944,,,,False,pending
main,2026-05-21,510500,中证500ETF,HOLD,56.7,B,,R2,NEUTRAL,0,6.0,,,,,,,,B级，R2暂不追加，持续观察,8.503,8.61,,,,0.012584,,,,0.016112,0.000823,0.007075,,,,0.005509,,,,False,pending
main,2026-05-21,600900,长江电力,HOLD,56.2,B,,R2,NEUTRAL,0,6.0,,,,,,,,B级，R2暂不追加，持续观察,26.66,26.66,,,,0.0,,,,0.003751,-0.006002,0.007075,,,,-0.007075,,,,False,pending
main,2026-05-21,516850,新能源ETF,HOLD,55.8,B,,R2,NEUTRAL,0,6.0,,,,,,,,B级，R2暂不追加，持续观察,1.157,1.164,,,,0.00605,,,,0.012965,-0.000864,0.007075,,,,-0.001025,,,,False,pending
main,2026-05-21,510050,上证50ETF,HOLD,55.4,B,,R2,NEUTRAL,0,6.0,,,,,,,,B级，R2暂不追加，持续观察,2.994,2.99,,,,-0.001336,,,,0.005344,-0.004676,0.007075,,,,-0.008411,,,,False,pending
main,2026-05-21,159941,纳指ETF,HOLD,55.4,B,,R2,NEUTRAL,0,6.0,,,,,,,,B级，R2暂不追加，持续观察,1.561,1.59,,,,0.018578,,,,0.018578,0.005766,0.007075,,,,0.011503,,,,False,pending
main,2026-05-21,159611,电力ETF,HOLD,54.7,C,,R2,NEUTRAL,0,0,,,,,,,,C级品种，综合分55，观察但不配置,1.137,1.14,,,,0.002639,,,,0.009675,-0.014072,0.007075,,,,-0.004436,,,,True,pending
main,2026-05-21,159915,创业板ETF,HOLD,52.7,C,,R2,NEUTRAL,0,0,,,,,,,,C级品种，综合分53，观察但不配置,3.846,3.91,,,,0.016641,,,,0.021841,0.00624,0.007075,,,,0.009566,,,,False,pending
main,2026-05-21,600036,招商银行,HOLD,50.4,C,,R2,NEUTRAL,0,0,,,,,,,,C级品种，综合分50，观察但不配置,37.15,37.24,,,,0.002423,,,,0.004845,-0.004845,0.007075,,,,-0.004652,,,,True,pending
main,2026-05-21,159715,稀土ETF,HOLD,50.2,C,,R2,NEUTRAL,0,0,,,,,,,,C级品种，综合分50，观察但不配置,1.298,1.317,,,,0.014638,,,,0.01926,-0.003082,0.007075,,,,0.007563,,,,True,pending
main,2026-05-21,513180,恒生科技ETF,HOLD,49.0,C,,R2,NEUTRAL,0,0,,,,,,,,C级品种，综合分49，观察但不配置,0.608,0.616,,,,0.013158,,,,0.018092,0.001645,0.007075,,,,0.006083,,,,False,pending
main,2026-05-21,601398,工商银行,AVOID,48.6,C,,R2,NEUTRAL,0,0,,,,,,,,政策/综合评分不足，禁止配置,7.15,7.22,,,,0.00979,,,,0.00979,-0.004196,0.007075,,,,0.002715,,,,True,pending
main,2026-05-21,515220,煤炭ETF,AVOID,47.4,C,,R2,NEUTRAL,0,0,,,,,,,,政策/综合评分不足，禁止配置,1.19,1.17,,,,-0.016807,,,,0.0,-0.016807,0.007075,,,,-0.023882,,,,True,pending
main,2026-05-21,512400,有色金属ETF,HOLD,45.7,C,,R2,NEUTRAL,0,0,,,,,,,,C级品种，综合分46，观察但不配置,1.947,1.99,,,,0.022085,,,,0.027221,-0.003595,0.007075,,,,0.01501,,,,True,pending
main,2026-05-21,515850,证券ETF,HOLD,44.4,C,,R2,NEUTRAL,0,0,,,,,,,,C级品种，综合分44，观察但不配置,1.309,1.285,,,,-0.018335,,,,0.005348,-0.019099,0.007075,,,,-0.02541,,,,True,pending
main,2026-05-21,159567,港股创新药ETF,HOLD,42.6,C,,R2,NEUTRAL,0,0,,,,,,,,C级品种，综合分43，观察但不配置,0.688,0.69,,,,0.002907,,,,0.017442,0.002907,0.007075,,,,-0.004168,,,,False,pending
main,2026-05-21,159870,化工ETF,AVOID,42.5,C,,R2,NEUTRAL,0,0,,,,,,,,政策/综合评分不足，禁止配置,0.858,0.865,,,,0.008159,,,,0.012821,-0.005828,0.007075,,,,0.001084,,,,True,pending
main,2026-05-21,518880,黄金ETF,HOLD,41.8,C,,R2,NEUTRAL,0,0,,,,,,,,C级品种，综合分42，观察但不配置,9.45,9.46,,,,0.001058,,,,0.002116,0.0,0.007075,,,,-0.006017,,,,True,pending
main,2026-05-21,159275,农牧渔ETF,AVOID,40.9,C,,R2,NEUTRAL,0,0,,,,,,,,政策/综合评分不足，禁止配置,0.874,0.867,,,,-0.008009,,,,0.008009,-0.012586,0.007075,,,,-0.015084,,,,True,pending
main,2026-05-21,600989,宝丰能源,AVOID,38.0,D,,R2,NEUTRAL,0,0,,,,,,,,政策/综合评分不足，禁止配置,26.55,26.25,,,,-0.011299,,,,0.00791,-0.013559,0.007075,,,,-0.018374,,,,True,pending
main,2026-05-22,002371,北方华创,BUY_WATCH,86.2,S,,R2,NEUTRAL,3.3,6.0,,,,,,,,连涨5日+距MA5偏+6.0%，追高风险降为观察,647.9,,,,,,,,,,,,,,,,,,,,pending
main,2026-05-22,561980,半导体设备ETF,BUY_WATCH,76.6,A,,R2,NEUTRAL,2.6,6.0,,,,,,,,A级，可择机建仓 ⚠️连涨0日(+1.6%),,,,,,,,,,,,,,,,,,,,,missing_price
main,2026-05-22,300274,阳光电源,BUY_WATCH,75.9,A,,R2,NEUTRAL,2.6,6.0,,,,,,,,A级，可择机建仓 ⚠️连涨0日偏+4.0%,163.63,,,,,,,,,,,,,,,,,,,,pending
main,2026-05-22,159995,芯片ETF,BUY_WATCH,71.7,A,,R2,NEUTRAL,2.6,6.0,,,,,,,,A级，可择机建仓 ⚠️连涨0日(+2.2%),2.478,,,,,,,,,,,,,,,,,,,,pending
main,2026-05-22,562500,机器人ETF,BUY_WATCH,70.2,A,,R2,NEUTRAL,2.0,6.0,,,,,,,,A级，可择机建仓 ⚠️连涨0日(+0.2%),,,,,,,,,,,,,,,,,,,,,missing_price
main,2026-05-22,512480,半导体ETF,HOLD,69.3,B,,R2,NEUTRAL,0,6.0,,,,,,,,B级，R2暂不追加，持续观察,2.15,,,,,,,,,,,,,,,,,,,,pending
main,2026-05-22,561910,电池ETF,HOLD,67.5,B,,R2,NEUTRAL,0,6.0,,,,,,,,B级，R2暂不追加，持续观察,,,,,,,,,,,,,,,,,,,,,missing_price
main,2026-05-22,159909,TMT50ETF,HOLD,65.7,B,,R2,NEUTRAL,0,6.0,,,,,,,,B级，R2暂不追加，持续观察,1.41,,,,,,,,,,,,,,,,,,,,pending
main,2026-05-22,562960,绿色电力ETF,HOLD,65.6,B,,R2,NEUTRAL,0,6.0,,,,,,,,B级，R2暂不追加，持续观察,,,,,,,,,,,,,,,,,,,,,missing_price
main,2026-05-22,588080,科创50ETF,HOLD,65.1,B,,R2,NEUTRAL,0,6.0,,,,,,,,B级，R2暂不追加，持续观察,1.81,,,,,,,,,,,,,,,,,,,,pending
main,2026-05-22,159915,创业板ETF,HOLD,64.3,B,,R2,NEUTRAL,0,6.0,,,,,,,,B级，R2暂不追加，持续观察,3.91,,,,,,,,,,,,,,,,,,,,pending
main,2026-05-22,159667,工业母机ETF,HOLD,64.2,B,,R2,NEUTRAL,0,6.0,,,,,,,,B级，R2暂不追加，持续观察,2.405,,,,,,,,,,,,,,,,,,,,pending
main,2026-05-22,515450,红利低波50,HOLD,62.7,B,,R2,NEUTRAL,0,6.0,,,,,,,,B级，R2暂不追加，持续观察,1.41,,,,,,,,,,,,,,,,,,,,pending
main,2026-05-22,159326,电网设备ETF,HOLD,61.2,B,,R2,NEUTRAL,0,6.0,,,,,,,,B级，R2暂不追加，持续观察,2.063,,,,,,,,,,,,,,,,,,,,pending
main,2026-05-22,515850,证券ETF,HOLD,60.8,B,,R2,NEUTRAL,0,6.0,,,,,,,,B级，R2暂不追加，持续观察,1.285,,,,,,,,,,,,,,,,,,,,pending
main,2026-05-22,515790,光伏ETF,HOLD,59.8,B,,R2,NEUTRAL,0,6.0,,,,,,,,B级，R2暂不追加，持续观察,1.102,,,,,,,,,,,,,,,,,,,,pending
main,2026-05-22,516850,新能源ETF,HOLD,59.7,B,,R2,NEUTRAL,0,6.0,,,,,,,,B级，R2暂不追加，持续观察,1.164,,,,,,,,,,,,,,,,,,,,pending
main,2026-05-22,159611,电力ETF,HOLD,59.6,B,,R2,NEUTRAL,0,6.0,,,,,,,,B级，R2暂不追加，持续观察,1.14,,,,,,,,,,,,,,,,,,,,pending
main,2026-05-22,600900,长江电力,HOLD,59.4,B,,R2,NEUTRAL,0,6.0,,,,,,,,B级，R2暂不追加，持续观察,26.66,,,,,,,,,,,,,,,,,,,,pending
main,2026-05-22,159941,纳指ETF,HOLD,58.2,B,,R2,NEUTRAL,0,6.0,,,,,,,,B级，R2暂不追加，持续观察,1.59,,,,,,,,,,,,,,,,,,,,pending
main,2026-05-22,510050,上证50ETF,HOLD,57.9,B,,R2,NEUTRAL,0,6.0,,,,,,,,B级，R2暂不追加，持续观察,2.99,,,,,,,,,,,,,,,,,,,,pending
main,2026-05-22,601398,工商银行,HOLD,55.5,B,,R2,NEUTRAL,0,0,,,,,,,,综合分56，观察池高分品种关注,7.22,,,,,,,,,,,,,,,,,,,,pending
main,2026-05-22,159567,港股创新药ETF,HOLD,54.9,C,,R2,NEUTRAL,0,0,,,,,,,,C级品种，综合分55，观察但不配置,0.69,,,,,,,,,,,,,,,,,,,,pending
main,2026-05-22,159206,卫星ETF,HOLD,54.4,C,,R2,NEUTRAL,0,0,,,,,,,,C级品种，综合分54，观察但不配置,1.79,,,,,,,,,,,,,,,,,,,,pending
main,2026-05-22,600036,招商银行,HOLD,52.3,C,,R2,NEUTRAL,0,0,,,,,,,,C级品种，综合分52，观察但不配置,37.24,,,,,,,,,,,,,,,,,,,,pending
main,2026-05-22,515880,通信ETF,HOLD,51.5,C,,R2,NEUTRAL,0,0,,,,,,,,C级品种，综合分52，观察但不配置,1.48,,,,,,,,,,,,,,,,,,,,pending
main,2026-05-22,518880,黄金ETF,HOLD,49.7,C,,R2,NEUTRAL,0,0,,,,,,,,C级品种，综合分50，观察但不配置,9.46,,,,,,,,,,,,,,,,,,,,pending
main,2026-05-22,159715,稀土ETF,HOLD,48.9,C,,R2,NEUTRAL,0,0,,,,,,,,C级品种，综合分49，观察但不配置,1.317,,,,,,,,,,,,,,,,,,,,pending
main,2026-05-22,510500,中证500ETF,HOLD,46.0,C,,R2,NEUTRAL,0,0,,,,,,,,C级品种，综合分46，观察但不配置,8.61,,,,,,,,,,,,,,,,,,,,pending
main,2026-05-22,515220,煤炭ETF,AVOID,44.5,C,,R2,NEUTRAL,0,0,,,,,,,,政策/综合评分不足，禁止配置,1.17,,,,,,,,,,,,,,,,,,,,pending
main,2026-05-22,159275,农牧渔ETF,AVOID,43.4,C,,R2,NEUTRAL,0,0,,,,,,,,政策/综合评分不足，禁止配置,0.867,,,,,,,,,,,,,,,,,,,,pending
main,2026-05-22,512400,有色金属ETF,HOLD,41.3,C,,R2,NEUTRAL,0,0,,,,,,,,C级品种，综合分41，观察但不配置,1.99,,,,,,,,,,,,,,,,,,,,pending
main,2026-05-22,513180,恒生科技ETF,HOLD,40.4,C,,R2,NEUTRAL,0,0,,,,,,,,C级品种，综合分40，观察但不配置,0.616,,,,,,,,,,,,,,,,,,,,pending
main,2026-05-22,159870,化工ETF,AVOID,37.2,D,,R2,NEUTRAL,0,0,,,,,,,,政策/综合评分不足，禁止配置,0.865,,,,,,,,,,,,,,,,,,,,pending
main,2026-05-22,600989,宝丰能源,AVOID,35.7,D,,R2,NEUTRAL,0,0,,,,,,,,政策/综合评分不足，禁止配置,26.25,,,,,,,,,,,,,,,,,,,,pending
