source,signal_date,code,name,signal,score,tier,stars,regime,sentiment_level,position_pct,stop_loss_pct,theme,cluster,pool,signal_3d,market_panic,triggers,cautions,note,close_t,close_t1,close_t3,close_t5,close_t10,ret_1d,ret_3d,ret_5d,ret_10d,max_gain_10d,max_drawdown_10d,ret_csi300_1d,ret_csi300_3d,ret_csi300_5d,ret_csi300_10d,excess_1d,excess_3d,excess_5d,excess_10d,hit_stop_10d,review_status
stock,2026-04-23,688981,中芯国际,SELL_STOP,-4,,,,,0,5.0,半导体代工,semicon,core,★★★,,,,跌破60线; RSI超买78,106.45,110.96,114.0,118.73,121.98,0.042367,0.070925,0.115359,0.14589,0.20357,-0.017285,-0.003543,-0.005875,0.004383,0.033788,0.045911,0.0768,0.110976,0.112102,False,complete
stock,2026-04-23,688012,中微公司,REDUCE,-2,,,,,0,1.08,半导体设备,semicon,core,★★★,,,,跌破60线,315.9,323.38,362.27,376.3,388.45,0.023678,0.146787,0.1912,0.229661,0.304907,-0.02026,-0.003543,-0.005875,0.004383,0.033788,0.027222,0.152662,0.186816,0.195873,True,complete
stock,2026-04-23,603986,兆易创新,REDUCE,-2,,,,,0,5.0,存储芯片,semicon,candidate,★★☆,,,,RSI超买79,306.33,297.7,307.5,312.99,353.55,-0.028172,0.003819,0.021741,0.154147,0.199719,-0.044135,-0.003543,-0.005875,0.004383,0.033788,-0.024629,0.009694,0.017358,0.12036,False,complete
stock,2026-04-23,601899,紫金矿业,REDUCE,-2,,,,,0,1.51,铜金矿,commodity,watch,★☆☆,,,,跌破60线,34.46,34.31,32.95,33.3,34.58,-0.004353,-0.043819,-0.033662,0.003482,0.025247,-0.056587,-0.003543,-0.005875,0.004383,0.033788,-0.000809,-0.037944,-0.038046,-0.030306,True,complete
stock,2026-04-23,600031,三一重工,REDUCE,-2,,,,,0,-2.15,工程机械,machinery,watch,★★☆,,,,跌破60线,19.58,19.52,20.14,20.35,21.36,-0.003064,0.028601,0.039326,0.090909,0.14811,-0.01379,-0.003543,-0.005875,0.004383,0.033788,0.000479,0.034476,0.034943,0.057121,True,complete
stock,2026-04-23,603259,药明康德,REDUCE,-2,,,,,0,-1.36,CXO,pharma,watch,★☆☆,,,,跌破20线; 绿柱扩张,100.29,100.08,110.57,109.55,110.33,-0.002094,0.102503,0.092332,0.10011,0.141689,-0.019942,-0.003543,-0.005875,0.004383,0.033788,0.001449,0.108378,0.087949,0.066322,True,complete
stock,2026-04-23,600519,贵州茅台,REDUCE,-2,,,,,0,-1.56,高端白酒,consumer,core,★★★,,,,跌破60线,1415.98,1458.49,1405.0,1384.79,1354.55,0.030022,-0.007754,-0.022027,-0.043383,0.030297,-0.046244,-0.003543,-0.005875,0.004383,0.033788,0.033565,-0.001879,-0.02641,-0.077171,True,complete
stock,2026-04-23,601888,中国中免,REDUCE,-2,,,,,0,-3.94,免税零售,consumer,candidate,★★☆,,,,跌破60线,66.31,65.42,64.56,65.62,61.55,-0.013422,-0.026391,-0.010406,-0.071784,0.010406,-0.077062,-0.003543,-0.005875,0.004383,0.033788,-0.009878,-0.020516,-0.014789,-0.105572,True,complete
stock,2026-04-23,688041,海光信息,REDUCE,-2,,,,,0,5.0,国产CPU/GPU,semicon,core,★★★,,,,RSI超买85,263.76,285.0,289.0,296.25,349.19,0.080528,0.095693,0.12318,0.323893,0.360328,0.027677,-0.003543,-0.005875,0.004383,0.033788,0.084071,0.101568,0.118797,0.290105,False,complete
stock,2026-04-23,600183,生益科技,REDUCE,-2,,,,,0,5.0,PCB基板/覆铜板,pcb,core,★★★,,,,RSI超买96,75.05,72.63,76.62,76.51,85.62,-0.032245,0.020919,0.019454,0.140839,0.1503,-0.046636,-0.003543,-0.005875,0.004383,0.033788,-0.028702,0.026794,0.01507,0.107052,False,complete
stock,2026-04-23,600426,华鲁恒升,REDUCE,-2,,,,,0,-1.02,煤化工/化肥,chemical,candidate,★★☆,,,,跌破60线,36.16,37.62,38.99,38.5,34.99,0.040376,0.078263,0.064712,-0.032356,0.097898,-0.041206,-0.003543,-0.005875,0.004383,0.033788,0.04392,0.084138,0.060329,-0.066144,True,complete
stock,2026-04-23,603799,华友钴业,REDUCE,-2,,,,,0,1.04,钴/三元前驱体,battery_materials,candidate,★★☆,,,,跌破60线,62.3,64.28,64.26,66.09,62.37,0.031782,0.031461,0.060835,0.001124,0.129213,-0.011075,-0.003543,-0.005875,0.004383,0.033788,0.035325,0.037336,0.056451,-0.032664,True,complete
stock,2026-04-23,002594,比亚迪,REDUCE,-2,,,,,0,-2.46,电动车/刀片电池,new_energy,core,★★★,,,,跌破20线; 绿柱扩张,100.01,99.46,101.48,102.98,99.23,-0.005499,0.014699,0.029697,-0.007799,0.056294,-0.013099,-0.003543,-0.005875,0.004383,0.033788,-0.001956,0.020574,0.025314,-0.041587,True,complete
stock,2026-04-23,002714,牧原股份,REDUCE,-2,,,,,0,-1.75,生猪养殖,agriculture,candidate,★★☆,,,,跌破60线,43.46,43.14,43.3,44.7,42.93,-0.007363,-0.003682,0.028532,-0.012195,0.044409,-0.030833,-0.003543,-0.005875,0.004383,0.033788,-0.00382,0.002194,0.024149,-0.045983,True,complete
stock,2026-04-23,601318,中国平安,REDUCE,-2,,,,,0,0.14,保险/金融科技,finance,candidate,★★☆,,,,跌破60线,57.96,57.78,57.63,59.37,59.4,-0.003106,-0.005694,0.024327,0.024845,0.054348,-0.015528,-0.003543,-0.005875,0.004383,0.033788,0.000438,0.000181,0.019944,-0.008943,True,complete
stock,2026-04-23,603993,洛阳钼业,REDUCE,-3,,,,,0,3.09,铜/钴矿,commodity,core,★★★,,,,跌破60线; RSI偏高69,19.43,19.37,18.48,18.62,20.58,-0.003088,-0.048893,-0.041688,0.059187,0.078744,-0.064848,-0.003543,-0.005875,0.004383,0.033788,0.000455,-0.043018,-0.046071,0.025399,True,complete
stock,2026-04-23,600438,通威股份,REDUCE,-3,,,,,0,5.02,光伏电池/硅料,new_energy,candidate,★★☆,,,,跌破60线; RSI偏高71,18.32,17.85,17.23,17.37,16.99,-0.025655,-0.059498,-0.051856,-0.072598,-0.004367,-0.088428,-0.003543,-0.005875,0.004383,0.033788,-0.022112,-0.053623,-0.056239,-0.106386,True,complete
stock,2026-04-23,002028,思源电气,BUY_WATCH,4,,,,,4,5.0,特高压/变电设备,power_equip,core,★★★,,,,多头排列; 红柱扩张,224.5,222.13,195.25,195.0,198.35,-0.010557,-0.13029,-0.131403,-0.116481,0.009354,-0.147216,-0.003543,-0.005875,0.004383,0.033788,-0.007013,-0.124414,-0.135786,-0.150269,True,complete
stock,2026-04-23,300750,宁德时代,BUY_WATCH,3,,,,,4,5.0,动力电池,battery,core,★★★,,,,多头排列,440.35,444.9,427.67,436.0,431.25,0.010333,-0.028795,-0.009879,-0.020665,0.064494,-0.0394,-0.003543,-0.005875,0.004383,0.033788,0.013876,-0.02292,-0.014262,-0.054453,False,complete
stock,2026-04-23,600309,万华化学,BUY_WATCH,3,,,,,4,2.17,MDI/聚氨酯,chemical,core,★★★,,,,多头排列,87.74,89.54,89.48,89.54,83.29,0.020515,0.019831,0.020515,-0.050718,0.036243,-0.059152,-0.003543,-0.005875,0.004383,0.033788,0.024059,0.025706,0.016132,-0.084506,True,complete
stock,2026-04-23,000338,潍柴动力,BUY_WATCH,3,,,,,2,4.99,重型发动机/氢燃料,machinery,candidate,★★☆,,,,多头排列; 红柱扩张; RSI偏高69; 放量1.5x,29.48,29.59,30.08,31.2,32.7,0.003731,0.020353,0.058345,0.109227,0.216079,-0.018318,-0.003543,-0.005875,0.004383,0.033788,0.007275,0.026228,0.053961,0.075439,False,complete
stock,2026-04-23,300502,新易盛,HOLD,2,,,,,0,5.0,光模块,optics,core,★★★,,,,多头排列; RSI偏高78,611.28,537.27,535.46,525.79,592.52,-0.121074,-0.124035,-0.139854,-0.03069,-0.018862,-0.160777,-0.003543,-0.005875,0.004383,0.033788,-0.11753,-0.11816,-0.144237,-0.064478,True,complete
stock,2026-04-23,002463,沪电股份,HOLD,2,,,,,0,5.0,高多层PCB,pcb,core,★★★,,,,多头排列; 红柱扩张; RSI超买88,106.91,101.88,101.38,102.07,108.68,-0.047049,-0.051726,-0.045272,0.016556,0.041624,-0.078197,-0.003543,-0.005875,0.004383,0.033788,-0.043505,-0.045851,-0.049655,-0.017232,True,complete
stock,2026-04-23,000568,泸州老窖,HOLD,2,,,,,0,-1.29,高端白酒,food_bev,candidate,★★☆,,,,跌破60线; MACD金叉; RSI偏低33; 放量1.6x,101.8,102.63,100.2,100.1,94.78,0.008153,-0.015717,-0.016699,-0.068959,0.017191,-0.073674,-0.003543,-0.005875,0.004383,0.033788,0.011697,-0.009842,-0.021083,-0.102747,True,complete
stock,2026-04-23,300394,天孚通信,HOLD,1,,,,,0,2.53,光通信器件,optics,core,★★☆,,,,站20/60线,350.2,323.87,309.8,307.5,342.45,-0.075186,-0.115363,-0.12193,-0.02213,-0.00257,-0.129069,-0.003543,-0.005875,0.004383,0.033788,-0.071642,-0.109488,-0.126314,-0.055918,True,complete
stock,2026-04-23,002384,东山精密,HOLD,1,,,,,0,5.0,PCB/光模块封装,optics,candidate,★★☆,,,,多头排列; 红柱扩张; RSI超买92,186.03,187.9,183.9,186.73,219.46,0.010052,-0.01145,0.003763,0.179702,0.23636,-0.049186,-0.003543,-0.005875,0.004383,0.033788,0.013596,-0.005575,-0.00062,0.145914,False,complete
stock,2026-04-23,601138,工业富联,HOLD,1,,,,,0,5.0,AI服务器/精密制造,consumer_elec,candidate,★★☆,,,,多头排列; 红柱扩张; RSI超买84,67.85,65.01,68.2,62.88,64.4,-0.041857,0.005158,-0.07325,-0.050847,0.016802,-0.090052,-0.003543,-0.005875,0.004383,0.033788,-0.038314,0.011034,-0.077633,-0.084635,True,complete
stock,2026-04-23,601088,中国神华,HOLD,1,,,,,0,0.68,煤炭/电力,commodity,watch,★★☆,,,,站20/60线,46.97,47.19,48.15,48.0,45.2,0.004684,0.025122,0.021929,-0.037684,0.036832,-0.047264,-0.003543,-0.005875,0.004383,0.033788,0.008227,0.030997,0.017546,-0.071472,True,complete
stock,2026-04-23,300308,中际旭创,HOLD,0,,,,,0,5.0,光模块,optics,core,★★★,,,,多头排列; RSI超买100,898.1,885.99,824.0,857.5,1017.99,-0.013484,-0.082508,-0.045207,0.133493,0.13896,-0.092273,-0.003543,-0.005875,0.004383,0.033788,-0.009941,-0.076632,-0.04959,0.099705,True,complete
stock,2026-04-23,688498,源杰科技,HOLD,0,,,,,0,5.0,光芯片基材,optics,candidate,★★☆,,,,站20/60线; RSI偏高78,1404.94,962.518,995.425,1084.014,1194.466,-0.314905,-0.291482,-0.228427,-0.14981,-0.132181,-0.341929,-0.003543,-0.005875,0.004383,0.033788,-0.311361,-0.285607,-0.23281,-0.183598,True,complete
stock,2026-04-23,600276,恒瑞医药,HOLD,0,,,,,0,0.64,创新药,pharma,watch,★☆☆,,,,,56.55,56.05,54.84,53.88,56.11,-0.008842,-0.030239,-0.047215,-0.007781,0.041026,-0.078338,-0.003543,-0.005875,0.004383,0.033788,-0.005298,-0.024364,-0.051598,-0.041569,True,complete
stock,2026-04-23,002475,立讯精密,HOLD,0,,,,,0,5.0,消费电子精密制造,consumer_elec,core,★★★,,,,多头排列; RSI超买89,68.02,66.0,69.88,67.0,77.19,-0.029697,0.027345,-0.014996,0.134813,0.158189,-0.053661,-0.003543,-0.005875,0.004383,0.033788,-0.026154,0.03322,-0.019379,0.101025,True,complete
stock,2026-04-23,000333,美的集团,HOLD,0,,,,,0,3.77,家电/工业机器人,consumer,core,★★★,,,,,79.94,79.66,80.45,81.1,80.09,-0.003503,0.00638,0.014511,0.001876,0.031399,-0.011634,-0.003543,-0.005875,0.004383,0.033788,4.1e-05,0.012255,0.010128,-0.031911,False,complete
stock,2026-04-23,600887,伊利股份,HOLD,0,,,,,0,-2.69,乳制品/食品,consumer,candidate,★★☆,,,,跌破60线; RSI超卖19,25.28,25.25,25.49,27.46,28.01,-0.001187,0.008307,0.086234,0.107991,0.123418,-0.005142,-0.003543,-0.005875,0.004383,0.033788,0.002357,0.014182,0.081851,0.074203,True,complete
stock,2026-04-23,300476,胜宏科技,HOLD,0,,,,,0,5.0,PCB,pcb,candidate,★★☆,,,,站20/60线; RSI偏高74,332.87,315.59,313.06,328.49,375.43,-0.051912,-0.059513,-0.013158,0.127858,0.155977,-0.086731,-0.003543,-0.005875,0.004383,0.033788,-0.048369,-0.053638,-0.017542,0.09407,True,complete
stock,2026-04-23,603288,海天味业,HOLD,0,,,,,0,-2.26,调味品,food_bev,watch,★☆☆,,,,跌破20线; 绿柱扩张; RSI超卖23,39.74,39.92,39.26,38.64,37.84,0.004529,-0.012079,-0.02768,-0.047811,0.021389,-0.049824,-0.003543,-0.005875,0.004383,0.033788,0.008073,-0.006203,-0.032063,-0.081599,True,complete
stock,2026-04-23,688256,寒武纪,HOLD,-1,,,,,0,5.0,AI推理芯片,semicon,watch,★☆☆,,,,站20/60线; RSI超买87,1329.99,906.711,921.477,1139.906,1277.87,-0.318257,-0.307155,-0.142921,-0.039188,-0.008672,-0.354045,-0.003543,-0.005875,0.004383,0.033788,-0.314714,-0.30128,-0.147305,-0.072976,True,complete
stock,2026-04-23,300274,阳光电源,HOLD,-1,,,,,0,-1.65,逆变器,new_energy,core,★★★,,,,跌破60线; 红柱扩张,134.95,133.105,129.205,136.725,139.85,-0.013672,-0.042571,0.013153,0.03631,0.082734,-0.080215,-0.003543,-0.005875,0.004383,0.033788,-0.010128,-0.036696,0.00877,0.002522,True,complete
stock,2026-04-23,000858,五粮液,HOLD,-1,,,,,0,-1.55,高端白酒,consumer,candidate,★★☆,,,,跌破60线; RSI偏低31,101.14,101.27,100.2,97.08,90.56,0.001285,-0.009294,-0.040142,-0.104607,0.007712,-0.109156,-0.003543,-0.005875,0.004383,0.033788,0.004829,-0.003419,-0.044526,-0.138395,True,complete
stock,2026-04-23,000651,格力电器,HOLD,-1,,,,,0,-1.24,家电,consumer,candidate,★★☆,,,,跌破60线; RSI偏低31,36.95,37.11,38.44,40.05,40.34,0.00433,0.040325,0.083897,0.091746,0.10636,-0.006495,-0.003543,-0.005875,0.004383,0.033788,0.007874,0.0462,0.079514,0.057958,True,complete
stock,2026-04-23,601012,隆基绿能,HOLD,-1,,,,,0,0.23,光伏组件,new_energy,watch,★☆☆,,,,跌破60线; 红柱扩张,17.55,17.39,16.95,16.46,16.7,-0.009117,-0.034188,-0.062108,-0.048433,0.00057,-0.098575,-0.003543,-0.005875,0.004383,0.033788,-0.005573,-0.028313,-0.066492,-0.082221,True,complete
stock,2026-04-23,600030,中信证券,HOLD,-1,,,,,0,4.69,综合券商,finance,candidate,★★☆,,,,RSI偏高74,26.46,26.23,27.3,27.22,27.22,-0.008692,0.031746,0.028723,0.028723,0.052154,-0.015495,-0.003543,-0.005875,0.004383,0.033788,-0.005149,0.037621,0.024339,-0.005065,False,complete
stock,2026-04-23,300760,迈瑞医疗,HOLD,-1,,,,,0,-0.19,医疗器械,pharma,candidate,★★☆,,,,跌破60线; 红柱扩张,160.93,161.0,161.11,168.4,166.39,0.000435,0.001118,0.046418,0.033928,0.097123,-0.020692,-0.003543,-0.005875,0.004383,0.033788,0.003978,0.006994,0.042034,0.00014,True,complete
stock,2026-04-24,600031,三一重工,SELL_STOP,-4,,,,,0,-2.56,工程机械,machinery,watch,★★☆,,,,跌破60线; MACD死叉,19.52,19.5,20.5,20.91,21.39,-0.001025,0.050205,0.071209,0.095799,0.151639,-0.006148,0.000331,0.008592,0.022586,0.048008,-0.001356,0.041613,0.048623,0.047791,True,complete
stock,2026-04-24,601899,紫金矿业,REDUCE,-2,,,,,0,0.76,铜金矿,commodity,watch,★☆☆,,,,跌破60线,34.31,33.56,34.14,34.21,34.66,-0.02186,-0.004955,-0.002915,0.010201,0.029729,-0.052463,0.000331,0.008592,0.022586,0.048008,-0.022191,-0.013547,-0.0255,-0.037807,True,complete
stock,2026-04-24,000858,五粮液,REDUCE,-2,,,,,0,-1.42,高端白酒,consumer,candidate,★★☆,,,,跌破60线,101.27,100.2,98.34,92.26,89.15,-0.010566,-0.028933,-0.08897,-0.11968,-0.007307,-0.123729,0.000331,0.008592,0.022586,0.048008,-0.010897,-0.037525,-0.111556,-0.167689,True,complete
stock,2026-04-24,601888,中国中免,REDUCE,-2,,,,,0,-4.94,免税零售,consumer,candidate,★★☆,,,,跌破60线,65.42,65.62,65.95,63.03,61.38,0.003057,0.008101,-0.036533,-0.061755,0.024152,-0.072149,0.000331,0.008592,0.022586,0.048008,0.002726,-0.000491,-0.059119,-0.109763,True,complete
stock,2026-04-24,000651,格力电器,REDUCE,-2,,,,,0,-0.7,家电,consumer,candidate,★★☆,,,,跌破60线,37.11,37.51,40.47,39.95,40.3,0.010779,0.090542,0.076529,0.085961,0.10159,-0.003503,0.000331,0.008592,0.022586,0.048008,0.010447,0.081949,0.053943,0.037952,True,complete
stock,2026-04-24,600183,生益科技,REDUCE,-2,,,,,0,5.0,PCB基板/覆铜板,pcb,core,★★★,,,,RSI超买87,72.63,76.67,78.0,80.81,94.18,0.055624,0.073936,0.112626,0.296709,0.296709,0.018863,0.000331,0.008592,0.022586,0.048008,0.055293,0.065344,0.09004,0.248701,False,complete
stock,2026-04-24,603799,华友钴业,REDUCE,-2,,,,,0,4.32,钴/三元前驱体,battery_materials,candidate,★★☆,,,,跌破60线,64.78,65.8,67.16,67.47,62.3,0.015746,0.03674,0.041525,-0.038283,0.085983,-0.048935,0.000331,0.008592,0.022586,0.048008,0.015414,0.028147,0.018939,-0.086292,True,complete
stock,2026-04-24,002594,比亚迪,REDUCE,-2,,,,,0,-2.85,电动车/刀片电池,new_energy,core,★★★,,,,跌破20线; 绿柱扩张,99.46,102.34,105.4,100.75,98.6,0.028956,0.059723,0.01297,-0.008647,0.062136,-0.01659,0.000331,0.008592,0.022586,0.048008,0.028625,0.05113,-0.009616,-0.056655,True,complete
stock,2026-04-24,601012,隆基绿能,REDUCE,-2,,,,,0,-0.4,光伏组件,new_energy,watch,★☆☆,,,,跌破60线,17.39,17.14,16.55,16.55,16.78,-0.014376,-0.048304,-0.048304,-0.035078,0.0023,-0.090282,0.000331,0.008592,0.022586,0.048008,-0.014707,-0.056896,-0.070889,-0.083086,True,complete
stock,2026-04-24,002714,牧原股份,REDUCE,-2,,,,,0,-2.41,生猪养殖,agriculture,candidate,★★☆,,,,跌破60线,43.14,42.26,44.62,44.64,42.38,-0.020399,0.034307,0.034771,-0.017617,0.052156,-0.023644,0.000331,0.008592,0.022586,0.048008,-0.02073,0.025715,0.012185,-0.065625,True,complete
stock,2026-04-24,601318,中国平安,REDUCE,-2,,,,,0,-0.26,保险/金融科技,finance,candidate,★★☆,,,,跌破60线,57.78,57.55,59.43,59.36,58.04,-0.003981,0.028557,0.027345,0.0045,0.057632,-0.010038,0.000331,0.008592,0.022586,0.048008,-0.004312,0.019964,0.004759,-0.043509,True,complete
stock,2026-04-24,300394,天孚通信,REDUCE,-3,,,,,0,-5.37,光通信器件,optics,core,★★☆,,,,跌破20线; MACD死叉,323.87,322.25,311.09,316.16,378.19,-0.005002,-0.03946,-0.023806,0.167722,0.185013,-0.058264,0.000331,0.008592,0.022586,0.048008,-0.005333,-0.048053,-0.046392,0.119713,True,complete
stock,2026-04-24,300274,阳光电源,REDUCE,-3,,,,,0,-1.32,逆变器,new_energy,core,★★★,,,,跌破60线; 缩量0.6x,133.79,130.705,137.385,139.845,142.65,-0.023059,0.02687,0.045257,0.066223,0.092122,-0.07224,0.000331,0.008592,0.022586,0.048008,-0.02339,0.018278,0.022672,0.018215,True,complete
stock,2026-04-24,600276,恒瑞医药,REDUCE,-3,,,,,0,-0.64,创新药,pharma,watch,★☆☆,,,,跌破60线; 绿柱扩张,56.05,55.38,54.99,53.63,55.86,-0.011954,-0.018912,-0.043176,-0.00339,0.050312,-0.070116,0.000331,0.008592,0.022586,0.048008,-0.012285,-0.027504,-0.065762,-0.051398,True,complete
stock,2026-04-24,603993,洛阳钼业,REDUCE,-3,,,,,0,2.27,铜/钴矿,commodity,core,★★★,,,,跌破60线; RSI偏高71,19.37,19.0,19.19,19.48,20.99,-0.019102,-0.009293,0.005679,0.083634,0.107383,-0.061951,0.000331,0.008592,0.022586,0.048008,-0.019433,-0.017885,-0.016907,0.035626,True,complete
stock,2026-04-24,600438,通威股份,REDUCE,-3,,,,,0,4.2,光伏电池/硅料,new_energy,candidate,★★☆,,,,跌破60线; RSI偏高73,17.85,17.62,17.33,17.36,17.21,-0.012885,-0.029132,-0.027451,-0.035854,0.002801,-0.064426,0.000331,0.008592,0.022586,0.048008,-0.013216,-0.037724,-0.050037,-0.083863,True,complete
stock,2026-04-24,600030,中信证券,REDUCE,-3,,,,,0,3.43,综合券商,finance,candidate,★★☆,,,,跌破60线; RSI偏高73,26.23,26.77,27.32,27.49,27.15,0.020587,0.041555,0.048037,0.035074,0.06138,0.006481,0.000331,0.008592,0.022586,0.048008,0.020256,0.032963,0.025451,-0.012934,False,complete
stock,2026-04-24,600519,贵州茅台,BUY_WATCH,3,,,,,4,1.19,高端白酒,consumer,core,★★★,,,,站20/60线; 放量1.6x,1458.49,1403.2,1401.17,1375.0,1344.09,-0.037909,-0.039301,-0.057244,-0.078437,-0.02639,-0.082613,0.000331,0.008592,0.022586,0.048008,-0.03824,-0.047893,-0.07983,-0.126446,True,complete
stock,2026-04-24,600309,万华化学,BUY_WATCH,3,,,,,4,3.55,MDI/聚氨酯,chemical,core,★★★,,,,多头排列; 红柱扩张; RSI偏高69,89.54,88.97,90.35,89.73,83.33,-0.006366,0.009046,0.002122,-0.069354,0.015412,-0.078624,0.000331,0.008592,0.022586,0.048008,-0.006697,0.000454,-0.020464,-0.117363,True,complete
stock,2026-04-24,002028,思源电气,BUY_WATCH,3,,,,,4,5.0,特高压/变电设备,power_equip,core,★★★,,,,多头排列,222.13,207.48,196.86,206.0,207.2,-0.065952,-0.113762,-0.072615,-0.067213,-0.029982,-0.138117,0.000331,0.008592,0.022586,0.048008,-0.066284,-0.122355,-0.095201,-0.115221,True,complete
stock,2026-04-24,300502,新易盛,HOLD,2,,,,,0,4.42,光模块,optics,core,★★★,,,,站20/60线,537.27,538.0,537.0,522.48,628.99,0.001359,-0.000503,-0.027528,0.170715,0.174065,-0.045173,0.000331,0.008592,0.022586,0.048008,0.001027,-0.009095,-0.050114,0.122706,True,complete
stock,2026-04-24,300750,宁德时代,HOLD,2,,,,,0,5.0,动力电池,battery,core,★★★,,,,多头排列; RSI偏高76,444.9,434.88,445.0,460.0,434.05,-0.022522,0.000225,0.03394,-0.024388,0.053608,-0.049225,0.000331,0.008592,0.022586,0.048008,-0.022853,-0.008368,0.011354,-0.072396,False,complete
stock,2026-04-24,600426,华鲁恒升,HOLD,2,,,,,0,2.58,煤化工/化肥,chemical,candidate,★★☆,,,,MACD金叉,37.62,37.94,39.19,38.57,34.5,0.008506,0.041733,0.025253,-0.082935,0.05529,-0.088251,0.000331,0.008592,0.022586,0.048008,0.008175,0.033141,0.002667,-0.130943,True,complete
stock,2026-04-24,000338,潍柴动力,HOLD,2,,,,,0,5.0,重型发动机/氢燃料,machinery,candidate,★★☆,,,,多头排列; 红柱扩张; RSI偏高71,29.59,29.66,30.15,34.32,34.34,0.002366,0.018925,0.159851,0.160527,0.211558,-0.002028,0.000331,0.008592,0.022586,0.048008,0.002034,0.010333,0.137266,0.112519,False,complete
stock,2026-04-24,601138,工业富联,HOLD,1,,,,,0,5.0,AI服务器/精密制造,consumer_elec,candidate,★★☆,,,,多头排列; RSI偏高75,65.01,67.25,66.26,63.08,70.84,0.034456,0.019228,-0.029688,0.089679,0.089679,-0.0503,0.000331,0.008592,0.022586,0.048008,0.034125,0.010635,-0.052274,0.04167,True,complete
stock,2026-04-24,300476,胜宏科技,HOLD,1,,,,,0,5.0,PCB,pcb,candidate,★★☆,,,,站20/60线,315.59,317.4,333.87,325.92,387.4,0.005735,0.057923,0.032732,0.227542,0.234196,-0.036725,0.000331,0.008592,0.022586,0.048008,0.005404,0.049331,0.010147,0.179534,False,complete
stock,2026-04-24,601088,中国神华,HOLD,1,,,,,0,1.21,煤炭/电力,commodity,watch,★★☆,,,,站20/60线,47.19,46.78,47.98,47.73,44.8,-0.008688,0.016741,0.011443,-0.050646,0.031998,-0.053825,0.000331,0.008592,0.022586,0.048008,-0.00902,0.008149,-0.011143,-0.098655,True,complete
stock,2026-04-24,300308,中际旭创,HOLD,0,,,,,0,5.0,光模块,optics,core,★★★,,,,多头排列; RSI超买96,886.99,856.03,845.0,856.0,1049.2,-0.034905,-0.04734,-0.034938,0.182877,0.186259,-0.080903,0.000331,0.008592,0.022586,0.048008,-0.035236,-0.055932,-0.057524,0.134868,True,complete
stock,2026-04-24,688498,源杰科技,HOLD,0,,,,,0,5.0,光芯片基材,optics,candidate,★★☆,,,,站20/60线; RSI偏高75,1395.0,978.395,1045.356,1056.408,1178.588,-0.298642,-0.250641,-0.242718,-0.155134,-0.125997,-0.33724,0.000331,0.008592,0.022586,0.048008,-0.298973,-0.259233,-0.265304,-0.203142,True,complete
stock,2026-04-24,002384,东山精密,HOLD,0,,,,,0,5.0,PCB/光模块封装,optics,candidate,★★☆,,,,多头排列; RSI超买92,187.9,186.7,184.25,191.88,220.75,-0.006386,-0.019425,0.021181,0.174827,0.224055,-0.058648,0.000331,0.008592,0.022586,0.048008,-0.006718,-0.028018,-0.001404,0.126819,True,complete
stock,2026-04-24,688012,中微公司,HOLD,0,,,,,0,3.11,半导体设备,semicon,core,★★★,,,,跌破60线; 红柱扩张; 放量1.6x,323.38,352.01,359.76,383.3,405.6,0.088534,0.112499,0.185293,0.254252,0.274723,-0.001855,0.000331,0.008592,0.022586,0.048008,0.088202,0.103907,0.162707,0.206244,False,complete
stock,2026-04-24,688256,寒武纪,HOLD,0,,,,,0,5.0,AI推理芯片,semicon,watch,★☆☆,,,,多头排列; RSI超买86,1352.5,909.544,949.752,1223.826,1316.88,-0.327509,-0.29778,-0.095138,-0.026336,-0.025171,-0.335171,0.000331,0.008592,0.022586,0.048008,-0.32784,-0.306373,-0.117724,-0.074345,True,complete
stock,2026-04-24,600887,伊利股份,HOLD,0,,,,,0,-2.69,乳制品/食品,consumer,candidate,★★☆,,,,跌破60线; RSI超卖20,25.25,25.25,26.57,27.45,27.9,0.0,0.052277,0.087129,0.10495,0.124752,-0.00396,0.000331,0.008592,0.022586,0.048008,-0.000331,0.043685,0.064543,0.056942,True,complete
stock,2026-04-24,688041,海光信息,HOLD,0,,,,,0,5.0,国产CPU/GPU,semicon,core,★★★,,,,红柱扩张; RSI超买88; 放量2.1x,285.0,296.27,278.77,344.41,348.19,0.039544,-0.02186,0.208456,0.221719,0.258947,-0.048912,0.000331,0.008592,0.022586,0.048008,0.039213,-0.030452,0.18587,0.173711,False,complete
stock,2026-04-24,688981,中芯国际,HOLD,0,,,,,0,5.0,半导体代工,semicon,core,★★★,,,,红柱扩张; RSI超买85; 放量2.2x,110.96,116.58,112.47,123.1,121.86,0.050649,0.013609,0.109409,0.098234,0.15465,-0.010634,0.000331,0.008592,0.022586,0.048008,0.050318,0.005016,0.086823,0.050225,False,complete
stock,2026-04-24,002463,沪电股份,HOLD,0,,,,,0,5.0,高多层PCB,pcb,core,★★★,,,,多头排列; RSI超买80,102.38,104.45,101.48,104.29,112.58,0.020219,-0.008791,0.018656,0.099629,0.102559,-0.03741,0.000331,0.008592,0.022586,0.048008,0.019888,-0.017383,-0.00393,0.05162,False,complete
stock,2026-04-24,000568,泸州老窖,HOLD,0,,,,,0,-0.51,高端白酒,food_bev,candidate,★★☆,,,,跌破60线; 红柱扩张; 放量1.5x,102.63,100.35,101.73,98.33,92.7,-0.022216,-0.008769,-0.041898,-0.096755,0.003605,-0.101432,0.000331,0.008592,0.022586,0.048008,-0.022547,-0.017362,-0.064484,-0.144764,True,complete
stock,2026-04-24,603986,兆易创新,HOLD,-1,,,,,0,5.0,存储芯片,semicon,candidate,★★☆,,,,RSI偏高72,297.7,303.42,308.89,344.29,365.0,0.019214,0.037588,0.1565,0.226067,0.234498,-0.002351,0.000331,0.008592,0.022586,0.048008,0.018883,0.028996,0.133914,0.178058,False,complete
stock,2026-04-24,603259,药明康德,HOLD,-1,,,,,0,-1.83,CXO,pharma,watch,★☆☆,,,,跌破20线,100.08,100.52,111.18,109.0,108.92,0.004396,0.110911,0.089129,0.088329,0.144085,-0.009193,0.000331,0.008592,0.022586,0.048008,0.004065,0.102319,0.066543,0.040321,True,complete
stock,2026-04-24,002475,立讯精密,HOLD,-1,,,,,0,5.0,消费电子精密制造,consumer_elec,core,★★★,,,,站20/60线; RSI超买86,66.0,71.97,68.64,67.08,80.15,0.090455,0.04,0.016364,0.214394,0.239091,0.004394,0.000331,0.008592,0.022586,0.048008,0.090123,0.031408,-0.006222,0.166386,False,complete
stock,2026-04-24,000333,美的集团,HOLD,-1,,,,,0,3.1,家电/工业机器人,consumer,core,★★★,,,,RSI偏高75,79.66,79.5,81.31,80.44,80.38,-0.002009,0.020713,0.009792,0.009038,0.035024,-0.00816,0.000331,0.008592,0.022586,0.048008,-0.00234,0.012121,-0.012794,-0.03897,False,complete
stock,2026-04-24,300760,迈瑞医疗,HOLD,-1,,,,,0,-0.04,医疗器械,pharma,candidate,★★☆,,,,跌破60线; 红柱扩张,161.0,158.01,168.4,172.68,165.94,-0.018571,0.045963,0.072547,0.030683,0.096646,-0.021118,0.000331,0.008592,0.022586,0.048008,-0.018903,0.03737,0.049961,-0.017325,True,complete
stock,2026-04-24,603288,海天味业,HOLD,-1,,,,,0,-2.15,调味品,food_bev,watch,★☆☆,,,,跌破20线; RSI偏低31; 缩量0.6x,39.92,39.85,39.27,38.74,37.74,-0.001754,-0.016283,-0.029559,-0.054609,0.016784,-0.060872,0.000331,0.008592,0.022586,0.048008,-0.002085,-0.024875,-0.052145,-0.102618,True,complete
stock,2026-04-25,600031,三一重工,SELL_STOP,-4,,,,,0,-2.56,工程机械,machinery,watch,★★☆,,,,跌破60线; MACD死叉,19.52,20.14,20.35,20.98,20.61,0.031762,0.04252,0.074795,0.05584,0.151639,-0.001537,,,,,,,,,True,complete
stock,2026-04-25,601899,紫金矿业,REDUCE,-2,,,,,0,0.76,铜金矿,commodity,watch,★☆☆,,,,跌破60线,34.31,32.95,33.3,34.46,33.52,-0.039639,-0.029437,0.004372,-0.023025,0.029729,-0.052463,,,,,,,,,True,complete
stock,2026-04-25,000858,五粮液,REDUCE,-2,,,,,0,-1.42,高端白酒,consumer,candidate,★★☆,,,,跌破60线,101.27,100.2,97.08,92.6,88.99,-0.010566,-0.041375,-0.085613,-0.12126,-0.009677,-0.133208,,,,,,,,,True,complete
stock,2026-04-25,601888,中国中免,REDUCE,-2,,,,,0,-4.94,免税零售,consumer,candidate,★★☆,,,,跌破60线,65.42,64.56,65.62,63.05,60.8,-0.013146,0.003057,-0.036227,-0.070621,0.024152,-0.082085,,,,,,,,,True,complete
stock,2026-04-25,000651,格力电器,REDUCE,-2,,,,,0,-0.7,家电,consumer,candidate,★★☆,,,,跌破60线,37.11,38.44,40.05,39.89,40.22,0.035839,0.079224,0.074912,0.083805,0.10159,0.006737,,,,,,,,,True,complete
stock,2026-04-25,600183,生益科技,REDUCE,-2,,,,,0,5.0,PCB基板/覆铜板,pcb,core,★★★,,,,RSI超买87,72.63,76.62,76.51,82.0,93.32,0.054936,0.053421,0.12901,0.284869,0.383726,0.020102,,,,,,,,,False,complete
stock,2026-04-25,603799,华友钴业,REDUCE,-2,,,,,0,4.32,钴/三元前驱体,battery_materials,candidate,★★☆,,,,跌破60线,64.78,64.26,66.09,67.7,59.81,-0.008027,0.020222,0.045076,-0.076721,0.085983,-0.082124,,,,,,,,,True,complete
stock,2026-04-25,002594,比亚迪,REDUCE,-2,,,,,0,-2.85,电动车/刀片电池,new_energy,core,★★★,,,,跌破20线; 绿柱扩张,99.46,101.48,102.98,100.46,98.73,0.02031,0.035391,0.010054,-0.00734,0.062136,-0.01659,,,,,,,,,True,complete
stock,2026-04-25,601012,隆基绿能,REDUCE,-2,,,,,0,-0.4,光伏组件,new_energy,watch,★☆☆,,,,跌破60线,17.39,16.95,16.46,16.55,16.3,-0.025302,-0.053479,-0.048304,-0.06268,-0.010351,-0.090282,,,,,,,,,True,complete
stock,2026-04-25,002714,牧原股份,REDUCE,-2,,,,,0,-2.41,生猪养殖,agriculture,candidate,★★☆,,,,跌破60线,43.14,43.3,44.7,44.07,42.63,0.003709,0.036161,0.021558,-0.011822,0.052156,-0.023644,,,,,,,,,True,complete
stock,2026-04-25,601318,中国平安,REDUCE,-2,,,,,0,-0.26,保险/金融科技,finance,candidate,★★☆,,,,跌破60线,57.78,57.63,59.37,60.04,56.9,-0.002596,0.027518,0.039114,-0.01523,0.057632,-0.016096,,,,,,,,,True,complete
stock,2026-04-25,300394,天孚通信,REDUCE,-3,,,,,0,-5.37,光通信器件,optics,core,★★☆,,,,跌破20线; MACD死叉,323.87,309.8,307.5,328.14,392.0,-0.043443,-0.050545,0.013184,0.210362,0.255318,-0.058264,,,,,,,,,True,complete
stock,2026-04-25,300274,阳光电源,REDUCE,-3,,,,,0,-1.32,逆变器,new_energy,core,★★★,,,,跌破60线; 缩量0.6x,133.79,129.205,136.725,138.815,135.03,-0.03427,0.021937,0.037559,0.009268,0.092122,-0.07224,,,,,,,,,True,complete
stock,2026-04-25,600276,恒瑞医药,REDUCE,-3,,,,,0,-0.64,创新药,pharma,watch,★☆☆,,,,跌破60线; 绿柱扩张,56.05,54.84,53.88,53.68,54.32,-0.021588,-0.038715,-0.042284,-0.030865,0.050312,-0.070116,,,,,,,,,True,complete
stock,2026-04-25,603993,洛阳钼业,REDUCE,-3,,,,,0,2.27,铜/钴矿,commodity,core,★★★,,,,跌破60线; RSI偏高71,19.37,18.48,18.62,19.86,20.05,-0.045947,-0.03872,0.025297,0.035106,0.107383,-0.061951,,,,,,,,,True,complete
stock,2026-04-25,600438,通威股份,REDUCE,-3,,,,,0,4.2,光伏电池/硅料,new_energy,candidate,★★☆,,,,跌破60线; RSI偏高73,17.85,17.23,17.37,17.49,16.94,-0.034734,-0.026891,-0.020168,-0.05098,0.001681,-0.064426,,,,,,,,,True,complete
stock,2026-04-25,600030,中信证券,REDUCE,-3,,,,,0,3.43,综合券商,finance,candidate,★★☆,,,,跌破60线; RSI偏高73,26.23,27.3,27.22,27.23,26.66,0.040793,0.037743,0.038124,0.016393,0.06138,0.016393,,,,,,,,,False,complete
stock,2026-04-25,600519,贵州茅台,BUY_WATCH,3,,,,,4,1.19,高端白酒,consumer,core,★★★,,,,站20/60线; 放量1.6x,1458.49,1405.0,1384.79,1371.05,1342.17,-0.036675,-0.050532,-0.059952,-0.079754,-0.033418,-0.084546,,,,,,,,,True,complete
stock,2026-04-25,600309,万华化学,BUY_WATCH,3,,,,,4,3.55,MDI/聚氨酯,chemical,core,★★★,,,,多头排列; 红柱扩张; RSI偏高69,89.54,89.48,89.54,84.8,81.99,-0.00067,0.0,-0.052937,-0.08432,0.013067,-0.085325,,,,,,,,,True,complete
stock,2026-04-25,002028,思源电气,BUY_WATCH,3,,,,,4,5.0,特高压/变电设备,power_equip,core,★★★,,,,多头排列,222.13,195.25,195.0,206.68,202.8,-0.12101,-0.122136,-0.069554,-0.087021,-0.049385,-0.138117,,,,,,,,,True,complete
stock,2026-04-25,300502,新易盛,HOLD,2,,,,,0,4.42,光模块,optics,core,★★★,,,,站20/60线,537.27,535.46,525.79,563.5,617.9,-0.003369,-0.021367,0.048821,0.150074,0.216707,-0.045173,,,,,,,,,True,complete
stock,2026-04-25,300750,宁德时代,HOLD,2,,,,,0,5.0,动力电池,battery,core,★★★,,,,多头排列; RSI偏高76,444.9,427.67,436.0,451.64,427.0,-0.038728,-0.020004,0.015149,-0.040234,0.053608,-0.049225,,,,,,,,,False,complete
stock,2026-04-25,600426,华鲁恒升,HOLD,2,,,,,0,2.58,煤化工/化肥,chemical,candidate,★★☆,,,,MACD金叉,37.62,38.99,38.5,36.12,33.97,0.036417,0.023392,-0.039872,-0.097023,0.05529,-0.097023,,,,,,,,,True,complete
stock,2026-04-25,000338,潍柴动力,HOLD,2,,,,,0,5.0,重型发动机/氢燃料,machinery,candidate,★★☆,,,,多头排列; 红柱扩张; RSI偏高71,29.59,30.08,31.2,35.0,34.2,0.01656,0.05441,0.182832,0.155796,0.211558,-0.002028,,,,,,,,,False,complete
stock,2026-04-25,601138,工业富联,HOLD,1,,,,,0,5.0,AI服务器/精密制造,consumer_elec,candidate,★★☆,,,,多头排列; RSI偏高75,65.01,68.2,62.88,64.18,68.6,0.049069,-0.032764,-0.012767,0.055222,0.138286,-0.0503,,,,,,,,,True,complete
stock,2026-04-25,300476,胜宏科技,HOLD,1,,,,,0,5.0,PCB,pcb,candidate,★★☆,,,,站20/60线,315.59,313.06,328.49,338.06,354.83,-0.008017,0.040876,0.0712,0.124339,0.235781,-0.036725,,,,,,,,,False,complete
stock,2026-04-25,601088,中国神华,HOLD,1,,,,,0,1.21,煤炭/电力,commodity,watch,★★☆,,,,站20/60线,47.19,48.15,48.0,45.59,45.17,0.020343,0.017165,-0.033905,-0.042806,0.031998,-0.056368,,,,,,,,,True,complete
stock,2026-04-25,300308,中际旭创,HOLD,0,,,,,0,5.0,光模块,optics,core,★★★,,,,多头排列; RSI超买96,886.99,824.0,857.5,877.47,1078.0,-0.071015,-0.033247,-0.010733,0.215346,0.227612,-0.080903,,,,,,,,,True,complete
stock,2026-04-25,688498,源杰科技,HOLD,0,,,,,0,5.0,光芯片基材,optics,candidate,★★☆,,,,站20/60线; RSI偏高75,1395.0,995.425,1084.014,1124.053,1128.195,-0.286434,-0.222929,-0.194227,-0.191258,-0.125997,-0.310642,,,,,,,,,True,complete
stock,2026-04-25,002384,东山精密,HOLD,0,,,,,0,5.0,PCB/光模块封装,optics,candidate,★★☆,,,,多头排列; RSI超买92,187.9,183.9,186.73,211.07,214.89,-0.021288,-0.006227,0.12331,0.14364,0.224055,-0.058648,,,,,,,,,True,complete
stock,2026-04-25,688012,中微公司,HOLD,0,,,,,0,3.11,半导体设备,semicon,core,★★★,,,,跌破60线; 红柱扩张; 放量1.6x,323.38,362.27,376.3,384.6,387.17,0.120261,0.163646,0.189313,0.19726,0.274723,0.080865,,,,,,,,,False,complete
stock,2026-04-25,688256,寒武纪,HOLD,0,,,,,0,5.0,AI推理芯片,semicon,watch,★☆☆,,,,多头排列; RSI超买86,1352.5,921.477,1139.906,1252.685,1260.58,-0.318686,-0.157186,-0.0738,-0.067963,-0.001848,-0.332397,,,,,,,,,True,complete
stock,2026-04-25,600887,伊利股份,HOLD,0,,,,,0,-2.69,乳制品/食品,consumer,candidate,★★☆,,,,跌破60线; RSI超卖20,25.25,25.49,27.46,27.53,27.78,0.009505,0.087525,0.090297,0.100198,0.124752,-0.002772,,,,,,,,,True,complete
stock,2026-04-25,688041,海光信息,HOLD,0,,,,,0,5.0,国产CPU/GPU,semicon,core,★★★,,,,红柱扩张; RSI超买88; 放量2.1x,285.0,289.0,296.25,341.6,325.2,0.014035,0.039474,0.198596,0.141053,0.258947,-0.048912,,,,,,,,,False,complete
stock,2026-04-25,688981,中芯国际,HOLD,0,,,,,0,5.0,半导体代工,semicon,core,★★★,,,,红柱扩张; RSI超买85; 放量2.2x,110.96,114.0,118.73,125.34,117.9,0.027397,0.070025,0.129596,0.062545,0.15465,-0.010634,,,,,,,,,False,complete
stock,2026-04-25,002463,沪电股份,HOLD,0,,,,,0,5.0,高多层PCB,pcb,core,★★★,,,,多头排列; RSI超买80,102.38,101.38,102.07,107.38,107.02,-0.009768,-0.003028,0.048838,0.045321,0.117992,-0.03741,,,,,,,,,False,complete
stock,2026-04-25,000568,泸州老窖,HOLD,0,,,,,0,-0.51,高端白酒,food_bev,candidate,★★☆,,,,跌破60线; 红柱扩张; 放量1.5x,102.63,100.2,100.1,99.05,94.35,-0.023677,-0.024652,-0.034883,-0.080678,0.003605,-0.101432,,,,,,,,,True,complete
stock,2026-04-25,603986,兆易创新,HOLD,-1,,,,,0,5.0,存储芯片,semicon,candidate,★★☆,,,,RSI偏高72,297.7,307.5,312.99,350.16,356.19,0.032919,0.05136,0.176218,0.196473,0.254619,-0.002351,,,,,,,,,False,complete
stock,2026-04-25,603259,药明康德,HOLD,-1,,,,,0,-1.83,CXO,pharma,watch,★☆☆,,,,跌破20线,100.08,110.57,109.55,111.28,103.01,0.104816,0.094624,0.11191,0.029277,0.144085,0.029177,,,,,,,,,False,complete
stock,2026-04-25,002475,立讯精密,HOLD,-1,,,,,0,5.0,消费电子精密制造,consumer_elec,core,★★★,,,,站20/60线; RSI超买86,66.0,69.88,67.0,69.52,75.4,0.058788,0.015152,0.053333,0.142424,0.239091,0.004394,,,,,,,,,False,complete
stock,2026-04-25,000333,美的集团,HOLD,-1,,,,,0,3.1,家电/工业机器人,consumer,core,★★★,,,,RSI偏高75,79.66,80.45,81.1,79.81,81.81,0.009917,0.018077,0.001883,0.02699,0.035024,-0.006402,,,,,,,,,False,complete
stock,2026-04-25,300760,迈瑞医疗,HOLD,-1,,,,,0,-0.04,医疗器械,pharma,candidate,★★☆,,,,跌破60线; 红柱扩张,161.0,161.11,168.4,170.5,161.24,0.000683,0.045963,0.059006,0.001491,0.096646,-0.021118,,,,,,,,,True,complete
stock,2026-04-25,603288,海天味业,HOLD,-1,,,,,0,-2.15,调味品,food_bev,watch,★☆☆,,,,跌破20线; RSI偏低31; 缩量0.6x,39.92,39.26,38.64,38.73,37.35,-0.016533,-0.032064,-0.02981,-0.064379,0.016784,-0.06488,,,,,,,,,True,complete
stock,2026-04-26,600031,三一重工,SELL_STOP,-4,,,,,0,-2.56,工程机械,machinery,watch,★★☆,,,,跌破60线; MACD死叉,19.52,20.14,20.35,20.98,20.61,0.031762,0.04252,0.074795,0.05584,0.151639,-0.001537,,,,,,,,,True,complete
stock,2026-04-26,601899,紫金矿业,REDUCE,-2,,,,,0,0.76,铜金矿,commodity,watch,★☆☆,,,,跌破60线,34.31,32.95,33.3,34.46,33.52,-0.039639,-0.029437,0.004372,-0.023025,0.029729,-0.052463,,,,,,,,,True,complete
stock,2026-04-26,000858,五粮液,REDUCE,-2,,,,,0,-1.42,高端白酒,consumer,candidate,★★☆,,,,跌破60线,101.27,100.2,97.08,92.6,88.99,-0.010566,-0.041375,-0.085613,-0.12126,-0.009677,-0.133208,,,,,,,,,True,complete
stock,2026-04-26,601888,中国中免,REDUCE,-2,,,,,0,-4.94,免税零售,consumer,candidate,★★☆,,,,跌破60线,65.42,64.56,65.62,63.05,60.8,-0.013146,0.003057,-0.036227,-0.070621,0.024152,-0.082085,,,,,,,,,True,complete
stock,2026-04-26,000651,格力电器,REDUCE,-2,,,,,0,-0.7,家电,consumer,candidate,★★☆,,,,跌破60线,37.11,38.44,40.05,39.89,40.22,0.035839,0.079224,0.074912,0.083805,0.10159,0.006737,,,,,,,,,True,complete
stock,2026-04-26,600183,生益科技,REDUCE,-2,,,,,0,5.0,PCB基板/覆铜板,pcb,core,★★★,,,,RSI超买87,72.63,76.62,76.51,82.0,93.32,0.054936,0.053421,0.12901,0.284869,0.383726,0.020102,,,,,,,,,False,complete
stock,2026-04-26,603799,华友钴业,REDUCE,-2,,,,,0,4.32,钴/三元前驱体,battery_materials,candidate,★★☆,,,,跌破60线,64.78,64.26,66.09,67.7,59.81,-0.008027,0.020222,0.045076,-0.076721,0.085983,-0.082124,,,,,,,,,True,complete
stock,2026-04-26,002594,比亚迪,REDUCE,-2,,,,,0,-2.85,电动车/刀片电池,new_energy,core,★★★,,,,跌破20线; 绿柱扩张,99.46,101.48,102.98,100.46,98.73,0.02031,0.035391,0.010054,-0.00734,0.062136,-0.01659,,,,,,,,,True,complete
stock,2026-04-26,601012,隆基绿能,REDUCE,-2,,,,,0,-0.4,光伏组件,new_energy,watch,★☆☆,,,,跌破60线,17.39,16.95,16.46,16.55,16.3,-0.025302,-0.053479,-0.048304,-0.06268,-0.010351,-0.090282,,,,,,,,,True,complete
stock,2026-04-26,002714,牧原股份,REDUCE,-2,,,,,0,-2.41,生猪养殖,agriculture,candidate,★★☆,,,,跌破60线,43.14,43.3,44.7,44.07,42.63,0.003709,0.036161,0.021558,-0.011822,0.052156,-0.023644,,,,,,,,,True,complete
stock,2026-04-26,601318,中国平安,REDUCE,-2,,,,,0,-0.26,保险/金融科技,finance,candidate,★★☆,,,,跌破60线,57.78,57.63,59.37,60.04,56.9,-0.002596,0.027518,0.039114,-0.01523,0.057632,-0.016096,,,,,,,,,True,complete
stock,2026-04-26,688777,中控技术,REDUCE,-2,,,,,0,1.13,工业自动化DCS,industrial_auto,candidate,★★☆,,,,跌破60线,67.39,76.35,79.29,82.58,75.43,0.132957,0.176584,0.225404,0.119306,0.263986,0.105654,,,,,,,,,False,complete
stock,2026-04-26,600893,航发动力,REDUCE,-2,,,,,0,-0.94,航空发动机,defense,candidate,★★☆,,,,跌破60线,49.11,45.6,46.25,48.33,48.56,-0.071472,-0.058237,-0.015883,-0.011199,0.07921,-0.08145,,,,,,,,,True,complete
stock,2026-04-26,300394,天孚通信,REDUCE,-3,,,,,0,-5.37,光通信器件,optics,core,★★☆,,,,跌破20线; MACD死叉,323.87,309.8,307.5,328.14,392.0,-0.043443,-0.050545,0.013184,0.210362,0.255318,-0.058264,,,,,,,,,True,complete
stock,2026-04-26,300274,阳光电源,REDUCE,-3,,,,,0,-1.32,逆变器,new_energy,core,★★★,,,,跌破60线; 缩量0.6x,133.79,129.205,136.725,138.815,135.03,-0.03427,0.021937,0.037559,0.009268,0.092122,-0.07224,,,,,,,,,True,complete
stock,2026-04-26,600276,恒瑞医药,REDUCE,-3,,,,,0,-0.64,创新药,pharma,watch,★☆☆,,,,跌破60线; 绿柱扩张,56.05,54.84,53.88,53.68,54.32,-0.021588,-0.038715,-0.042284,-0.030865,0.050312,-0.070116,,,,,,,,,True,complete
stock,2026-04-26,603993,洛阳钼业,REDUCE,-3,,,,,0,2.27,铜/钴矿,commodity,core,★★★,,,,跌破60线; RSI偏高71,19.37,18.48,18.62,19.86,20.05,-0.045947,-0.03872,0.025297,0.035106,0.107383,-0.061951,,,,,,,,,True,complete
stock,2026-04-26,600438,通威股份,REDUCE,-3,,,,,0,4.2,光伏电池/硅料,new_energy,candidate,★★☆,,,,跌破60线; RSI偏高73,17.85,17.23,17.37,17.49,16.94,-0.034734,-0.026891,-0.020168,-0.05098,0.001681,-0.064426,,,,,,,,,True,complete
stock,2026-04-26,600030,中信证券,REDUCE,-3,,,,,0,3.43,综合券商,finance,candidate,★★☆,,,,跌破60线; RSI偏高73,26.23,27.3,27.22,27.23,26.66,0.040793,0.037743,0.038124,0.016393,0.06138,0.016393,,,,,,,,,False,complete
stock,2026-04-26,600879,航天电子,REDUCE,-3,,,,,0,4.32,军工电子/惯导,defense,candidate,★★☆,,,,跌破60线; RSI偏高69,23.62,22.34,23.97,25.31,24.1,-0.054191,0.014818,0.07155,0.020322,0.157917,-0.057155,,,,,,,,,True,complete
stock,2026-04-26,600519,贵州茅台,BUY_WATCH,3,,,,,4,1.19,高端白酒,consumer,core,★★★,,,,站20/60线; 放量1.6x,1458.49,1405.0,1384.79,1371.05,1342.17,-0.036675,-0.050532,-0.059952,-0.079754,-0.033418,-0.084546,,,,,,,,,True,complete
stock,2026-04-26,600309,万华化学,BUY_WATCH,3,,,,,4,3.55,MDI/聚氨酯,chemical,core,★★★,,,,多头排列; 红柱扩张; RSI偏高69,89.54,89.48,89.54,84.8,81.99,-0.00067,0.0,-0.052937,-0.08432,0.013067,-0.085325,,,,,,,,,True,complete
stock,2026-04-26,002028,思源电气,BUY_WATCH,3,,,,,4,5.0,特高压/变电设备,power_equip,core,★★★,,,,多头排列,222.13,195.25,195.0,206.68,202.8,-0.12101,-0.122136,-0.069554,-0.087021,-0.049385,-0.138117,,,,,,,,,True,complete
stock,2026-04-26,600522,中天科技,BUY_WATCH,3,,,,,4,5.0,海缆/光纤/电力电缆,optics,core,★★★,,,,多头排列,33.21,35.0,33.12,38.38,44.1,0.053899,-0.00271,0.155676,0.327913,0.390545,-0.021078,,,,,,,,,False,complete
stock,2026-04-26,300502,新易盛,HOLD,2,,,,,0,4.42,光模块,optics,core,★★★,,,,站20/60线,537.27,535.46,525.79,563.5,617.9,-0.003369,-0.021367,0.048821,0.150074,0.216707,-0.045173,,,,,,,,,True,complete
stock,2026-04-26,300750,宁德时代,HOLD,2,,,,,0,5.0,动力电池,battery,core,★★★,,,,多头排列; RSI偏高76,444.9,427.67,436.0,451.64,427.0,-0.038728,-0.020004,0.015149,-0.040234,0.053608,-0.049225,,,,,,,,,False,complete
stock,2026-04-26,600426,华鲁恒升,HOLD,2,,,,,0,2.58,煤化工/化肥,chemical,candidate,★★☆,,,,MACD金叉,37.62,38.99,38.5,36.12,33.97,0.036417,0.023392,-0.039872,-0.097023,0.05529,-0.097023,,,,,,,,,True,complete
stock,2026-04-26,000338,潍柴动力,HOLD,2,,,,,0,5.0,重型发动机/氢燃料,machinery,candidate,★★☆,,,,多头排列; 红柱扩张; RSI偏高71,29.59,30.08,31.2,35.0,34.2,0.01656,0.05441,0.182832,0.155796,0.211558,-0.002028,,,,,,,,,False,complete
stock,2026-04-26,601138,工业富联,HOLD,1,,,,,0,5.0,AI服务器/精密制造,consumer_elec,candidate,★★☆,,,,多头排列; RSI偏高75,65.01,68.2,62.88,64.18,68.6,0.049069,-0.032764,-0.012767,0.055222,0.138286,-0.0503,,,,,,,,,True,complete
stock,2026-04-26,300476,胜宏科技,HOLD,1,,,,,0,5.0,PCB,pcb,candidate,★★☆,,,,站20/60线,315.59,313.06,328.49,338.06,354.83,-0.008017,0.040876,0.0712,0.124339,0.235781,-0.036725,,,,,,,,,False,complete
stock,2026-04-26,601088,中国神华,HOLD,1,,,,,0,1.21,煤炭/电力,commodity,watch,★★☆,,,,站20/60线,47.19,48.15,48.0,45.59,45.17,0.020343,0.017165,-0.033905,-0.042806,0.031998,-0.056368,,,,,,,,,True,complete
stock,2026-04-26,600498,烽火通信,HOLD,1,,,,,0,2.85,光通信设备,optics,candidate,★★☆,,,,站20/60线,52.26,52.3,46.68,51.82,59.17,0.000765,-0.106774,-0.008419,0.132223,0.20532,-0.113088,,,,,,,,,True,complete
stock,2026-04-26,688048,长光华芯,HOLD,1,,,,,0,5.0,半导体激光芯片,optics,candidate,★★☆,,,,多头排列; 红柱扩张; RSI超买82,385.73,364.59,352.03,392.87,448.1,-0.054805,-0.087367,0.01851,0.161693,0.201281,-0.108029,,,,,,,,,True,complete
stock,2026-04-26,300757,罗博特科,HOLD,1,,,,,0,5.0,光伏/新能源自动化装备,industrial_auto,candidate,★★☆,,,,站20/60线,501.43,506.05,482.1,510.32,589.0,0.009214,-0.03855,0.017729,0.174641,0.249746,-0.080649,,,,,,,,,True,complete
stock,2026-04-26,300308,中际旭创,HOLD,0,,,,,0,5.0,光模块,optics,core,★★★,,,,多头排列; RSI超买96,886.99,824.0,857.5,877.47,1078.0,-0.071015,-0.033247,-0.010733,0.215346,0.227612,-0.080903,,,,,,,,,True,complete
stock,2026-04-26,688498,源杰科技,HOLD,0,,,,,0,5.0,光芯片基材,optics,candidate,★★☆,,,,站20/60线; RSI偏高75,1395.0,995.425,1084.014,1124.053,1128.195,-0.286434,-0.222929,-0.194227,-0.191258,-0.125997,-0.310642,,,,,,,,,True,complete
stock,2026-04-26,002384,东山精密,HOLD,0,,,,,0,5.0,PCB/光模块封装,optics,candidate,★★☆,,,,多头排列; RSI超买92,187.9,183.9,186.73,211.07,214.89,-0.021288,-0.006227,0.12331,0.14364,0.224055,-0.058648,,,,,,,,,True,complete
stock,2026-04-26,688012,中微公司,HOLD,0,,,,,0,3.11,半导体设备,semicon,core,★★★,,,,跌破60线; 红柱扩张; 放量1.6x,323.38,362.27,376.3,384.6,387.17,0.120261,0.163646,0.189313,0.19726,0.274723,0.080865,,,,,,,,,False,complete
stock,2026-04-26,688256,寒武纪,HOLD,0,,,,,0,5.0,AI推理芯片,semicon,watch,★☆☆,,,,多头排列; RSI超买86,1352.5,921.477,1139.906,1252.685,1260.58,-0.318686,-0.157186,-0.0738,-0.067963,-0.001848,-0.332397,,,,,,,,,True,complete
stock,2026-04-26,600887,伊利股份,HOLD,0,,,,,0,-2.69,乳制品/食品,consumer,candidate,★★☆,,,,跌破60线; RSI超卖20,25.25,25.49,27.46,27.53,27.78,0.009505,0.087525,0.090297,0.100198,0.124752,-0.002772,,,,,,,,,True,complete
stock,2026-04-26,688041,海光信息,HOLD,0,,,,,0,5.0,国产CPU/GPU,semicon,core,★★★,,,,红柱扩张; RSI超买88; 放量2.1x,285.0,289.0,296.25,341.6,325.2,0.014035,0.039474,0.198596,0.141053,0.258947,-0.048912,,,,,,,,,False,complete
stock,2026-04-26,688981,中芯国际,HOLD,0,,,,,0,5.0,半导体代工,semicon,core,★★★,,,,红柱扩张; RSI超买85; 放量2.2x,110.96,114.0,118.73,125.34,117.9,0.027397,0.070025,0.129596,0.062545,0.15465,-0.010634,,,,,,,,,False,complete
stock,2026-04-26,002463,沪电股份,HOLD,0,,,,,0,5.0,高多层PCB,pcb,core,★★★,,,,多头排列; RSI超买80,102.38,101.38,102.07,107.38,107.02,-0.009768,-0.003028,0.048838,0.045321,0.117992,-0.03741,,,,,,,,,False,complete
stock,2026-04-26,000568,泸州老窖,HOLD,0,,,,,0,-0.51,高端白酒,food_bev,candidate,★★☆,,,,跌破60线; 红柱扩张; 放量1.5x,102.63,100.2,100.1,99.05,94.35,-0.023677,-0.024652,-0.034883,-0.080678,0.003605,-0.101432,,,,,,,,,True,complete
stock,2026-04-26,601869,长飞光纤,HOLD,0,,,,,0,3.05,光纤光缆,optics,core,★★★,,,,站20/60线; 绿柱扩张,368.16,373.49,353.9,389.2,404.7,0.014477,-0.038733,0.057149,0.09925,0.16797,-0.084664,,,,,,,,,True,complete
stock,2026-04-26,688120,华海清科,HOLD,0,,,,,0,1.32,CMP研磨设备,semicon,candidate,★★☆,,,,,183.43,194.44,197.43,200.63,250.5,0.060023,0.076323,0.093769,0.365644,0.403151,0.019462,,,,,,,,,False,complete
stock,2026-04-26,603986,兆易创新,HOLD,-1,,,,,0,5.0,存储芯片,semicon,candidate,★★☆,,,,RSI偏高72,297.7,307.5,312.99,350.16,356.19,0.032919,0.05136,0.176218,0.196473,0.254619,-0.002351,,,,,,,,,False,complete
stock,2026-04-26,603259,药明康德,HOLD,-1,,,,,0,-1.83,CXO,pharma,watch,★☆☆,,,,跌破20线,100.08,110.57,109.55,111.28,103.01,0.104816,0.094624,0.11191,0.029277,0.144085,0.029177,,,,,,,,,False,complete
stock,2026-04-26,002475,立讯精密,HOLD,-1,,,,,0,5.0,消费电子精密制造,consumer_elec,core,★★★,,,,站20/60线; RSI超买86,66.0,69.88,67.0,69.52,75.4,0.058788,0.015152,0.053333,0.142424,0.239091,0.004394,,,,,,,,,False,complete
stock,2026-04-26,000333,美的集团,HOLD,-1,,,,,0,3.1,家电/工业机器人,consumer,core,★★★,,,,RSI偏高75,79.66,80.45,81.1,79.81,81.81,0.009917,0.018077,0.001883,0.02699,0.035024,-0.006402,,,,,,,,,False,complete
stock,2026-04-26,300760,迈瑞医疗,HOLD,-1,,,,,0,-0.04,医疗器械,pharma,candidate,★★☆,,,,跌破60线; 红柱扩张,161.0,161.11,168.4,170.5,161.24,0.000683,0.045963,0.059006,0.001491,0.096646,-0.021118,,,,,,,,,True,complete
stock,2026-04-26,603288,海天味业,HOLD,-1,,,,,0,-2.15,调味品,food_bev,watch,★☆☆,,,,跌破20线; RSI偏低31; 缩量0.6x,39.92,39.26,38.64,38.73,37.35,-0.016533,-0.032064,-0.02981,-0.064379,0.016784,-0.06488,,,,,,,,,True,complete
stock,2026-04-26,688195,腾景科技,HOLD,-1,,,,,0,3.99,精密光学元件,optics,candidate,★★☆,,,,站20/60线; MACD死叉,345.0,325.0,332.0,361.98,367.0,-0.057971,-0.037681,0.049217,0.063768,0.144638,-0.085507,,,,,,,,,True,complete
stock,2026-04-26,300666,江丰电子,HOLD,-1,,,,,0,2.31,高纯溅射靶材,semicon,candidate,★★☆,,,,站20/60线; MACD死叉,156.21,179.37,179.71,186.55,180.0,0.148262,0.150439,0.194226,0.152295,0.252161,0.038922,,,,,,,,,False,complete
stock,2026-04-27,002714,牧原股份,SELL_STOP,-4,,,,,0,-4.19,生猪养殖,agriculture,candidate,★★☆,,,,跌破60线; MACD死叉,42.26,43.3,44.7,44.07,42.63,0.02461,0.057738,0.04283,0.008755,0.074065,-0.003313,-0.00267,0.007621,0.027156,0.030109,0.02728,0.050117,0.015674,-0.021354,True,complete
stock,2026-04-27,600893,航发动力,SELL_STOP,-4,,,,,0,-2.61,航空发动机,defense,candidate,★★☆,,,,跌破60线; MACD死叉,48.33,45.6,46.25,48.33,48.56,-0.056487,-0.043037,0.0,0.004759,0.096627,-0.066625,-0.00267,0.007621,0.027156,0.030109,-0.053816,-0.050659,-0.027156,-0.02535,True,complete
stock,2026-04-27,300394,天孚通信,REDUCE,-2,,,,,0,-5.97,光通信器件,optics,core,★★☆,,,,跌破20线; 绿柱扩张,322.25,309.8,307.5,328.14,392.0,-0.038635,-0.045772,0.018278,0.216447,0.261629,-0.05353,-0.00267,0.007621,0.027156,0.030109,-0.035964,-0.053393,-0.008878,0.186338,True,complete
stock,2026-04-27,300274,阳光电源,REDUCE,-2,,,,,0,-1.95,逆变器,new_energy,core,★★★,,,,跌破60线,131.39,129.205,136.725,138.815,135.03,-0.01663,0.040604,0.056511,0.027704,0.112071,-0.055293,-0.00267,0.007621,0.027156,0.030109,-0.01396,0.032983,0.029355,-0.002406,True,complete
stock,2026-04-27,601899,紫金矿业,REDUCE,-2,,,,,0,-1.61,铜金矿,commodity,watch,★☆☆,,,,跌破60线,33.56,32.95,33.3,34.46,33.52,-0.018176,-0.007747,0.026818,-0.001192,0.052741,-0.031287,-0.00267,0.007621,0.027156,0.030109,-0.015506,-0.015368,-0.000338,-0.031301,True,complete
stock,2026-04-27,000858,五粮液,REDUCE,-2,,,,,0,-2.39,高端白酒,consumer,candidate,★★☆,,,,跌破60线; 绿柱扩张; RSI偏低34,100.2,100.2,97.08,92.6,88.99,0.0,-0.031138,-0.075848,-0.111876,0.000898,-0.123952,-0.00267,0.007621,0.027156,0.030109,0.00267,-0.038759,-0.103004,-0.141986,True,complete
stock,2026-04-27,601888,中国中免,REDUCE,-2,,,,,0,-4.16,免税零售,consumer,candidate,★★☆,,,,跌破60线,65.62,64.56,65.62,63.05,60.8,-0.016154,0.0,-0.039165,-0.073453,0.02103,-0.084883,-0.00267,0.007621,0.027156,0.030109,-0.013483,-0.007621,-0.066321,-0.103563,True,complete
stock,2026-04-27,600183,生益科技,REDUCE,-2,,,,,0,5.0,PCB基板/覆铜板,pcb,core,★★★,,,,RSI超买88,76.67,76.62,76.51,82.0,93.32,-0.000652,-0.002087,0.069519,0.217164,0.310813,-0.033651,-0.00267,0.007621,0.027156,0.030109,0.002018,-0.009708,0.042363,0.187055,False,complete
stock,2026-04-27,603799,华友钴业,REDUCE,-2,,,,,0,5.01,钴/三元前驱体,battery_materials,candidate,★★☆,,,,跌破60线; 红柱扩张; RSI偏高69,66.3,64.26,66.09,67.7,59.81,-0.030769,-0.003167,0.021116,-0.097888,0.061086,-0.103167,-0.00267,0.007621,0.027156,0.030109,-0.028099,-0.010789,-0.00604,-0.127998,True,complete
stock,2026-04-27,603993,洛阳钼业,REDUCE,-2,,,,,0,0.0,铜/钴矿,commodity,core,★★★,,,,跌破60线,19.0,18.48,18.62,19.86,20.05,-0.027368,-0.02,0.045263,0.055263,0.128947,-0.043684,-0.00267,0.007621,0.027156,0.030109,-0.024698,-0.027621,0.018107,0.025154,True,complete
stock,2026-04-27,601012,隆基绿能,REDUCE,-2,,,,,0,-1.46,光伏组件,new_energy,watch,★☆☆,,,,跌破60线,17.14,16.95,16.46,16.55,16.3,-0.011085,-0.039673,-0.034422,-0.049008,0.004084,-0.077013,-0.00267,0.007621,0.027156,0.030109,-0.008415,-0.047294,-0.061578,-0.079117,True,complete
stock,2026-04-27,002028,思源电气,REDUCE,-2,,,,,0,-1.48,特高压/变电设备,power_equip,core,★★★,,,,跌破60线,207.48,195.25,195.0,206.68,202.8,-0.058945,-0.06015,-0.003856,-0.022556,0.017737,-0.07726,-0.00267,0.007621,0.027156,0.030109,-0.056275,-0.067771,-0.031012,-0.052666,True,complete
stock,2026-04-27,601318,中国平安,REDUCE,-2,,,,,0,-0.71,保险/金融科技,finance,candidate,★★☆,,,,跌破60线,57.55,57.63,59.37,60.04,56.9,0.00139,0.031625,0.043267,-0.011295,0.061859,-0.012163,-0.00267,0.007621,0.027156,0.030109,0.00406,0.024004,0.016111,-0.041404,True,complete
stock,2026-04-27,300760,迈瑞医疗,REDUCE,-2,,,,,0,-1.57,医疗器械,pharma,candidate,★★☆,,,,跌破60线,158.01,161.11,168.4,170.5,161.24,0.019619,0.065755,0.079046,0.020442,0.117398,-0.002595,-0.00267,0.007621,0.027156,0.030109,0.022289,0.058134,0.05189,-0.009668,True,complete
stock,2026-04-27,000568,泸州老窖,REDUCE,-2,,,,,0,-2.62,高端白酒,food_bev,candidate,★★☆,,,,跌破60线,100.35,100.2,100.1,99.05,94.35,-0.001495,-0.002491,-0.012955,-0.059791,0.026408,-0.081016,-0.00267,0.007621,0.027156,0.030109,0.001176,-0.010112,-0.040111,-0.0899,True,complete
stock,2026-04-27,688331,荣昌生物,REDUCE,-2,,,,,0,-4.89,ADC创新药,pharma,candidate,★★☆,,,,跌破20线; 绿柱扩张,135.05,134.6,129.31,130.0,115.8,-0.003332,-0.042503,-0.037394,-0.14254,0.036505,-0.143354,-0.00267,0.007621,0.027156,0.030109,-0.000662,-0.050124,-0.06455,-0.172649,True,complete
stock,2026-04-27,600988,赤峰黄金,REDUCE,-2,,,,,0,-12.29,黄金矿采选,commodity,candidate,★★☆,,,,跌破60线; 绿柱扩张; RSI偏低35,38.98,37.37,38.0,42.36,39.68,-0.041303,-0.025141,0.086711,0.017958,0.15136,-0.048999,-0.00267,0.007621,0.027156,0.030109,-0.038633,-0.032762,0.059555,-0.012151,True,complete
stock,2026-04-27,688167,炬光科技,REDUCE,-2,,,,,0,-4.14,高功率半导体激光器,optics,watch,★☆☆,,,,跌破20线; 绿柱扩张,360.9,366.19,357.98,422.35,503.98,0.014658,-0.008091,0.170269,0.396453,0.521197,-0.057911,-0.00267,0.007621,0.027156,0.030109,0.017328,-0.015712,0.143113,0.366344,True,complete
stock,2026-04-27,301200,大族数控,REDUCE,-2,,,,,0,3.42,激光/数控切割设备,industrial_auto,watch,★☆☆,,,,站20/60线; MACD死叉; RSI偏高71,188.26,184.5,181.99,193.35,217.79,-0.019972,-0.033305,0.027037,0.156858,0.271646,-0.066344,-0.00267,0.007621,0.027156,0.030109,-0.017302,-0.040926,-0.000119,0.126748,True,complete
stock,2026-04-27,600031,三一重工,REDUCE,-3,,,,,0,-2.77,工程机械,machinery,watch,★★☆,,,,跌破60线; 绿柱扩张,19.5,20.14,20.35,20.98,20.61,0.032821,0.04359,0.075897,0.056923,0.152821,-0.000513,-0.00267,0.007621,0.027156,0.030109,0.035491,0.035969,0.048741,0.026814,True,complete
stock,2026-04-27,600276,恒瑞医药,REDUCE,-3,,,,,0,-1.88,创新药,pharma,watch,★☆☆,,,,跌破60线; 绿柱扩张,55.38,54.84,53.88,53.68,54.32,-0.009751,-0.027086,-0.030697,-0.01914,0.063019,-0.058866,-0.00267,0.007621,0.027156,0.030109,-0.00708,-0.034707,-0.057853,-0.04925,True,complete
stock,2026-04-27,600519,贵州茅台,REDUCE,-3,,,,,0,-2.66,高端白酒,consumer,core,★★★,,,,跌破60线; 绿柱扩张,1403.2,1405.0,1384.79,1371.05,1342.17,0.001283,-0.01312,-0.022912,-0.043493,0.004668,-0.048475,-0.00267,0.007621,0.027156,0.030109,0.003953,-0.020741,-0.050068,-0.073603,True,complete
stock,2026-04-27,600438,通威股份,REDUCE,-3,,,,,0,2.78,光伏电池/硅料,new_energy,candidate,★★☆,,,,跌破60线; RSI偏高70,17.62,17.23,17.37,17.49,16.94,-0.022134,-0.014188,-0.007378,-0.038593,0.014756,-0.052213,-0.00267,0.007621,0.027156,0.030109,-0.019464,-0.02181,-0.034534,-0.068702,True,complete
stock,2026-04-27,002865,钧达股份,REDUCE,-3,,,,,0,0.82,TOPCon光伏电池片,new_energy,watch,★☆☆,,,,跌破60线; 缩量0.6x,74.7,72.87,80.65,87.75,100.28,-0.024498,0.079652,0.174699,0.342436,0.480991,-0.052209,-0.00267,0.007621,0.027156,0.030109,-0.021828,0.072031,0.147543,0.312327,True,complete
stock,2026-04-27,600879,航天电子,REDUCE,-3,,,,,0,2.91,军工电子/惯导,defense,candidate,★★☆,,,,跌破60线; RSI偏高69,23.39,22.34,23.97,25.31,24.1,-0.044891,0.024797,0.082086,0.030355,0.169303,-0.047884,-0.00267,0.007621,0.027156,0.030109,-0.042221,0.017176,0.05493,0.000246,True,complete
stock,2026-04-27,600522,中天科技,BUY_STRONG,5,,,,,6,5.0,海缆/光纤/电力电缆,optics,core,★★★,,,,多头排列; 红柱扩张; 放量1.6x,35.78,35.0,33.12,38.38,44.1,-0.0218,-0.074343,0.072666,0.232532,0.290665,-0.091392,-0.00267,0.007621,0.027156,0.030109,-0.01913,-0.081964,0.04551,0.202423,True,complete
stock,2026-04-27,300666,江丰电子,BUY_STRONG,5,,,,,4,5.0,高纯溅射靶材,semicon,candidate,★★☆,,,,多头排列; MACD金叉; 放量1.6x,167.75,179.37,179.71,186.55,180.0,0.06927,0.071297,0.112072,0.073025,0.166021,-0.032548,-0.00267,0.007621,0.027156,0.030109,0.07194,0.063675,0.084916,0.042916,False,complete
stock,2026-04-27,002475,立讯精密,BUY_WATCH,3,,,,,4,5.0,消费电子精密制造,consumer_elec,core,★★★,,,,多头排列; 红柱扩张; RSI超买90; 放量1.5x,71.97,69.88,67.0,69.52,75.4,-0.02904,-0.069057,-0.034042,0.047659,0.136307,-0.078922,-0.00267,0.007621,0.027156,0.030109,-0.02637,-0.076678,-0.061198,0.017549,True,complete
stock,2026-04-27,600309,万华化学,BUY_WATCH,3,,,,,4,2.43,MDI/聚氨酯,chemical,core,★★★,,,,多头排列,88.97,89.48,89.54,84.8,81.99,0.005732,0.006407,-0.04687,-0.078453,0.019557,-0.079465,-0.00267,0.007621,0.027156,0.030109,0.008403,-0.001214,-0.074026,-0.108563,True,complete
stock,2026-04-27,688120,华海清科,BUY_WATCH,3,,,,,2,5.0,CMP研磨设备,semicon,candidate,★★☆,,,,多头排列; 红柱扩张; RSI偏高75; 放量1.9x,194.0,194.44,197.43,200.63,250.5,0.002268,0.01768,0.034175,0.291237,0.326701,-0.036082,-0.00267,0.007621,0.027156,0.030109,0.004938,0.010059,0.007019,0.261128,False,complete
stock,2026-04-27,600487,亨通光电,BUY_WATCH,3,,,,,4,5.0,光纤光缆/海底电缆,optics,core,★★★,,,,多头排列; 红柱扩张; RSI偏高71,71.38,68.29,65.7,75.96,74.0,-0.043289,-0.079574,0.064164,0.036705,0.119361,-0.113197,-0.00267,0.007621,0.027156,0.030109,-0.040619,-0.087195,0.037008,0.006596,True,complete
stock,2026-04-27,300502,新易盛,HOLD,2,,,,,0,3.71,光模块,optics,core,★★★,,,,站20/60线,538.0,535.46,525.79,563.5,617.9,-0.004721,-0.022695,0.047398,0.148513,0.215056,-0.046468,-0.00267,0.007621,0.027156,0.030109,-0.002051,-0.030316,0.020242,0.118404,True,complete
stock,2026-04-27,688012,中微公司,HOLD,2,,,,,0,5.0,半导体设备,semicon,core,★★★,,,,红柱扩张; RSI偏高76; 放量2.2x,352.01,362.27,376.3,384.6,387.17,0.029147,0.069004,0.092583,0.099884,0.171046,-0.007045,-0.00267,0.007621,0.027156,0.030109,0.031817,0.061383,0.065427,0.069774,False,complete
stock,2026-04-27,002594,比亚迪,HOLD,2,,,,,0,0.2,电动车/刀片电池,new_energy,core,★★★,,,,站20/60线,102.34,101.48,102.98,100.46,98.73,-0.008403,0.006254,-0.01837,-0.035275,0.032245,-0.044264,-0.00267,0.007621,0.027156,0.030109,-0.005733,-0.001367,-0.045526,-0.065384,True,complete
stock,2026-04-27,688521,芯原股份,HOLD,2,,,,,0,2.8,半导体IP/芯片设计平台,semicon,candidate,★★☆,,,,多头排列,242.04,229.17,280.88,275.0,265.91,-0.053173,0.160469,0.136176,0.09862,0.226905,-0.076516,-0.00267,0.007621,0.027156,0.030109,-0.050503,0.152848,0.10902,0.068511,True,complete
stock,2026-04-27,688498,源杰科技,HOLD,1,,,,,0,5.0,光芯片基材,optics,candidate,★★☆,,,,多头排列; RSI偏高77,1418.0,995.425,1084.014,1124.053,1128.195,-0.298008,-0.235533,-0.207297,-0.204376,-0.140173,-0.321823,-0.00267,0.007621,0.027156,0.030109,-0.295337,-0.243154,-0.234453,-0.234485,True,complete
stock,2026-04-27,601138,工业富联,HOLD,1,,,,,0,5.0,AI服务器/精密制造,consumer_elec,candidate,★★☆,,,,多头排列; RSI偏高76,67.25,68.2,62.88,64.18,68.6,0.014126,-0.064981,-0.045651,0.020074,0.100372,-0.081933,-0.00267,0.007621,0.027156,0.030109,0.016797,-0.072603,-0.072807,-0.010035,True,complete
stock,2026-04-27,000651,格力电器,HOLD,1,,,,,0,0.43,家电,consumer,candidate,★★☆,,,,跌破60线; MACD金叉; 放量1.8x,37.51,38.44,40.05,39.89,40.22,0.024793,0.067715,0.06345,0.072247,0.089843,-0.003999,-0.00267,0.007621,0.027156,0.030109,0.027464,0.060094,0.036294,0.042138,False,complete
stock,2026-04-27,300476,胜宏科技,HOLD,1,,,,,0,5.0,PCB,pcb,candidate,★★☆,,,,站20/60线,317.4,313.06,328.49,338.06,354.83,-0.013674,0.03494,0.065091,0.117927,0.228733,-0.042218,-0.00267,0.007621,0.027156,0.030109,-0.011003,0.027319,0.037935,0.087818,False,complete
stock,2026-04-27,600426,华鲁恒升,HOLD,1,,,,,0,3.19,煤化工/化肥,chemical,candidate,★★☆,,,,红柱扩张,37.94,38.99,38.5,36.12,33.97,0.027675,0.01476,-0.04797,-0.104639,0.046389,-0.104639,-0.00267,0.007621,0.027156,0.030109,0.030346,0.007139,-0.075126,-0.134748,True,complete
stock,2026-04-27,601088,中国神华,HOLD,1,,,,,0,0.41,煤炭/电力,commodity,watch,★★☆,,,,站20/60线,46.78,48.15,48.0,45.59,45.17,0.029286,0.02608,-0.025438,-0.034416,0.041043,-0.048097,-0.00267,0.007621,0.027156,0.030109,0.031956,0.018458,-0.052594,-0.064526,True,complete
stock,2026-04-27,000338,潍柴动力,HOLD,1,,,,,0,4.99,重型发动机/氢燃料,machinery,candidate,★★☆,,,,多头排列; 红柱扩张; RSI超买80,29.66,30.08,31.2,35.0,34.2,0.01416,0.051922,0.18004,0.153068,0.208699,-0.004383,-0.00267,0.007621,0.027156,0.030109,0.016831,0.044301,0.152884,0.122959,False,complete
stock,2026-04-27,600498,烽火通信,HOLD,1,,,,,0,1.07,光通信设备,optics,candidate,★★☆,,,,站20/60线,51.6,52.3,46.68,51.82,59.17,0.013566,-0.095349,0.004264,0.146705,0.220736,-0.101744,-0.00267,0.007621,0.027156,0.030109,0.016236,-0.10297,-0.022892,0.116596,True,complete
stock,2026-04-27,688777,中控技术,HOLD,1,,,,,0,5.01,工业自动化DCS,industrial_auto,candidate,★★☆,,,,红柱扩张; RSI偏高69; 放量2.2x,74.91,76.35,79.29,82.58,75.43,0.019223,0.05847,0.10239,0.006942,0.137098,-0.00534,-0.00267,0.007621,0.027156,0.030109,0.021893,0.050849,0.075234,-0.023168,False,complete
stock,2026-04-27,688548,广钢气体,HOLD,1,,,,,0,5.0,半导体特种气体,semicon,watch,★☆☆,,,,多头排列; 红柱扩张; RSI超买83; 放量1.7x,31.79,30.78,30.06,27.8,30.05,-0.031771,-0.05442,-0.125511,-0.054734,0.010695,-0.139037,-0.00267,0.007621,0.027156,0.030109,-0.029101,-0.062041,-0.152667,-0.084844,True,complete
stock,2026-04-27,688409,富创精密,HOLD,1,,,,,0,5.0,半导体精密零部件,semicon,watch,★☆☆,,,,多头排列; 红柱扩张; RSI超买78; 放量1.9x,120.42,114.5,128.56,126.58,142.03,-0.049161,0.067597,0.051154,0.179455,0.229032,-0.074074,-0.00267,0.007621,0.027156,0.030109,-0.046491,0.059976,0.023998,0.149346,True,complete
stock,2026-04-27,603929,亚翔集成,HOLD,1,,,,,0,3.4,半导体洁净室工程,semicon,watch,★☆☆,,,,多头排列,194.75,192.05,186.65,204.35,186.55,-0.013864,-0.041592,0.049294,-0.042105,0.094223,-0.079076,-0.00267,0.007621,0.027156,0.030109,-0.011194,-0.049213,0.022138,-0.072215,True,complete
stock,2026-04-27,002384,东山精密,HOLD,0,,,,,0,5.0,PCB/光模块封装,optics,candidate,★★☆,,,,多头排列; RSI超买92,186.7,183.9,186.73,211.07,214.89,-0.014997,0.000161,0.13053,0.150991,0.231923,-0.052598,-0.00267,0.007621,0.027156,0.030109,-0.012327,-0.00746,0.103374,0.120882,True,complete
stock,2026-04-27,688256,寒武纪,HOLD,0,,,,,0,5.0,AI推理芯片,semicon,watch,★☆☆,,,,多头排列; RSI超买83,1356.72,921.477,1139.906,1252.685,1260.58,-0.320805,-0.159807,-0.076681,-0.070862,-0.004953,-0.334474,-0.00267,0.007621,0.027156,0.030109,-0.318135,-0.167429,-0.103837,-0.100971,True,complete
stock,2026-04-27,300750,宁德时代,HOLD,0,,,,,0,4.55,动力电池,battery,core,★★★,,,,站20/60线; RSI偏高72,434.88,427.67,436.0,451.64,427.0,-0.016579,0.002575,0.038539,-0.01812,0.077884,-0.027318,-0.00267,0.007621,0.027156,0.030109,-0.013909,-0.005046,0.011383,-0.048229,False,complete
stock,2026-04-27,000333,美的集团,HOLD,0,,,,,0,2.6,家电/工业机器人,consumer,core,★★★,,,,站20/60线; RSI偏高76,79.5,80.45,81.1,79.81,81.81,0.01195,0.020126,0.003899,0.029057,0.037107,-0.004403,-0.00267,0.007621,0.027156,0.030109,0.01462,0.012505,-0.023257,-0.001053,False,complete
stock,2026-04-27,600887,伊利股份,HOLD,0,,,,,0,-2.5,乳制品/食品,consumer,candidate,★★☆,,,,跌破60线; RSI超卖19,25.25,25.49,27.46,27.53,27.78,0.009505,0.087525,0.090297,0.100198,0.124752,-0.002772,-0.00267,0.007621,0.027156,0.030109,0.012175,0.079904,0.063141,0.070089,True,complete
stock,2026-04-27,688041,海光信息,HOLD,0,,,,,0,5.0,国产CPU/GPU,semicon,core,★★★,,,,红柱扩张; RSI超买89; 放量1.7x,296.27,289.0,296.25,341.6,325.2,-0.024538,-6.8e-05,0.153002,0.097647,0.211057,-0.085091,-0.00267,0.007621,0.027156,0.030109,-0.021868,-0.007689,0.125846,0.067538,True,complete
stock,2026-04-27,688981,中芯国际,HOLD,0,,,,,0,5.0,半导体代工,semicon,core,★★★,,,,红柱扩张; RSI超买86; 放量2.1x,116.58,114.0,118.73,125.34,117.9,-0.022131,0.018442,0.075142,0.011323,0.098988,-0.058329,-0.00267,0.007621,0.027156,0.030109,-0.01946,0.010821,0.047986,-0.018787,True,complete
stock,2026-04-27,002463,沪电股份,HOLD,0,,,,,0,5.0,高多层PCB,pcb,core,★★★,,,,多头排列; RSI超买81,104.95,101.38,102.07,107.38,107.02,-0.034016,-0.027442,0.023154,0.019724,0.090615,-0.060981,-0.00267,0.007621,0.027156,0.030109,-0.031346,-0.035063,-0.004002,-0.010386,True,complete
stock,2026-04-27,603288,海天味业,HOLD,0,,,,,0,-2.33,调味品,food_bev,watch,★☆☆,,,,跌破20线; RSI偏低31,39.85,39.26,38.64,38.73,37.35,-0.014806,-0.030364,-0.028105,-0.062735,0.01857,-0.063237,-0.00267,0.007621,0.027156,0.030109,-0.012135,-0.037985,-0.055261,-0.092845,True,complete
stock,2026-04-27,601869,长飞光纤,HOLD,0,,,,,0,4.08,光纤光缆,optics,core,★★★,,,,站20/60线; 绿柱扩张,377.5,373.49,353.9,389.2,404.7,-0.010623,-0.062517,0.030993,0.072053,0.139073,-0.107311,-0.00267,0.007621,0.027156,0.030109,-0.007952,-0.070138,0.003837,0.041944,True,complete
stock,2026-04-27,688048,长光华芯,HOLD,0,,,,,0,5.0,半导体激光芯片,optics,candidate,★★☆,,,,多头排列; RSI超买85,385.0,364.59,352.03,392.87,448.1,-0.053013,-0.085636,0.020442,0.163896,0.203558,-0.106338,-0.00267,0.007621,0.027156,0.030109,-0.050343,-0.093257,-0.006714,0.133787,True,complete
stock,2026-04-27,688195,腾景科技,HOLD,0,,,,,0,1.81,精密光学元件,optics,candidate,★★☆,,,,站20/60线; 绿柱扩张,339.65,325.0,332.0,361.98,367.0,-0.043133,-0.022523,0.065744,0.080524,0.162667,-0.071103,-0.00267,0.007621,0.027156,0.030109,-0.040462,-0.030144,0.038588,0.050415,True,complete
stock,2026-04-27,300757,罗博特科,HOLD,0,,,,,0,5.0,光伏/新能源自动化装备,industrial_auto,candidate,★★☆,,,,站20/60线; RSI偏高69,518.5,506.05,482.1,510.32,589.0,-0.024012,-0.070203,-0.015776,0.135969,0.208602,-0.110916,-0.00267,0.007621,0.027156,0.030109,-0.021341,-0.077824,-0.042932,0.10586,True,complete
stock,2026-04-27,002008,大族激光,HOLD,0,,,,,0,5.0,工业激光设备,industrial_auto,candidate,★★☆,,,,多头排列; RSI超买89,104.67,105.02,100.52,112.21,149.03,0.003344,-0.039648,0.072036,0.423808,0.493265,-0.062482,-0.00267,0.007621,0.027156,0.030109,0.006014,-0.04727,0.04488,0.393699,True,complete
stock,2026-04-27,601872,招商轮船,HOLD,0,,,,,0,-7.8,VLCC油轮/干散货,shipping,candidate,★★☆,,,,跌破20线; 绿柱扩张; RSI超卖23,17.19,16.8,17.6,18.43,18.0,-0.022688,0.023851,0.072135,0.04712,0.155323,-0.030832,-0.00267,0.007621,0.027156,0.030109,-0.020017,0.01623,0.044979,0.017011,True,complete
stock,2026-04-27,600105,永鼎股份,HOLD,0,,,,,0,5.01,光纤光缆/新能源电缆,optics,watch,★☆☆,,,,多头排列; RSI超买90,48.52,44.85,42.41,47.52,53.99,-0.075639,-0.125927,-0.02061,0.112737,0.162201,-0.1385,-0.00267,0.007621,0.027156,0.030109,-0.072969,-0.133549,-0.047766,0.082628,True,complete
stock,2026-04-27,300308,中际旭创,HOLD,-1,,,,,0,5.0,光模块,optics,core,★★★,,,,站20/60线; RSI超买87,857.03,824.0,857.5,877.47,1078.0,-0.03854,0.000548,0.02385,0.257832,0.270527,-0.048773,-0.00267,0.007621,0.027156,0.030109,-0.03587,-0.007073,-0.003306,0.227723,False,complete
stock,2026-04-27,603986,兆易创新,HOLD,-1,,,,,0,5.0,存储芯片,semicon,candidate,★★☆,,,,RSI偏高73,303.42,307.5,312.99,350.16,356.19,0.013447,0.03154,0.154044,0.173917,0.230967,-0.021159,-0.00267,0.007621,0.027156,0.030109,0.016117,0.023919,0.126888,0.143808,False,complete
stock,2026-04-27,603259,药明康德,HOLD,-1,,,,,0,-1.56,CXO,pharma,watch,★☆☆,,,,跌破20线,100.52,110.57,109.55,111.28,103.01,0.09998,0.089833,0.107043,0.024771,0.139077,0.024672,-0.00267,0.007621,0.027156,0.030109,0.10265,0.082212,0.079887,-0.005338,False,complete
stock,2026-04-27,600030,中信证券,HOLD,-1,,,,,0,4.93,综合券商,finance,candidate,★★☆,,,,RSI偏高77,26.77,27.3,27.22,27.23,26.66,0.019798,0.01681,0.017183,-0.004109,0.03997,-0.004109,-0.00267,0.007621,0.027156,0.030109,0.022469,0.009189,-0.009973,-0.034218,False,complete
stock,2026-04-27,605117,德业股份,HOLD,-1,,,,,0,3.08,储能逆变器/户用储能,new_energy,candidate,★★☆,,,,站20/60线; MACD死叉,140.7,139.97,150.63,154.34,151.18,-0.005188,0.070576,0.096944,0.074485,0.16951,-0.012935,-0.00267,0.007621,0.027156,0.030109,-0.002518,0.062955,0.069788,0.044375,False,complete
stock,2026-04-27,603256,宏和科技,HOLD,-1,,,,,0,5.0,高端电子玻纤布,pcb,watch,★☆☆,,,,站20/60线; RSI超买91,106.41,109.65,119.1,144.11,141.83,0.030448,0.119256,0.35429,0.332863,0.439714,-0.020769,-0.00267,0.007621,0.027156,0.030109,0.033119,0.111635,0.327134,0.302754,False,complete
stock,2026-04-28,600276,恒瑞医药,SELL_STOP,-4,,,,,0,-2.79,创新药,pharma,watch,★☆☆,,,,跌破60线; 绿柱扩张; MA60偏弱(-0.6%/5日),54.84,54.99,53.63,52.8,53.99,0.002735,-0.022064,-0.037199,-0.0155,0.073487,-0.049599,0.010958,0.024984,0.023896,0.021306,-0.008223,-0.047048,-0.061095,-0.036806,True,complete
stock,2026-04-28,603799,华友钴业,SELL_STOP,-4,,,,,0,3.41,钴/三元前驱体,battery_materials,candidate,★★☆,,,,跌破60线; MA60下行趋势(-1.4%/5日),64.76,67.16,67.47,65.5,58.15,0.03706,0.041847,0.011427,-0.102069,0.086319,-0.110562,0.010958,0.024984,0.023896,0.021306,0.026102,0.016863,-0.012469,-0.123376,True,complete
stock,2026-04-28,603993,洛阳钼业,SELL_STOP,-4,,,,,0,-3.08,铜/钴矿,commodity,core,★★★,,,,跌破60线; MA60下行趋势(-1.5%/5日),18.48,19.19,19.48,20.2,18.88,0.03842,0.054113,0.093074,0.021645,0.160714,-0.016775,0.010958,0.024984,0.023896,0.021306,0.027462,0.029128,0.069178,0.000339,True,complete
stock,2026-04-28,002714,牧原股份,SELL_STOP,-4,,,,,0,-1.71,生猪养殖,agriculture,candidate,★★☆,,,,跌破60线; MA60偏弱(-0.5%/5日); 连跌4日且MA60偏弱,43.3,44.62,44.64,43.51,42.5,0.030485,0.030947,0.00485,-0.018476,0.048268,-0.036952,0.010958,0.024984,0.023896,0.021306,0.019527,0.005963,-0.019046,-0.039782,True,complete
stock,2026-04-28,601318,中国平安,SELL_STOP,-4,,,,,0,-0.68,保险/金融科技,finance,candidate,★★☆,,,,跌破60线; RSI偏低34; MA60下行趋势(-1.0%/5日); 连跌3日且MA60偏弱,57.63,59.43,59.36,60.06,55.5,0.031234,0.030019,0.042166,-0.03696,0.060385,-0.040604,0.010958,0.024984,0.023896,0.021306,0.020276,0.005035,0.01827,-0.058266,True,complete
stock,2026-04-28,300274,阳光电源,SELL_STOP,-5,,,,,0,-2.08,逆变器,new_energy,core,★★★,,,,跌破60线; MA60下行趋势(-1.7%/5日); 连跌3日且MA60偏弱,129.89,137.385,139.845,139.165,152.95,0.057703,0.076642,0.071407,0.177535,0.200939,-0.027523,0.010958,0.024984,0.023896,0.021306,0.046745,0.051658,0.047511,0.156229,True,complete
stock,2026-04-28,600438,通威股份,SELL_STOP,-5,,,,,0,0.46,光伏电池/硅料,new_energy,candidate,★★☆,,,,跌破60线; MA60下行趋势(-1.6%/5日); 连跌3日且MA60偏弱,17.23,17.33,17.36,17.22,16.25,0.005804,0.007545,-0.00058,-0.056878,0.037725,-0.065583,0.010958,0.024984,0.023896,0.021306,-0.005154,-0.017439,-0.024476,-0.078184,True,complete
stock,2026-04-28,002865,钧达股份,SELL_STOP,-5,,,,,0,-1.7,TOPCon光伏电池片,new_energy,watch,★☆☆,,,,跌破60线; MA60下行趋势(-1.3%/5日); 连跌4日且MA60偏弱,72.87,76.86,81.87,96.53,97.21,0.054755,0.123508,0.324688,0.334019,0.518183,-0.028407,0.010958,0.024984,0.023896,0.021306,0.043797,0.098523,0.300792,0.312713,True,complete
stock,2026-04-28,600879,航天电子,SELL_STOP,-5,,,,,0,-1.75,军工电子/惯导,defense,candidate,★★☆,,,,跌破60线; MA60下行趋势(-1.4%/5日); 连跌5日,22.34,23.07,25.17,26.65,23.13,0.032677,0.126679,0.192927,0.035363,0.224261,0.004476,0.010958,0.024984,0.023896,0.021306,0.021719,0.101694,0.169032,0.014056,True,complete
stock,2026-04-28,601899,紫金矿业,SELL_STOP,-6,,,,,0,-3.52,铜金矿,commodity,watch,★☆☆,,,,跌破60线; MACD死叉; MA60偏弱(-0.8%/5日); 连跌4日且MA60偏弱,32.95,34.14,34.21,34.8,31.84,0.036115,0.03824,0.056146,-0.033687,0.072231,-0.044006,0.010958,0.024984,0.023896,0.021306,0.025157,0.013256,0.03225,-0.054994,True,complete
stock,2026-04-28,601012,隆基绿能,SELL_STOP,-6,,,,,0,-2.3,光伏组件,new_energy,watch,★☆☆,,,,跌破60线; MACD死叉; MA60偏弱(-0.3%/5日); 连跌5日,16.95,16.55,16.55,16.36,15.6,-0.023599,-0.023599,-0.034808,-0.079646,0.00531,-0.082596,0.010958,0.024984,0.023896,0.021306,-0.034557,-0.048583,-0.058704,-0.100952,True,complete
stock,2026-04-28,300394,天孚通信,REDUCE,-2,,,,,0,-10.12,光通信器件,optics,core,★★☆,,,,跌破60线; 绿柱扩张; MA60上行(+4.0%/5日),309.8,311.09,316.16,326.3,399.99,0.004164,0.020529,0.05326,0.291123,0.336604,-0.015494,0.010958,0.024984,0.023896,0.021306,-0.006794,-0.004455,0.029365,0.269817,True,complete
stock,2026-04-28,600031,三一重工,REDUCE,-2,,,,,0,0.2,工程机械,machinery,watch,★★☆,,,,跌破60线; MACD金叉; 放量1.8x; MA60下行趋势(-1.1%/5日); 连跌4日且MA60偏弱,20.14,20.5,20.91,20.53,20.46,0.017875,0.038232,0.019364,0.015889,0.116187,-0.007944,0.010958,0.024984,0.023896,0.021306,0.006917,0.013248,-0.004531,-0.005418,True,complete
stock,2026-04-28,000858,五粮液,REDUCE,-2,,,,,0,-2.23,高端白酒,consumer,candidate,★★☆,,,,跌破60线; 绿柱扩张; RSI偏低26,100.2,98.34,92.26,92.13,86.87,-0.018563,-0.079242,-0.080539,-0.133034,-0.016168,-0.135529,0.010958,0.024984,0.023896,0.021306,-0.029521,-0.104226,-0.104434,-0.15434,True,complete
stock,2026-04-28,601888,中国中免,REDUCE,-2,,,,,0,-5.39,免税零售,consumer,candidate,★★☆,,,,跌破60线; RSI超卖24; MA60下行趋势(-3.0%/5日),64.56,65.95,63.03,62.68,59.0,0.02153,-0.023699,-0.02912,-0.086121,0.037794,-0.087361,0.010958,0.024984,0.023896,0.021306,0.010572,-0.048683,-0.053016,-0.107428,True,complete
stock,2026-04-28,688521,芯原股份,REDUCE,-2,,,,,0,-3.03,半导体IP/芯片设计平台,semicon,candidate,★★☆,,,,跌破60线; 绿柱扩张; MA60上行(+1.6%/5日),229.17,234.07,278.6,262.0,252.6,0.021382,0.215691,0.143256,0.102239,0.295807,-0.024654,0.010958,0.024984,0.023896,0.021306,0.010424,0.190707,0.119361,0.080932,True,complete
stock,2026-04-28,600893,航发动力,REDUCE,-2,,,,,0,-8.42,航空发动机,defense,candidate,★★☆,,,,跌破60线; 绿柱扩张; RSI偏低31,45.6,45.46,46.84,50.1,47.12,-0.00307,0.027193,0.098684,0.033333,0.162281,-0.010746,0.010958,0.024984,0.023896,0.021306,-0.014028,0.002209,0.074789,0.012027,True,complete
stock,2026-04-28,600519,贵州茅台,REDUCE,-3,,,,,0,-2.47,高端白酒,consumer,core,★★★,,,,跌破60线; 绿柱扩张,1405.0,1401.17,1375.0,1372.99,1332.95,-0.002726,-0.021352,-0.022783,-0.051281,0.003381,-0.055438,0.010958,0.024984,0.023896,0.021306,-0.013684,-0.046336,-0.046678,-0.072587,True,complete
stock,2026-04-28,688981,中芯国际,REDUCE,-3,,,,,0,5.0,半导体代工,semicon,core,★★★,,,,RSI偏高74; MA60下行趋势(-1.1%/5日),114.0,112.47,123.1,120.31,119.02,-0.013421,0.079825,0.055351,0.044035,0.12386,-0.037018,0.010958,0.024984,0.023896,0.021306,-0.024379,0.05484,0.031455,0.022729,False,complete
stock,2026-04-28,002028,思源电气,REDUCE,-3,,,,,0,-7.56,特高压/变电设备,power_equip,core,★★★,,,,跌破60线; MACD死叉; MA60上行(+0.7%/5日),195.25,196.86,206.0,198.1,190.0,0.008246,0.055058,0.014597,-0.026889,0.081485,-0.037132,0.010958,0.024984,0.023896,0.021306,-0.002712,0.030073,-0.009299,-0.048195,True,complete
stock,2026-04-28,300760,迈瑞医疗,REDUCE,-3,,,,,0,0.68,医疗器械,pharma,candidate,★★☆,,,,跌破60线; 红柱扩张; MA60下行趋势(-1.7%/5日),161.11,168.4,172.68,170.61,160.37,0.045249,0.071814,0.058966,-0.004593,0.095897,-0.006455,0.010958,0.024984,0.023896,0.021306,0.034291,0.04683,0.03507,-0.025899,False,complete
stock,2026-04-28,000568,泸州老窖,REDUCE,-3,,,,,0,-2.52,高端白酒,food_bev,candidate,★★☆,,,,跌破60线; RSI偏低28; MA60下行趋势(-0.8%/5日),100.2,101.73,98.33,97.53,91.0,0.015269,-0.018663,-0.026647,-0.091816,0.027944,-0.094311,0.010958,0.024984,0.023896,0.021306,0.004312,-0.043647,-0.050542,-0.113123,True,complete
stock,2026-04-28,601088,中国神华,BUY_STRONG,5,,,,,0,3.22,煤炭/电力,commodity,watch,★★☆,,,,多头排列; MACD金叉; MA60上行(+1.2%/5日),48.15,47.98,47.73,45.18,45.7,-0.003531,-0.008723,-0.061682,-0.050883,0.011423,-0.075182,0.010958,0.024984,0.023896,0.021306,-0.014489,-0.033707,-0.085578,-0.072189,True,complete
stock,2026-04-28,300666,江丰电子,BUY_STRONG,5,,,,,5,5.0,高纯溅射靶材,semicon,candidate,★★☆,,,,多头排列; 红柱扩张; 放量1.7x; MA60上行(+2.5%/5日),179.37,175.39,182.01,173.43,189.86,-0.022189,0.014718,-0.033116,0.058482,0.103808,-0.095222,0.010958,0.024984,0.023896,0.021306,-0.033147,-0.010266,-0.057011,0.037176,True,complete
stock,2026-04-28,600522,中天科技,BUY_WATCH,4,,,,,5,5.0,海缆/光纤/电力电缆,optics,core,★★★,,,,多头排列; MA60上行(+4.9%/5日),35.0,34.28,34.89,40.9,40.99,-0.020571,-0.003143,0.168571,0.171143,0.319429,-0.071143,0.010958,0.024984,0.023896,0.021306,-0.031529,-0.028127,0.144676,0.149837,True,complete
stock,2026-04-28,600309,万华化学,BUY_WATCH,3,,,,,5,2.49,MDI/聚氨酯,chemical,core,★★★,,,,多头排列,89.48,90.35,89.73,83.6,81.81,0.009723,0.002794,-0.065713,-0.085717,0.013746,-0.089964,0.010958,0.024984,0.023896,0.021306,-0.001235,-0.02219,-0.089609,-0.107024,True,complete
stock,2026-04-28,000338,潍柴动力,BUY_WATCH,3,,,,,3,4.99,重型发动机/氢燃料,machinery,candidate,★★☆,,,,多头排列; 红柱扩张; RSI偏高78; MA60上行(+2.3%/5日),30.08,30.15,34.32,33.06,34.77,0.002327,0.140957,0.099069,0.155918,0.191822,-0.013963,0.010958,0.024984,0.023896,0.021306,-0.008631,0.115973,0.075174,0.134611,False,complete
stock,2026-04-28,600487,亨通光电,BUY_WATCH,3,,,,,5,4.99,光纤光缆/海底电缆,optics,core,★★★,,,,站20/60线; MA60上行(+7.7%/5日),68.29,67.38,71.8,77.27,69.8,-0.013326,0.051398,0.131498,0.022112,0.17001,-0.073071,0.010958,0.024984,0.023896,0.021306,-0.024283,0.026414,0.107602,0.000805,True,complete
stock,2026-04-28,688409,富创精密,BUY_WATCH,3,,,,,0,5.0,半导体精密零部件,semicon,watch,★☆☆,,,,多头排列; 红柱扩张; MA60上行(+1.3%/5日),114.5,122.5,125.59,121.56,162.27,0.069869,0.096856,0.061659,0.417205,0.467249,-0.026201,0.010958,0.024984,0.023896,0.021306,0.058911,0.071872,0.037764,0.395899,False,complete
stock,2026-04-28,688498,源杰科技,HOLD,2,,,,,0,5.0,光芯片基材,optics,candidate,★★☆,,,,多头排列; RSI偏高75; MA60上行(+6.1%/5日),1442.67,1045.356,1056.408,1086.775,1075.73,-0.275402,-0.267741,-0.246692,-0.254348,-0.154877,-0.320381,0.010958,0.024984,0.023896,0.021306,-0.28636,-0.292725,-0.270587,-0.275654,True,complete
stock,2026-04-28,603259,药明康德,HOLD,2,,,,,0,5.0,CXO,pharma,watch,★☆☆,,,,站20/60线; MACD金叉,110.57,111.18,109.0,106.8,103.13,0.005517,-0.014199,-0.034096,-0.067288,0.035543,-0.0719,0.010958,0.024984,0.023896,0.021306,-0.005441,-0.039183,-0.057992,-0.088594,True,complete
stock,2026-04-28,601138,工业富联,HOLD,2,,,,,0,5.0,AI服务器/精密制造,consumer_elec,candidate,★★☆,,,,多头排列; RSI偏高74; MA60上行(+0.9%/5日),68.2,66.26,63.08,63.28,67.62,-0.028446,-0.075073,-0.072141,-0.008504,0.085044,-0.094721,0.010958,0.024984,0.023896,0.021306,-0.039404,-0.100057,-0.096036,-0.029811,True,complete
stock,2026-04-28,000333,美的集团,HOLD,2,,,,,0,3.24,家电/工业机器人,consumer,core,★★★,,,,多头排列; RSI偏高77,80.45,81.31,80.44,80.4,82.57,0.01069,-0.000124,-0.000622,0.026352,0.035426,-0.016159,0.010958,0.024984,0.023896,0.021306,-0.000268,-0.025108,-0.024517,0.005045,False,complete
stock,2026-04-28,300476,胜宏科技,HOLD,2,,,,,0,4.88,PCB,pcb,candidate,★★☆,,,,站20/60线; MA60上行(+1.7%/5日),313.06,333.87,325.92,358.66,340.22,0.066473,0.041078,0.145659,0.086757,0.245768,-0.02894,0.010958,0.024984,0.023896,0.021306,0.055515,0.016094,0.121763,0.06545,False,complete
stock,2026-04-28,600498,烽火通信,HOLD,2,,,,,0,2.05,光通信设备,optics,candidate,★★☆,,,,站20/60线; MA60上行(+2.7%/5日),52.3,51.5,48.59,57.0,54.29,-0.015296,-0.070937,0.089866,0.03805,0.204398,-0.113767,0.010958,0.024984,0.023896,0.021306,-0.026254,-0.095921,0.065971,0.016743,True,complete
stock,2026-04-28,688120,华海清科,HOLD,2,,,,,0,5.0,CMP研磨设备,semicon,candidate,★★☆,,,,多头排列; 红柱扩张; RSI偏高69,194.44,193.2,193.32,195.94,267.51,-0.006377,-0.00576,0.007714,0.375797,0.484674,-0.038264,0.010958,0.024984,0.023896,0.021306,-0.017335,-0.030744,-0.016181,0.354491,False,complete
stock,2026-04-28,688777,中控技术,HOLD,2,,,,,0,5.0,工业自动化DCS,industrial_auto,candidate,★★☆,,,,红柱扩张; 放量1.6x,76.35,77.46,82.22,81.44,79.06,0.014538,0.076883,0.066667,0.035494,0.115652,-0.022921,0.010958,0.024984,0.023896,0.021306,0.00358,0.051899,0.042771,0.014188,False,complete
stock,2026-04-28,603929,亚翔集成,HOLD,2,,,,,0,2.72,半导体洁净室工程,semicon,watch,★☆☆,,,,多头排列; MA60上行(+2.4%/5日),193.7,190.73,200.16,199.32,189.05,-0.015333,0.033351,0.029014,-0.024006,0.100155,-0.074084,0.010958,0.024984,0.023896,0.021306,-0.026291,0.008366,0.005118,-0.045313,True,complete
stock,2026-04-28,300308,中际旭创,HOLD,1,,,,,0,5.0,光模块,optics,core,★★★,,,,站20/60线; RSI偏高74; MA60上行(+3.8%/5日),825.0,845.0,856.0,886.0,1049.87,0.024242,0.037576,0.073939,0.27257,0.333176,-0.011842,0.010958,0.024984,0.023896,0.021306,0.013285,0.012592,0.050044,0.251263,False,complete
stock,2026-04-28,688012,中微公司,HOLD,1,,,,,0,5.0,半导体设备,semicon,core,★★★,,,,红柱扩张; RSI偏高72; 放量1.7x; MA60偏弱(-0.8%/5日),362.27,359.76,383.3,370.0,432.9,-0.006929,0.058051,0.021338,0.194965,0.280813,-0.035167,0.010958,0.024984,0.023896,0.021306,-0.017886,0.033066,-0.002558,0.173659,False,complete
stock,2026-04-28,002475,立讯精密,HOLD,1,,,,,0,4.99,消费电子精密制造,consumer_elec,core,★★★,,,,多头排列; RSI超买81; MA60上行(+1.9%/5日),69.88,68.64,67.08,71.29,74.0,-0.017745,-0.040069,0.020177,0.058958,0.170292,-0.051374,0.010958,0.024984,0.023896,0.021306,-0.028703,-0.065053,-0.003718,0.037652,True,complete
stock,2026-04-28,000651,格力电器,HOLD,1,,,,,0,2.73,家电,consumer,candidate,★★☆,,,,红柱扩张; 放量2.6x; MA60偏弱(-0.5%/5日),38.44,40.47,39.95,39.91,40.28,0.05281,0.039282,0.038241,0.047867,0.063476,0.027836,0.010958,0.024984,0.023896,0.021306,0.041852,0.014298,0.014346,0.02656,False,complete
stock,2026-04-28,600183,生益科技,HOLD,1,,,,,0,5.0,PCB基板/覆铜板,pcb,core,★★★,,,,多头排列; RSI超买86; MA60上行(+0.6%/5日),76.62,78.0,80.81,82.0,89.95,0.018011,0.054685,0.070217,0.173975,0.311668,-0.008353,0.010958,0.024984,0.023896,0.021306,0.007053,0.029701,0.046321,0.152669,False,complete
stock,2026-04-28,002463,沪电股份,HOLD,1,,,,,0,5.0,高多层PCB,pcb,core,★★★,,,,站20/60线; RSI偏高71; MA60上行(+3.2%/5日),101.88,101.48,104.29,108.71,102.99,-0.003926,0.023655,0.06704,0.010895,0.123479,-0.032686,0.010958,0.024984,0.023896,0.021306,-0.014884,-0.001329,0.043144,-0.010411,False,complete
stock,2026-04-28,600426,华鲁恒升,HOLD,1,,,,,0,5.0,煤化工/化肥,chemical,candidate,★★☆,,,,红柱扩张,38.99,39.19,38.57,35.51,34.31,0.00513,-0.010772,-0.089254,-0.120031,0.01821,-0.140036,0.010958,0.024984,0.023896,0.021306,-0.005828,-0.035756,-0.113149,-0.141337,True,complete
stock,2026-04-28,600030,中信证券,HOLD,1,,,,,0,5.02,综合券商,finance,candidate,★★☆,,,,红柱扩张; RSI偏高75; 放量1.8x,27.3,27.32,27.49,26.95,26.35,0.000733,0.00696,-0.012821,-0.034799,0.01978,-0.041026,0.010958,0.024984,0.023896,0.021306,-0.010225,-0.018024,-0.036716,-0.056105,False,complete
stock,2026-04-28,688048,长光华芯,HOLD,1,,,,,0,5.0,半导体激光芯片,optics,candidate,★★☆,,,,站20/60线; RSI偏高77; MA60上行(+11.4%/5日),364.59,351.2,372.01,438.88,418.31,-0.036726,0.020352,0.203763,0.147344,0.270934,-0.05631,0.010958,0.024984,0.023896,0.021306,-0.047684,-0.004633,0.179868,0.126037,True,complete
stock,2026-04-28,002008,大族激光,HOLD,1,,,,,0,5.0,工业激光设备,industrial_auto,candidate,★★☆,,,,多头排列; RSI超买87; MA60上行(+6.9%/5日),105.22,103.14,101.99,121.86,143.1,-0.019768,-0.030698,0.158145,0.360008,0.485459,-0.067383,0.010958,0.024984,0.023896,0.021306,-0.030726,-0.055682,0.134249,0.338701,True,complete
stock,2026-04-28,601872,招商轮船,HOLD,1,,,,,0,-10.24,VLCC油轮/干散货,shipping,candidate,★★☆,,,,跌破20线; 绿柱扩张; RSI超卖22; MA60上行(+3.4%/5日),16.8,17.61,18.64,19.49,17.44,0.048214,0.109524,0.160119,0.038095,0.182143,0.004762,0.010958,0.024984,0.023896,0.021306,0.037256,0.08454,0.136224,0.016789,True,complete
stock,2026-04-28,688548,广钢气体,HOLD,1,,,,,0,5.0,半导体特种气体,semicon,watch,★☆☆,,,,多头排列; RSI偏高75; MA60上行(+2.9%/5日),30.78,30.47,30.0,27.64,31.77,-0.010071,-0.025341,-0.102014,0.032164,0.071475,-0.110786,0.010958,0.024984,0.023896,0.021306,-0.021029,-0.050325,-0.12591,0.010857,True,complete
stock,2026-04-28,600105,永鼎股份,HOLD,1,,,,,0,4.99,光纤光缆/新能源电缆,optics,watch,★☆☆,,,,站20/60线; RSI偏高74; MA60上行(+5.9%/5日),44.85,43.32,43.68,49.94,51.5,-0.034114,-0.026087,0.113489,0.148272,0.257302,-0.068004,0.010958,0.024984,0.023896,0.021306,-0.045072,-0.051071,0.089594,0.126966,True,complete
stock,2026-04-28,603256,宏和科技,HOLD,1,,,,,0,5.0,高端电子玻纤布,pcb,watch,★☆☆,,,,多头排列; RSI超买91; MA60上行(+7.7%/5日),109.65,120.62,131.01,148.87,134.1,0.100046,0.194802,0.357684,0.222982,0.397173,-0.010306,0.010958,0.024984,0.023896,0.021306,0.089088,0.169817,0.333788,0.201676,False,complete
stock,2026-04-28,301200,大族数控,HOLD,1,,,,,0,1.53,激光/数控切割设备,industrial_auto,watch,★☆☆,,,,站20/60线; 绿柱扩张; MA60上行(+1.8%/5日),185.1,184.51,184.14,187.18,221.35,-0.003187,-0.005186,0.011237,0.19584,0.293355,-0.050405,0.010958,0.024984,0.023896,0.021306,-0.014145,-0.030171,-0.012658,0.174534,True,complete
stock,2026-04-28,300502,新易盛,HOLD,0,,,,,0,2.53,光模块,optics,core,★★★,,,,站20/60线; MACD死叉; MA60上行(+3.4%/5日),535.46,537.0,522.48,551.67,610.05,0.002876,-0.024241,0.030273,0.139301,0.220819,-0.041945,0.010958,0.024984,0.023896,0.021306,-0.008082,-0.049225,0.006377,0.117994,True,complete
stock,2026-04-28,002384,东山精密,HOLD,0,,,,,0,5.0,PCB/光模块封装,optics,candidate,★★☆,,,,站20/60线; RSI超买88; MA60上行(+9.2%/5日),183.9,184.25,191.88,211.39,203.35,0.001903,0.043393,0.149483,0.105764,0.25068,-0.038173,0.010958,0.024984,0.023896,0.021306,-0.009055,0.018409,0.125588,0.084458,False,complete
stock,2026-04-28,688256,寒武纪,HOLD,0,,,,,0,5.0,AI推理芯片,semicon,watch,★☆☆,,,,多头排列; RSI超买81,1374.5,949.752,1223.826,1182.53,1209.0,-0.30902,-0.109621,-0.139665,-0.120407,-0.017825,-0.343083,0.010958,0.024984,0.023896,0.021306,-0.319978,-0.134605,-0.163561,-0.141714,True,complete
stock,2026-04-28,300750,宁德时代,HOLD,0,,,,,0,2.69,动力电池,battery,core,★★★,,,,站20/60线; MACD死叉; MA60上行(+2.1%/5日),427.67,445.0,460.0,437.0,423.6,0.040522,0.075596,0.021816,-0.009517,0.096055,-0.015596,0.010958,0.024984,0.023896,0.021306,0.029564,0.050611,-0.00208,-0.030823,False,complete
stock,2026-04-28,600887,伊利股份,HOLD,0,,,,,0,-1.37,乳制品/食品,consumer,candidate,★★☆,,,,跌破60线; RSI超卖25; 放量2.2x; MA60偏弱(-0.5%/5日),25.49,26.57,27.45,27.52,27.61,0.04237,0.076893,0.079639,0.08317,0.114162,0.000392,0.010958,0.024984,0.023896,0.021306,0.031412,0.051909,0.055744,0.061864,True,complete
stock,2026-04-28,688041,海光信息,HOLD,0,,,,,0,5.0,国产CPU/GPU,semicon,core,★★★,,,,多头排列; RSI超买81,289.0,278.77,344.41,323.28,303.01,-0.035398,0.19173,0.118616,0.048478,0.241522,-0.062076,0.010958,0.024984,0.023896,0.021306,-0.046356,0.166746,0.09472,0.027171,True,complete
stock,2026-04-28,002594,比亚迪,HOLD,0,,,,,0,-0.42,电动车/刀片电池,new_energy,core,★★★,,,,跌破20线; MA60上行(+0.5%/5日),101.48,105.4,100.75,100.02,96.3,0.038628,-0.007194,-0.014387,-0.051045,0.040993,-0.051439,0.010958,0.024984,0.023896,0.021306,0.02767,-0.032178,-0.038283,-0.072351,True,complete
stock,2026-04-28,603288,海天味业,HOLD,0,,,,,0,-3.74,调味品,food_bev,watch,★☆☆,,,,跌破20线; 绿柱扩张; RSI偏低30; MA60上行(+0.8%/5日),39.26,39.27,38.74,38.18,36.81,0.000255,-0.013245,-0.027509,-0.062404,0.0135,-0.064442,0.010958,0.024984,0.023896,0.021306,-0.010703,-0.038229,-0.051404,-0.083711,True,complete
stock,2026-04-28,601869,长飞光纤,HOLD,0,,,,,0,2.09,光纤光缆,optics,core,★★★,,,,站20/60线; 绿柱扩张; 缩量0.6x; MA60上行(+9.3%/5日),373.49,370.52,361.05,397.23,374.45,-0.007952,-0.033307,0.063563,0.00257,0.151303,-0.097727,0.010958,0.024984,0.023896,0.021306,-0.01891,-0.058292,0.039667,-0.018736,True,complete
stock,2026-04-28,300757,罗博特科,HOLD,0,,,,,0,4.71,光伏/新能源自动化装备,industrial_auto,candidate,★★☆,,,,站20/60线; MACD死叉; MA60上行(+4.1%/5日),506.05,488.32,480.55,519.2,589.98,-0.035036,-0.05039,0.025986,0.165853,0.238336,-0.089043,0.010958,0.024984,0.023896,0.021306,-0.045994,-0.075374,0.00209,0.144547,True,complete
stock,2026-04-28,605117,德业股份,HOLD,0,,,,,0,2.22,储能逆变器/户用储能,new_energy,candidate,★★☆,,,,站20/60线; 绿柱扩张; 缩量0.6x; MA60上行(+4.2%/5日),139.97,147.63,159.25,151.27,150.33,0.054726,0.137744,0.080732,0.074016,0.175609,-0.007573,0.010958,0.024984,0.023896,0.021306,0.043768,0.11276,0.056836,0.05271,False,complete
stock,2026-04-28,600988,赤峰黄金,HOLD,0,,,,,0,-16.38,黄金矿采选,commodity,candidate,★★☆,,,,跌破60线; 绿柱扩张; RSI超卖13; MA60上行(+1.2%/5日),37.37,38.88,41.11,44.4,37.64,0.040407,0.10008,0.188119,0.007225,0.200963,-0.008028,0.010958,0.024984,0.023896,0.021306,0.029449,0.075096,0.164223,-0.014081,True,complete
stock,2026-04-28,688167,炬光科技,HOLD,0,,,,,0,-2.89,高功率半导体激光器,optics,watch,★☆☆,,,,跌破20线; MA60上行(+4.5%/5日),366.19,349.4,351.96,434.64,513.97,-0.045851,-0.03886,0.186925,0.403561,0.499222,-0.07152,0.010958,0.024984,0.023896,0.021306,-0.056808,-0.063844,0.163029,0.382255,True,complete
stock,2026-04-28,603986,兆易创新,HOLD,-1,,,,,0,5.0,存储芯片,semicon,candidate,★★☆,,,,RSI偏高73,307.5,308.89,344.29,334.1,375.34,0.00452,0.119642,0.086504,0.220618,0.24878,-0.034146,0.010958,0.024984,0.023896,0.021306,-0.006438,0.094658,0.062609,0.199312,False,complete
stock,2026-04-28,688195,腾景科技,HOLD,-1,,,,,0,-3.24,精密光学元件,optics,candidate,★★☆,,,,跌破20线; 绿柱扩张; MA60上行(+5.5%/5日),325.0,323.76,337.9,372.5,348.92,-0.003815,0.039692,0.146154,0.0736,0.215077,-0.029231,0.010958,0.024984,0.023896,0.021306,-0.014773,0.014708,0.122258,0.052294,True,complete
stock,2026-04-28,688331,荣昌生物,HOLD,-1,,,,,0,-5.39,ADC创新药,pharma,candidate,★★☆,,,,跌破20线; 绿柱扩张; MA60上行(+2.4%/5日),134.6,131.0,127.7,123.9,114.66,-0.026746,-0.051263,-0.079495,-0.148143,0.002972,-0.158841,0.010958,0.024984,0.023896,0.021306,-0.037704,-0.076247,-0.10339,-0.169449,True,complete
stock,2026-04-29,300274,阳光电源,SELL_STOP,-4,,,,,0,4.43,逆变器,new_energy,core,★★★,,,,跌破60线; 红柱扩张; MA60下行趋势(-1.6%/5日); 连跌4日且MA60偏弱,138.07,136.725,138.815,143.355,152.25,-0.009741,0.005396,0.038278,0.102702,0.129789,-0.051061,-0.000632,0.018743,0.029414,0.004817,-0.009109,-0.013347,0.008864,0.097885,True,complete
stock,2026-04-29,603993,洛阳钼业,SELL_STOP,-4,,,,,0,0.21,铜/钴矿,commodity,core,★★★,,,,跌破60线; MA60下行趋势(-1.7%/5日),19.19,18.62,19.86,20.01,18.31,-0.029703,0.034914,0.042731,-0.045857,0.11777,-0.071912,-0.000632,0.018743,0.029414,0.004817,-0.029071,0.016171,0.013317,-0.050674,True,complete
stock,2026-04-29,002865,钧达股份,SELL_STOP,-4,,,,,0,3.27,TOPCon光伏电池片,new_energy,watch,★☆☆,,,,跌破60线; 红柱扩张; MA60下行趋势(-1.7%/5日); 连跌5日,76.86,80.65,87.75,106.18,99.5,0.04931,0.141686,0.381473,0.294562,0.43937,-0.01249,-0.000632,0.018743,0.029414,0.004817,0.049942,0.122943,0.352059,0.289745,False,complete
stock,2026-04-29,601899,紫金矿业,SELL_STOP,-5,,,,,0,-0.12,铜金矿,commodity,watch,★☆☆,,,,跌破60线; MA60下行趋势(-1.0%/5日); 连跌5日,34.14,33.3,34.46,34.27,31.3,-0.024605,0.009373,0.003808,-0.083187,0.034856,-0.100469,-0.000632,0.018743,0.029414,0.004817,-0.023973,-0.00937,-0.025606,-0.088004,True,complete
stock,2026-04-29,600276,恒瑞医药,SELL_STOP,-5,,,,,0,-2.49,创新药,pharma,watch,★☆☆,,,,跌破60线; 绿柱扩张; MA60偏弱(-0.6%/5日); 连跌3日且MA60偏弱,54.99,53.88,53.68,53.52,52.43,-0.020185,-0.023823,-0.026732,-0.046554,0.070558,-0.052191,-0.000632,0.018743,0.029414,0.004817,-0.019554,-0.042565,-0.056146,-0.051371,True,complete
stock,2026-04-29,600438,通威股份,SELL_STOP,-5,,,,,0,0.75,光伏电池/硅料,new_energy,candidate,★★☆,,,,跌破60线; MA60下行趋势(-1.7%/5日); 连跌4日且MA60偏弱,17.33,17.37,17.49,17.22,16.07,0.002308,0.009233,-0.006347,-0.072706,0.031737,-0.081939,-0.000632,0.018743,0.029414,0.004817,0.00294,-0.00951,-0.035761,-0.077523,True,complete
stock,2026-04-29,601012,隆基绿能,SELL_STOP,-5,,,,,0,-4.47,光伏组件,new_energy,watch,★☆☆,,,,跌破60线; 绿柱扩张; MA60偏弱(-0.5%/5日); 连跌6日,16.55,16.46,16.55,16.61,15.14,-0.005438,0.0,0.003625,-0.085196,0.029607,-0.090634,-0.000632,0.018743,0.029414,0.004817,-0.004806,-0.018743,-0.025788,-0.090013,True,complete
stock,2026-04-29,600879,航天电子,SELL_STOP,-5,,,,,0,1.3,军工电子/惯导,defense,candidate,★★☆,,,,跌破60线; MA60下行趋势(-1.7%/5日); 连跌6日,23.07,23.97,25.31,26.78,23.56,0.039012,0.097096,0.160815,0.02124,0.185522,-0.006935,-0.000632,0.018743,0.029414,0.004817,0.039644,0.078353,0.131401,0.016423,False,complete
stock,2026-04-29,603799,华友钴业,REDUCE,-2,,,,,0,5.0,钴/三元前驱体,battery_materials,candidate,★★☆,,,,红柱扩张; RSI偏高68; MA60下行趋势(-1.4%/5日),67.66,66.09,67.7,64.34,57.81,-0.023204,0.000591,-0.049069,-0.145581,0.039758,-0.158291,-0.000632,0.018743,0.029414,0.004817,-0.022572,-0.018152,-0.078483,-0.150398,True,complete
stock,2026-04-29,002028,思源电气,REDUCE,-2,,,,,0,-6.55,特高压/变电设备,power_equip,core,★★★,,,,跌破60线; 绿柱扩张; MA60上行(+0.7%/5日),196.86,195.0,206.68,196.16,192.57,-0.009448,0.049883,-0.003556,-0.021792,0.07264,-0.049578,-0.000632,0.018743,0.029414,0.004817,-0.008816,0.03114,-0.032969,-0.026609,True,complete
stock,2026-04-29,002714,牧原股份,REDUCE,-2,,,,,0,0.99,生猪养殖,agriculture,candidate,★★☆,,,,跌破60线; 放量1.6x; MA60偏弱(-0.5%/5日),44.62,44.7,44.07,44.32,40.43,0.001793,-0.012326,-0.006723,-0.093904,0.017033,-0.098386,-0.000632,0.018743,0.029414,0.004817,0.002425,-0.031069,-0.036137,-0.098721,True,complete
stock,2026-04-29,601318,中国平安,REDUCE,-2,,,,,0,2.14,保险/金融科技,finance,candidate,★★☆,,,,跌破60线; 红柱扩张; 放量2.4x; MA60下行趋势(-0.9%/5日),59.43,59.37,60.04,60.1,54.89,-0.00101,0.010264,0.011274,-0.076392,0.028269,-0.084637,-0.000632,0.018743,0.029414,0.004817,-0.000378,-0.008479,-0.01814,-0.081209,True,complete
stock,2026-04-29,000568,泸州老窖,REDUCE,-2,,,,,0,-0.84,高端白酒,food_bev,candidate,★★☆,,,,跌破60线; 红柱扩张; 放量1.7x; MA60下行趋势(-0.8%/5日),101.73,100.1,99.05,96.91,89.97,-0.016023,-0.026344,-0.04738,-0.1156,0.003637,-0.116387,-0.000632,0.018743,0.029414,0.004817,-0.015391,-0.045087,-0.076794,-0.120417,True,complete
stock,2026-04-29,600893,航发动力,REDUCE,-2,,,,,0,-8.47,航空发动机,defense,candidate,★★☆,,,,跌破60线; 绿柱扩张; RSI偏低33,45.46,46.25,48.33,50.5,46.46,0.017378,0.063132,0.110867,0.021997,0.16586,-0.005499,-0.000632,0.018743,0.029414,0.004817,0.01801,0.04439,0.081453,0.017181,True,complete
stock,2026-04-29,300394,天孚通信,REDUCE,-3,,,,,0,-9.82,光通信器件,optics,core,★★☆,,,,跌破60线; 绿柱扩张; 缩量0.6x; MA60上行(+3.6%/5日),311.09,307.5,328.14,331.92,384.95,-0.01154,0.054807,0.066958,0.237423,0.331062,-0.019576,-0.000632,0.018743,0.029414,0.004817,-0.010908,0.036064,0.037544,0.232607,True,complete
stock,2026-04-29,600031,三一重工,REDUCE,-3,,,,,0,1.66,工程机械,machinery,watch,★★☆,,,,跌破60线; 红柱扩张; MA60下行趋势(-1.1%/5日),20.5,20.35,20.98,21.84,19.39,-0.007317,0.023415,0.065366,-0.054146,0.096585,-0.062927,-0.000632,0.018743,0.029414,0.004817,-0.006685,0.004672,0.035952,-0.058963,True,complete
stock,2026-04-29,600519,贵州茅台,REDUCE,-3,,,,,0,-2.58,高端白酒,consumer,core,★★★,,,,跌破60线; 绿柱扩张,1401.17,1384.79,1371.05,1361.33,1323.0,-0.01169,-0.021496,-0.028433,-0.055789,0.0,-0.058208,-0.000632,0.018743,0.029414,0.004817,-0.011058,-0.040239,-0.057847,-0.060606,True,complete
stock,2026-04-29,601888,中国中免,REDUCE,-3,,,,,0,-2.82,免税零售,consumer,candidate,★★☆,,,,跌破60线; 红柱扩张; MA60下行趋势(-3.0%/5日),65.95,65.62,63.05,62.69,58.11,-0.005004,-0.043973,-0.049431,-0.118878,0.015921,-0.122365,-0.000632,0.018743,0.029414,0.004817,-0.004372,-0.062716,-0.078845,-0.123695,True,complete
stock,2026-04-29,688981,中芯国际,REDUCE,-3,,,,,0,5.0,半导体代工,semicon,core,★★★,,,,RSI偏高74; MA60下行趋势(-1.0%/5日),112.47,118.73,125.34,122.52,117.62,0.055659,0.114431,0.089357,0.04579,0.139148,0.00738,-0.000632,0.018743,0.029414,0.004817,0.056291,0.095688,0.059944,0.040973,False,complete
stock,2026-04-29,300760,迈瑞医疗,REDUCE,-3,,,,,0,4.88,医疗器械,pharma,candidate,★★☆,,,,跌破60线; 红柱扩张; RSI偏高73; 放量2.2x; MA60下行趋势(-1.6%/5日),168.4,168.4,170.5,169.21,156.33,0.0,0.01247,0.00481,-0.071675,0.048456,-0.075475,-0.000632,0.018743,0.029414,0.004817,0.000632,-0.006273,-0.024604,-0.076491,True,complete
stock,2026-04-29,300750,宁德时代,BUY_STRONG,5,,,,,6,5.0,动力电池,battery,core,★★★,,,,多头排列; MACD金叉; RSI偏高71; MA60上行(+2.2%/5日),445.0,436.0,451.64,446.11,417.23,-0.020225,0.014921,0.002494,-0.062404,0.053371,-0.069663,-0.000632,0.018743,0.029414,0.004817,-0.019593,-0.003822,-0.026919,-0.067221,True,complete
stock,2026-04-29,300666,江丰电子,BUY_STRONG,5,,,,,4,5.0,高纯溅射靶材,semicon,candidate,★★☆,,,,多头排列; 红柱扩张; 放量1.7x; MA60上行(+2.5%/5日),175.39,179.71,186.55,185.0,201.26,0.024631,0.06363,0.054792,0.1475,0.15457,-0.036433,-0.000632,0.018743,0.029414,0.004817,0.025263,0.044887,0.025379,0.142683,False,complete
stock,2026-04-29,603259,药明康德,BUY_WATCH,4,,,,,0,5.0,CXO,pharma,watch,★☆☆,,,,多头排列; 红柱扩张; 放量2.3x; MA60上行(+0.6%/5日),111.18,109.55,111.28,108.72,102.05,-0.014661,0.000899,-0.022126,-0.082119,0.017809,-0.088685,-0.000632,0.018743,0.029414,0.004817,-0.014029,-0.017843,-0.05154,-0.086936,True,complete
stock,2026-04-29,300476,胜宏科技,BUY_WATCH,4,,,,,2,5.0,PCB,pcb,candidate,★★☆,,,,多头排列; 红柱扩张; MA60上行(+1.7%/5日),333.87,328.49,338.06,378.24,346.2,-0.016114,0.01255,0.132896,0.036931,0.168119,-0.026567,-0.000632,0.018743,0.029414,0.004817,-0.015482,-0.006193,0.103482,0.032114,False,complete
stock,2026-04-29,600309,万华化学,BUY_WATCH,4,,,,,4,2.83,MDI/聚氨酯,chemical,core,★★★,,,,多头排列; 红柱扩张,90.35,89.54,84.8,83.51,79.9,-0.008965,-0.061428,-0.075706,-0.115661,0.003985,-0.124184,-0.000632,0.018743,0.029414,0.004817,-0.008333,-0.080171,-0.105119,-0.120478,True,complete
stock,2026-04-29,601088,中国神华,BUY_WATCH,4,,,,,0,2.75,煤炭/电力,commodity,watch,★★☆,,,,多头排列; 红柱扩张; MA60上行(+1.3%/5日),47.98,48.0,45.59,45.17,45.85,0.000417,-0.049812,-0.058566,-0.044393,0.004168,-0.071905,-0.000632,0.018743,0.029414,0.004817,0.001049,-0.068555,-0.08798,-0.04921,True,complete
stock,2026-04-29,002594,比亚迪,BUY_WATCH,4,,,,,4,3.3,电动车/刀片电池,new_energy,core,★★★,,,,站20/60线; 放量2.0x; MA60上行(+0.7%/5日),105.4,102.98,100.46,100.44,94.51,-0.02296,-0.046869,-0.047059,-0.103321,0.000474,-0.105313,-0.000632,0.018743,0.029414,0.004817,-0.022328,-0.065612,-0.076472,-0.108137,True,complete
stock,2026-04-29,600522,中天科技,BUY_WATCH,3,,,,,4,4.99,海缆/光纤/电力电缆,optics,core,★★★,,,,站20/60线; MA60上行(+4.7%/5日),34.28,33.12,38.38,43.86,43.95,-0.033839,0.119603,0.279463,0.282089,0.347141,-0.051634,-0.000632,0.018743,0.029414,0.004817,-0.033207,0.10086,0.25005,0.277272,True,complete
stock,2026-04-29,600487,亨通光电,BUY_WATCH,3,,,,,4,5.0,光纤光缆/海底电缆,optics,core,★★★,,,,站20/60线; MA60上行(+7.5%/5日),67.38,65.7,75.96,74.99,71.8,-0.024933,0.127337,0.112942,0.065598,0.185812,-0.060552,-0.000632,0.018743,0.029414,0.004817,-0.024301,0.108595,0.083528,0.060781,True,complete
stock,2026-04-29,605117,德业股份,BUY_WATCH,3,,,,,2,5.0,储能逆变器/户用储能,new_energy,candidate,★★☆,,,,多头排列; MA60上行(+4.1%/5日),147.63,150.63,154.34,161.57,159.29,0.020321,0.045451,0.094425,0.078981,0.114611,-0.007654,-0.000632,0.018743,0.029414,0.004817,0.020953,0.026709,0.065012,0.074165,False,complete
stock,2026-04-29,688498,源杰科技,HOLD,2,,,,,0,5.0,光芯片基材,optics,candidate,★★☆,,,,多头排列; 红柱扩张; RSI超买79; MA60上行(+6.1%/5日),1515.0,1084.014,1124.053,1120.601,1058.08,-0.284479,-0.258051,-0.260329,-0.301597,-0.195225,-0.328222,-0.000632,0.018743,0.029414,0.004817,-0.283847,-0.276794,-0.289743,-0.306414,True,complete
stock,2026-04-29,000333,美的集团,HOLD,2,,,,,0,3.96,家电/工业机器人,consumer,core,★★★,,,,多头排列; 红柱扩张; RSI超买82,81.31,81.1,79.81,80.67,82.83,-0.002583,-0.018448,-0.007871,0.018694,0.026196,-0.026565,-0.000632,0.018743,0.029414,0.004817,-0.001951,-0.037191,-0.037285,0.013877,False,complete
stock,2026-04-29,600887,伊利股份,HOLD,2,,,,,0,2.71,乳制品/食品,consumer,candidate,★★☆,,,,MACD金叉; 放量3.0x; MA60偏弱(-0.4%/5日),26.57,27.46,27.53,28.06,27.29,0.033496,0.036131,0.056078,0.027098,0.068875,0.01656,-0.000632,0.018743,0.029414,0.004817,0.034128,0.017388,0.026665,0.022282,False,complete
stock,2026-04-29,000338,潍柴动力,HOLD,2,,,,,0,5.01,重型发动机/氢燃料,machinery,candidate,★★☆,,,,多头排列; RSI偏高76; MA60上行(+2.3%/5日),30.15,31.2,35.0,33.53,33.3,0.034826,0.160862,0.112106,0.104478,0.189055,0.021891,-0.000632,0.018743,0.029414,0.004817,0.035458,0.142119,0.082692,0.099661,False,complete
stock,2026-04-29,688120,华海清科,HOLD,2,,,,,0,4.89,CMP研磨设备,semicon,candidate,★★☆,,,,多头排列,193.2,197.43,200.63,206.89,273.0,0.021894,0.038458,0.070859,0.413043,0.494203,-0.006315,-0.000632,0.018743,0.029414,0.004817,0.022526,0.019715,0.041446,0.408227,False,complete
stock,2026-04-29,688409,富创精密,HOLD,2,,,,,0,5.0,半导体精密零部件,semicon,watch,★☆☆,,,,多头排列; 红柱扩张; RSI偏高72; MA60上行(+1.6%/5日),122.5,128.56,126.58,122.9,169.85,0.049469,0.033306,0.003265,0.386531,0.443265,-0.053061,-0.000632,0.018743,0.029414,0.004817,0.050101,0.014563,-0.026148,0.381714,True,complete
stock,2026-04-29,603929,亚翔集成,HOLD,2,,,,,0,1.73,半导体洁净室工程,semicon,watch,★☆☆,,,,多头排列; MA60上行(+2.6%/5日),192.38,186.65,204.35,204.55,183.26,-0.029785,0.062221,0.06326,-0.047406,0.107704,-0.067731,-0.000632,0.018743,0.029414,0.004817,-0.029153,0.043478,0.033847,-0.052223,True,complete
stock,2026-04-29,300308,中际旭创,HOLD,1,,,,,0,5.0,光模块,optics,core,★★★,,,,站20/60线; RSI偏高76; MA60上行(+3.7%/5日),846.0,857.5,877.47,940.13,1045.0,0.013593,0.037199,0.111265,0.235225,0.300083,-0.013002,-0.000632,0.018743,0.029414,0.004817,0.014225,0.018456,0.081851,0.230408,False,complete
stock,2026-04-29,300502,新易盛,HOLD,1,,,,,0,1.93,光模块,optics,core,★★★,,,,站20/60线; 绿柱扩张; MA60上行(+3.1%/5日),537.0,525.79,563.5,563.7,599.92,-0.020875,0.049348,0.049721,0.117169,0.217318,-0.044693,-0.000632,0.018743,0.029414,0.004817,-0.020243,0.030605,0.020307,0.112353,True,complete
stock,2026-04-29,002475,立讯精密,HOLD,1,,,,,0,5.0,消费电子精密制造,consumer_elec,core,★★★,,,,站20/60线; RSI偏高76; MA60上行(+2.1%/5日),68.64,67.0,69.52,76.06,72.9,-0.023893,0.012821,0.1081,0.062063,0.191434,-0.034237,-0.000632,0.018743,0.029414,0.004817,-0.023261,-0.005922,0.078687,0.057246,False,complete
stock,2026-04-29,601138,工业富联,HOLD,1,,,,,0,5.0,AI服务器/精密制造,consumer_elec,candidate,★★☆,,,,站20/60线; RSI偏高72; MA60上行(+0.9%/5日),66.26,62.88,64.18,65.85,68.98,-0.051011,-0.031391,-0.006188,0.04105,0.116813,-0.068216,-0.000632,0.018743,0.029414,0.004817,-0.050379,-0.050134,-0.035601,0.036234,True,complete
stock,2026-04-29,600183,生益科技,HOLD,1,,,,,0,5.0,PCB基板/覆铜板,pcb,core,★★★,,,,多头排列; RSI超买87; MA60上行(+0.7%/5日),78.0,76.51,82.0,83.66,98.95,-0.019103,0.051282,0.072564,0.26859,0.288462,-0.021538,-0.000632,0.018743,0.029414,0.004817,-0.018471,0.032539,0.04315,0.263773,False,complete
stock,2026-04-29,002463,沪电股份,HOLD,1,,,,,0,5.0,高多层PCB,pcb,core,★★★,,,,站20/60线; RSI偏高70; MA60上行(+3.2%/5日),101.98,102.07,107.38,108.68,104.26,0.000883,0.052952,0.065699,0.022357,0.122377,-0.004217,-0.000632,0.018743,0.029414,0.004817,0.001514,0.034209,0.036285,0.017541,False,complete
stock,2026-04-29,600426,华鲁恒升,HOLD,1,,,,,0,5.0,煤化工/化肥,chemical,candidate,★★☆,,,,红柱扩张,39.19,38.5,36.12,34.82,33.2,-0.017607,-0.078336,-0.111508,-0.152845,0.013014,-0.160245,-0.000632,0.018743,0.029414,0.004817,-0.016975,-0.097079,-0.140922,-0.157662,True,complete
stock,2026-04-29,601869,长飞光纤,HOLD,1,,,,,0,0.48,光纤光缆,optics,core,★★★,,,,站20/60线; 绿柱扩张; MA60上行(+8.8%/5日),370.52,353.9,389.2,400.31,399.48,-0.044856,0.050416,0.080401,0.07816,0.160531,-0.090494,-0.000632,0.018743,0.029414,0.004817,-0.044224,0.031673,0.050987,0.073344,True,complete
stock,2026-04-29,688048,长光华芯,HOLD,1,,,,,0,5.0,半导体激光芯片,optics,candidate,★★☆,,,,站20/60线; RSI偏高75; MA60上行(+11.0%/5日),351.2,352.03,392.87,433.3,408.02,0.002363,0.11865,0.23377,0.161788,0.319391,-0.02033,-0.000632,0.018743,0.029414,0.004817,0.002995,0.099907,0.204356,0.156971,False,complete
stock,2026-04-29,300757,罗博特科,HOLD,1,,,,,0,0.15,光伏/新能源自动化装备,industrial_auto,candidate,★★☆,,,,站20/60线; 绿柱扩张; MA60上行(+3.6%/5日),488.32,482.1,510.32,512.3,582.0,-0.012738,0.045052,0.049107,0.191841,0.283298,-0.055967,-0.000632,0.018743,0.029414,0.004817,-0.012106,0.02631,0.019693,0.187025,True,complete
stock,2026-04-29,688548,广钢气体,HOLD,1,,,,,0,4.99,半导体特种气体,semicon,watch,★☆☆,,,,站20/60线; RSI偏高75; MA60上行(+3.0%/5日),30.47,30.06,27.8,28.55,33.02,-0.013456,-0.087627,-0.063013,0.083689,0.104365,-0.101739,-0.000632,0.018743,0.029414,0.004817,-0.012824,-0.10637,-0.092426,0.078872,True,complete
stock,2026-04-29,600105,永鼎股份,HOLD,1,,,,,0,5.01,光纤光缆/新能源电缆,optics,watch,★☆☆,,,,站20/60线; RSI偏高68; MA60上行(+5.7%/5日),43.32,42.41,47.52,51.4,51.55,-0.021006,0.096953,0.186519,0.189982,0.301708,-0.035088,-0.000632,0.018743,0.029414,0.004817,-0.020374,0.07821,0.157105,0.185165,False,complete
stock,2026-04-29,603256,宏和科技,HOLD,1,,,,,0,5.0,高端电子玻纤布,pcb,watch,★☆☆,,,,多头排列; 红柱扩张; RSI超买92; 缩量0.6x; MA60上行(+7.7%/5日),120.62,119.1,144.11,149.98,131.48,-0.012602,0.194744,0.243409,0.090035,0.270104,-0.078428,-0.000632,0.018743,0.029414,0.004817,-0.01197,0.176001,0.213995,0.085218,True,complete
stock,2026-04-29,301200,大族数控,HOLD,1,,,,,0,0.92,激光/数控切割设备,industrial_auto,watch,★☆☆,,,,站20/60线; 绿柱扩张; MA60上行(+1.2%/5日),185.11,181.99,193.35,201.31,215.95,-0.016855,0.044514,0.087516,0.166604,0.293285,-0.050456,-0.000632,0.018743,0.029414,0.004817,-0.016223,0.025771,0.058102,0.161787,True,complete
stock,2026-04-29,002384,东山精密,HOLD,0,,,,,0,5.0,PCB/光模块封装,optics,candidate,★★☆,,,,站20/60线; RSI超买86; MA60上行(+9.1%/5日),184.25,186.73,211.07,218.3,211.25,0.01346,0.145563,0.184803,0.14654,0.248304,-0.013134,-0.000632,0.018743,0.029414,0.004817,0.014092,0.12682,0.15539,0.141723,False,complete
stock,2026-04-29,688256,寒武纪,HOLD,0,,,,,0,5.0,AI推理芯片,semicon,watch,★☆☆,,,,多头排列; 红柱扩张; RSI超买82,1416.63,1139.906,1252.685,1200.0,1216.99,-0.19534,-0.115729,-0.152919,-0.140926,-0.047034,-0.301917,-0.000632,0.018743,0.029414,0.004817,-0.194708,-0.134472,-0.182333,-0.145743,True,complete
stock,2026-04-29,688041,海光信息,HOLD,0,,,,,0,5.0,国产CPU/GPU,semicon,core,★★★,,,,站20/60线; RSI偏高75,278.77,296.25,341.6,349.18,303.63,0.062704,0.225383,0.252574,0.089177,0.287083,0.021918,-0.000632,0.018743,0.029414,0.004817,0.063336,0.20664,0.22316,0.084361,False,complete
stock,2026-04-29,603288,海天味业,HOLD,0,,,,,0,-3.49,调味品,food_bev,watch,★☆☆,,,,跌破20线; 绿柱扩张; RSI偏低30; MA60上行(+0.8%/5日),39.27,38.64,38.73,38.15,36.38,-0.016043,-0.013751,-0.02852,-0.073593,-0.002801,-0.078941,-0.000632,0.018743,0.029414,0.004817,-0.015411,-0.032494,-0.057934,-0.07841,True,complete
stock,2026-04-29,600498,烽火通信,HOLD,0,,,,,0,0.43,光通信设备,optics,candidate,★★☆,,,,站20/60线; MACD死叉; MA60上行(+2.4%/5日),51.5,46.68,51.82,58.61,56.17,-0.093592,0.006214,0.138058,0.09068,0.223107,-0.1,-0.000632,0.018743,0.029414,0.004817,-0.09296,-0.012529,0.108645,0.085863,True,complete
stock,2026-04-29,688777,中控技术,HOLD,0,,,,,0,5.0,工业自动化DCS,industrial_auto,candidate,★★☆,,,,红柱扩张; RSI偏高68,77.46,79.29,82.58,82.0,84.05,0.023625,0.066099,0.058611,0.085076,0.099664,-0.036922,-0.000632,0.018743,0.029414,0.004817,0.024257,0.047356,0.029197,0.080259,False,complete
stock,2026-04-29,002008,大族激光,HOLD,0,,,,,0,5.0,工业激光设备,industrial_auto,candidate,★★☆,,,,站20/60线; RSI超买82; MA60上行(+7.0%/5日),103.34,100.52,112.21,134.07,138.33,-0.027289,0.085833,0.297368,0.338591,0.512483,-0.050416,-0.000632,0.018743,0.029414,0.004817,-0.026657,0.06709,0.267954,0.333774,True,complete
stock,2026-04-29,601872,招商轮船,HOLD,0,,,,,0,-5.51,VLCC油轮/干散货,shipping,candidate,★★☆,,,,跌破20线; RSI偏低33; MA60上行(+3.3%/5日); 连跌5日,17.61,17.6,18.43,18.37,17.05,-0.000568,0.046564,0.043157,-0.0318,0.127768,-0.068711,-0.000632,0.018743,0.029414,0.004817,6.4e-05,0.027822,0.013744,-0.036617,True,complete
stock,2026-04-29,600988,赤峰黄金,HOLD,0,,,,,0,-11.29,黄金矿采选,commodity,candidate,★★☆,,,,跌破60线; RSI超卖24; MA60上行(+0.8%/5日); 连跌5日,38.88,38.0,42.36,42.04,36.66,-0.022634,0.089506,0.081276,-0.057099,0.154321,-0.075103,-0.000632,0.018743,0.029414,0.004817,-0.022002,0.070763,0.051862,-0.061915,True,complete
stock,2026-04-29,688012,中微公司,HOLD,-1,,,,,0,5.0,半导体设备,semicon,core,★★★,,,,红柱扩张; RSI偏高69; MA60偏弱(-0.5%/5日),359.76,376.3,384.6,383.64,438.75,0.045975,0.069046,0.066378,0.219563,0.289749,-0.011702,-0.000632,0.018743,0.029414,0.004817,0.046607,0.050303,0.036964,0.214746,False,complete
stock,2026-04-29,603986,兆易创新,HOLD,-1,,,,,0,5.0,存储芯片,semicon,candidate,★★☆,,,,RSI偏高77,308.89,312.99,350.16,362.13,400.0,0.013273,0.133607,0.172359,0.294959,0.336625,-0.007802,-0.000632,0.018743,0.029414,0.004817,0.013905,0.114865,0.142945,0.290143,False,complete
stock,2026-04-29,000858,五粮液,HOLD,-1,,,,,0,-3.9,高端白酒,consumer,candidate,★★☆,,,,跌破60线; 绿柱扩张; RSI超卖25,98.34,97.08,92.6,91.81,85.57,-0.012813,-0.058369,-0.066402,-0.129856,-0.003966,-0.133618,-0.000632,0.018743,0.029414,0.004817,-0.012181,-0.077112,-0.095816,-0.134672,True,complete
stock,2026-04-29,000651,格力电器,HOLD,-1,,,,,0,4.99,家电,consumer,candidate,★★☆,,,,红柱扩张; RSI超买85; 放量5.6x; MA60偏弱(-0.3%/5日),40.47,40.05,39.89,40.46,39.71,-0.010378,-0.014332,-0.000247,-0.018779,0.009637,-0.023721,-0.000632,0.018743,0.029414,0.004817,-0.009746,-0.033075,-0.029661,-0.023596,False,complete
stock,2026-04-29,600030,中信证券,HOLD,-1,,,,,0,5.01,综合券商,finance,candidate,★★☆,,,,红柱扩张; RSI超买85,27.32,27.22,27.23,27.33,26.16,-0.00366,-0.003294,0.000366,-0.04246,0.019034,-0.049048,-0.000632,0.018743,0.029414,0.004817,-0.003028,-0.022037,-0.029048,-0.047276,False,complete
stock,2026-04-29,688195,腾景科技,HOLD,-1,,,,,0,-4.46,精密光学元件,optics,candidate,★★☆,,,,跌破20线; 绿柱扩张; MA60上行(+4.7%/5日),323.76,332.0,361.98,375.6,349.09,0.025451,0.11805,0.160119,0.078237,0.219731,-0.011397,-0.000632,0.018743,0.029414,0.004817,0.026083,0.099307,0.130705,0.07342,True,complete
stock,2026-04-29,688521,芯原股份,HOLD,-1,,,,,0,-1.55,半导体IP/芯片设计平台,semicon,candidate,★★☆,,,,跌破20线; 绿柱扩张; MA60上行(+1.2%/5日),234.07,280.88,275.0,267.4,259.5,0.199983,0.174862,0.142393,0.108643,0.26868,0.059512,-0.000632,0.018743,0.029414,0.004817,0.200615,0.156119,0.11298,0.103826,False,complete
stock,2026-04-29,688331,荣昌生物,HOLD,-1,,,,,0,-8.37,ADC创新药,pharma,candidate,★★☆,,,,跌破20线; 绿柱扩张; MA60上行(+2.3%/5日),131.0,129.31,130.0,124.63,111.98,-0.012901,-0.007634,-0.048626,-0.145191,0.019084,-0.150992,-0.000632,0.018743,0.029414,0.004817,-0.012269,-0.026377,-0.07804,-0.150008,True,complete
stock,2026-04-29,688167,炬光科技,HOLD,-1,,,,,0,-8.19,高功率半导体激光器,optics,watch,★☆☆,,,,跌破20线; 绿柱扩张; MA60上行(+4.2%/5日),349.4,357.98,422.35,478.1,495.88,0.024556,0.208786,0.368346,0.419233,0.571265,-0.004007,-0.000632,0.018743,0.029414,0.004817,0.025188,0.190044,0.338932,0.414416,True,complete
stock,2026-04-30,600276,恒瑞医药,SELL_STOP,-4,,,,,0,-3.96,创新药,pharma,watch,★☆☆,,,,跌破60线; 绿柱扩张; MA60偏弱(-0.5%/5日),54.03,53.63,52.8,56.11,51.59,-0.007403,-0.022765,0.038497,-0.04516,0.08958,-0.049972,0.014515,0.013438,0.029276,0.009479,-0.021919,-0.036203,0.009221,-0.054639,True,complete
stock,2026-04-30,600438,通威股份,SELL_STOP,-4,,,,,0,0.75,光伏电池/硅料,new_energy,candidate,★★☆,,,,跌破60线; MA60下行趋势(-1.7%/5日),17.36,17.36,17.22,16.99,16.11,0.0,-0.008065,-0.021313,-0.072005,0.029954,-0.089286,0.014515,0.013438,0.029276,0.009479,-0.014515,-0.021502,-0.05059,-0.081484,True,complete
stock,2026-04-30,300760,迈瑞医疗,SELL_STOP,-4,,,,,0,5.0,医疗器械,pharma,candidate,★★☆,,,,跌破60线; 红柱扩张; RSI偏高71; MA60下行趋势(-1.5%/5日),168.88,172.68,170.61,166.39,158.15,0.022501,0.010244,-0.014744,-0.063536,0.045476,-0.078103,0.014515,0.013438,0.029276,0.009479,0.007986,-0.003194,-0.04402,-0.073016,True,complete
stock,2026-04-30,601899,紫金矿业,SELL_STOP,-5,,,,,0,-2.61,铜金矿,commodity,watch,★☆☆,,,,跌破60线; 绿柱扩张; MA60下行趋势(-1.2%/5日),33.27,34.21,34.8,34.58,31.16,0.028254,0.045987,0.039375,-0.06342,0.061918,-0.07905,0.014515,0.013438,0.029276,0.009479,0.013738,0.03255,0.010099,-0.0729,True,complete
stock,2026-04-30,601012,隆基绿能,SELL_STOP,-5,,,,,0,-4.74,光伏组件,new_energy,watch,★☆☆,,,,跌破60线; 绿柱扩张; MA60偏弱(-0.7%/5日); 连跌7日,16.44,16.55,16.36,16.7,15.24,0.006691,-0.004866,0.015815,-0.072993,0.036496,-0.086983,0.014515,0.013438,0.029276,0.009479,-0.007824,-0.018304,-0.013461,-0.082472,True,complete
stock,2026-04-30,603993,洛阳钼业,SELL_STOP,-6,,,,,0,-3.01,铜/钴矿,commodity,core,★★★,,,,跌破60线; MACD死叉; MA60下行趋势(-1.8%/5日),18.61,19.48,20.2,20.58,18.18,0.046749,0.085438,0.105857,-0.023106,0.152606,-0.042988,0.014515,0.013438,0.029276,0.009479,0.032234,0.072,0.076581,-0.032585,True,complete
stock,2026-04-30,600031,三一重工,REDUCE,-2,,,,,0,1.27,工程机械,machinery,watch,★★☆,,,,跌破60线; 红柱扩张; 放量1.6x; MA60下行趋势(-1.1%/5日),20.43,20.91,20.53,21.36,19.31,0.023495,0.004895,0.045521,-0.054821,0.100343,-0.069995,0.014515,0.013438,0.029276,0.009479,0.008979,-0.008543,0.016245,-0.064301,True,complete
stock,2026-04-30,600519,贵州茅台,REDUCE,-2,,,,,0,-3.69,高端白酒,consumer,core,★★★,,,,跌破60线; 绿柱扩张; RSI偏低35,1382.44,1375.0,1372.99,1354.55,1324.3,-0.005382,-0.006836,-0.020174,-0.042056,0.004022,-0.046613,0.014515,0.013438,0.029276,0.009479,-0.019897,-0.020274,-0.049451,-0.051535,True,complete
stock,2026-04-30,601888,中国中免,REDUCE,-2,,,,,0,-2.93,免税零售,consumer,candidate,★★☆,,,,跌破60线; 红柱扩张; RSI偏低31; MA60下行趋势(-2.9%/5日),65.6,63.03,62.68,61.55,58.36,-0.039177,-0.044512,-0.061738,-0.110366,-0.028506,-0.117683,0.014515,0.013438,0.029276,0.009479,-0.053692,-0.05795,-0.091014,-0.119845,True,complete
stock,2026-04-30,603799,华友钴业,REDUCE,-2,,,,,0,4.97,钴/三元前驱体,battery_materials,candidate,★★☆,,,,MA60下行趋势(-1.4%/5日),66.62,67.47,65.5,62.37,57.6,0.012759,-0.016812,-0.063795,-0.135395,0.055989,-0.166617,0.014515,0.013438,0.029276,0.009479,-0.001756,-0.03025,-0.093071,-0.144874,True,complete
stock,2026-04-30,601318,中国平安,REDUCE,-2,,,,,0,2.04,保险/金融科技,finance,candidate,★★☆,,,,跌破60线; 红柱扩张; 放量1.5x; MA60下行趋势(-0.9%/5日),59.43,59.36,60.06,59.4,54.48,-0.001178,0.010601,-0.000505,-0.083291,0.028269,-0.089349,0.014515,0.013438,0.029276,0.009479,-0.015693,-0.002837,-0.029781,-0.092771,True,complete
stock,2026-04-30,600498,烽火通信,REDUCE,-2,,,,,0,-9.95,光通信设备,optics,candidate,★★☆,,,,跌破60线; 绿柱扩张; MA60上行(+2.0%/5日),46.53,48.59,57.0,59.01,56.61,0.044273,0.225016,0.268214,0.216634,0.35375,0.018698,0.014515,0.013438,0.029276,0.009479,0.029757,0.211578,0.238938,0.207155,True,complete
stock,2026-04-30,688195,腾景科技,REDUCE,-2,,,,,0,-2.24,精密光学元件,optics,candidate,★★☆,,,,跌破20线; 绿柱扩张; MA60上行(+4.3%/5日); 连跌5日,333.0,337.9,372.5,366.01,331.08,0.014715,0.118619,0.099129,-0.005766,0.185886,-0.042072,0.014515,0.013438,0.029276,0.009479,0.000199,0.105181,0.069853,-0.015245,True,complete
stock,2026-04-30,600893,航发动力,REDUCE,-2,,,,,0,-6.34,航空发动机,defense,candidate,★★☆,,,,跌破60线; 绿柱扩张; RSI偏低26,46.24,46.84,50.1,48.7,47.63,0.012976,0.083478,0.053201,0.030061,0.146194,-0.011246,0.014515,0.013438,0.029276,0.009479,-0.00154,0.07004,0.023924,0.020581,True,complete
stock,2026-04-30,300394,天孚通信,REDUCE,-3,,,,,0,-10.74,光通信器件,optics,core,★★☆,,,,跌破60线; 绿柱扩张; 缩量0.5x; MA60上行(+3.2%/5日),307.33,316.16,326.3,342.45,363.0,0.028731,0.061725,0.114275,0.181141,0.347347,-0.007581,0.014515,0.013438,0.029276,0.009479,0.014216,0.048287,0.084998,0.171661,True,complete
stock,2026-04-30,300274,阳光电源,REDUCE,-3,,,,,0,3.92,逆变器,new_energy,core,★★★,,,,跌破60线; 红柱扩张; MA60下行趋势(-1.5%/5日),137.5,139.845,139.165,139.85,157.38,0.017055,0.012109,0.017091,0.144582,0.173236,-0.047127,0.014515,0.013438,0.029276,0.009479,0.002539,-0.001329,-0.012185,0.135103,True,complete
stock,2026-04-30,002028,思源电气,REDUCE,-3,,,,,0,-7.04,特高压/变电设备,power_equip,core,★★★,,,,跌破60线; 绿柱扩张,195.33,206.0,198.1,198.35,194.99,0.054626,0.014181,0.015461,-0.001741,0.081042,-0.042134,0.014515,0.013438,0.029276,0.009479,0.04011,0.000743,-0.013815,-0.01122,True,complete
stock,2026-04-30,000568,泸州老窖,REDUCE,-3,,,,,0,-1.97,高端白酒,food_bev,candidate,★★☆,,,,跌破60线; MA60偏弱(-0.8%/5日),100.3,98.33,97.53,94.78,90.33,-0.019641,-0.027617,-0.055035,-0.099402,0.000499,-0.103789,0.014515,0.013438,0.029276,0.009479,-0.034156,-0.041055,-0.084311,-0.108881,True,complete
stock,2026-04-30,002865,钧达股份,REDUCE,-3,,,,,0,5.0,TOPCon光伏电池片,new_energy,watch,★☆☆,,,,跌破60线; 红柱扩张; MA60下行趋势(-2.0%/5日),80.58,81.87,96.53,103.92,95.12,0.016009,0.19794,0.28965,0.180442,0.372921,-0.020973,0.014515,0.013438,0.029276,0.009479,0.001494,0.184502,0.260374,0.170962,False,complete
stock,2026-04-30,688521,芯原股份,BUY_STRONG,6,,,,,5,5.0,半导体IP/芯片设计平台,semicon,candidate,★★☆,,,,多头排列; MACD金叉; 放量1.6x; MA60上行(+1.2%/5日),280.88,278.6,262.0,271.99,299.91,-0.008117,-0.067217,-0.031651,0.067751,0.071632,-0.117061,0.014515,0.013438,0.029276,0.009479,-0.022633,-0.080655,-0.060927,0.058272,True,complete
stock,2026-04-30,688041,海光信息,BUY_WATCH,4,,,,,5,5.0,国产CPU/GPU,semicon,core,★★★,,,,多头排列; 红柱扩张; RSI偏高77; 放量1.5x,296.95,344.41,323.28,349.19,312.02,0.159825,0.088668,0.175922,0.050749,0.208284,-0.018084,0.014515,0.013438,0.029276,0.009479,0.145309,0.07523,0.146646,0.04127,False,complete
stock,2026-04-30,601088,中国神华,BUY_WATCH,4,,,,,0,2.52,煤炭/电力,commodity,watch,★★☆,,,,多头排列; 红柱扩张; MA60上行(+1.3%/5日),47.94,47.73,45.18,45.2,46.07,-0.00438,-0.057572,-0.057155,-0.039007,0.001043,-0.071131,0.014515,0.013438,0.029276,0.009479,-0.018896,-0.07101,-0.086431,-0.048486,True,complete
stock,2026-04-30,002594,比亚迪,BUY_WATCH,4,,,,,5,1.03,电动车/刀片电池,new_energy,core,★★★,,,,多头排列; MA60上行(+0.8%/5日),103.0,100.75,100.02,99.23,96.0,-0.021845,-0.028932,-0.036602,-0.067961,-0.010777,-0.08932,0.014515,0.013438,0.029276,0.009479,-0.03636,-0.04237,-0.065878,-0.07744,True,complete
stock,2026-04-30,688120,华海清科,BUY_WATCH,4,,,,,3,5.0,CMP研磨设备,semicon,candidate,★★☆,,,,多头排列; 红柱扩张; 放量1.5x,197.34,193.32,195.94,235.14,277.6,-0.020371,-0.007094,0.191548,0.406709,0.462856,-0.027161,0.014515,0.013438,0.029276,0.009479,-0.034886,-0.020532,0.162271,0.39723,False,complete
stock,2026-04-30,688498,源杰科技,BUY_WATCH,3,,,,,3,5.0,光芯片基材,optics,candidate,★★☆,,,,多头排列; 红柱扩张; RSI偏高78; MA60上行(+6.2%/5日),1573.52,1056.408,1086.775,1194.466,1068.0,-0.328634,-0.309335,-0.240896,-0.321267,-0.225155,-0.364431,0.014515,0.013438,0.029276,0.009479,-0.343149,-0.322773,-0.270172,-0.330746,True,complete
stock,2026-04-30,603259,药明康德,BUY_WATCH,3,,,,,0,5.0,CXO,pharma,watch,★☆☆,,,,多头排列; 红柱扩张; MA60上行(+0.8%/5日),109.63,109.0,106.8,110.33,101.79,-0.005747,-0.025814,0.006385,-0.071513,0.032199,-0.076895,0.014515,0.013438,0.029276,0.009479,-0.020262,-0.039252,-0.022891,-0.080993,True,complete
stock,2026-04-30,300476,胜宏科技,BUY_WATCH,3,,,,,3,5.0,PCB,pcb,candidate,★★☆,,,,多头排列; MA60上行(+1.7%/5日),329.11,325.92,358.66,375.43,336.98,-0.009693,0.089788,0.140743,0.023913,0.185014,-0.012488,0.014515,0.013438,0.029276,0.009479,-0.024208,0.07635,0.111467,0.014434,False,complete
stock,2026-04-30,000338,潍柴动力,BUY_WATCH,3,,,,,3,4.99,重型发动机/氢燃料,machinery,candidate,★★☆,,,,多头排列; 红柱扩张; RSI偏高77; MA60上行(+2.2%/5日),31.25,34.32,33.06,32.7,33.15,0.09824,0.05792,0.0464,0.0608,0.1472,0.01632,0.014515,0.013438,0.029276,0.009479,0.083725,0.044482,0.017124,0.051321,False,complete
stock,2026-04-30,600522,中天科技,BUY_WATCH,3,,,,,5,4.99,海缆/光纤/电力电缆,optics,core,★★★,,,,站20/60线; MA60上行(+4.5%/5日),33.06,34.89,40.9,44.08,44.55,0.055354,0.237145,0.333333,0.34755,0.396854,0.018451,0.014515,0.013438,0.029276,0.009479,0.040839,0.223707,0.304057,0.338071,False,complete
stock,2026-04-30,300666,江丰电子,BUY_WATCH,3,,,,,3,5.0,高纯溅射靶材,semicon,candidate,★★☆,,,,多头排列; 红柱扩张; RSI偏高70; MA60上行(+2.7%/5日),183.19,182.01,173.43,181.77,213.93,-0.006441,-0.053278,-0.007752,0.167804,0.181778,-0.061084,0.014515,0.013438,0.029276,0.009479,-0.020957,-0.066716,-0.037028,0.158325,True,complete
stock,2026-04-30,600487,亨通光电,BUY_WATCH,3,,,,,5,5.01,光纤光缆/海底电缆,optics,core,★★★,,,,站20/60线; MA60上行(+7.1%/5日),65.7,71.8,77.27,75.1,75.47,0.092846,0.176104,0.143075,0.148706,0.216134,0.012481,0.014515,0.013438,0.029276,0.009479,0.078331,0.162666,0.113798,0.139227,False,complete
stock,2026-04-30,605117,德业股份,BUY_WATCH,3,,,,,3,5.0,储能逆变器/户用储能,new_energy,candidate,★★☆,,,,多头排列; MA60上行(+3.9%/5日),150.41,159.25,151.27,158.82,157.63,0.058773,0.005718,0.055914,0.048002,0.110963,-0.025996,0.014515,0.013438,0.029276,0.009479,0.044257,-0.00772,0.026638,0.038523,False,complete
stock,2026-04-30,688409,富创精密,BUY_WATCH,3,,,,,0,5.0,半导体精密零部件,semicon,watch,★☆☆,,,,多头排列; 红柱扩张; RSI偏高77; 放量1.8x; MA60上行(+2.0%/5日),128.3,125.59,121.56,130.51,174.9,-0.021122,-0.052533,0.017225,0.363211,0.417615,-0.095869,0.014515,0.013438,0.029276,0.009479,-0.035638,-0.065971,-0.012051,0.353732,True,complete
stock,2026-04-30,688256,寒武纪,HOLD,2,,,,,0,5.0,AI推理芯片,semicon,candidate,★☆☆,,,,多头排列; 红柱扩张; RSI超买90; 放量1.9x; MA60上行(+0.8%/5日),1699.96,1223.826,1182.53,1277.87,1319.2,-0.280085,-0.304378,-0.248294,-0.223982,-0.205864,-0.318802,0.014515,0.013438,0.029276,0.009479,-0.294601,-0.317816,-0.27757,-0.233461,True,complete
stock,2026-04-30,601138,工业富联,HOLD,2,,,,,0,4.37,AI服务器/精密制造,consumer_elec,candidate,★★☆,,,,站20/60线; MA60上行(+0.8%/5日),63.0,63.08,63.28,64.4,68.56,0.00127,0.004444,0.022222,0.088254,0.174603,-0.02,0.014515,0.013438,0.029276,0.009479,-0.013246,-0.008993,-0.007054,0.078775,False,complete
stock,2026-04-30,600309,万华化学,HOLD,2,,,,,0,1.48,MDI/聚氨酯,chemical,core,★★★,,,,站20/60线,89.44,89.73,83.6,83.29,79.5,0.003242,-0.065295,-0.068761,-0.111136,0.00369,-0.123882,0.014515,0.013438,0.029276,0.009479,-0.011273,-0.078733,-0.098037,-0.120615,True,complete
stock,2026-04-30,002384,东山精密,HOLD,1,,,,,0,5.0,PCB/光模块封装,optics,candidate,★★☆,,,,多头排列; RSI超买84; MA60上行(+8.9%/5日),186.81,191.88,211.39,219.46,222.08,0.02714,0.131578,0.174777,0.188801,0.231197,-0.005407,0.014515,0.013438,0.029276,0.009479,0.012624,0.11814,0.1455,0.179322,False,complete
stock,2026-04-30,002475,立讯精密,HOLD,1,,,,,0,5.01,消费电子精密制造,consumer_elec,core,★★★,,,,站20/60线; RSI偏高68; MA60上行(+2.1%/5日),67.12,67.08,71.29,77.19,72.4,-0.000596,0.062128,0.15003,0.078665,0.218415,-0.012366,0.014515,0.013438,0.029276,0.009479,-0.015111,0.04869,0.120754,0.069186,False,complete
stock,2026-04-30,600887,伊利股份,HOLD,1,,,,,0,5.02,乳制品/食品,consumer,candidate,★★☆,,,,红柱扩张; RSI偏高69; 放量4.0x,27.5,27.45,27.52,28.01,27.23,-0.001818,0.000727,0.018545,-0.009818,0.032727,-0.017818,0.014515,0.013438,0.029276,0.009479,-0.016334,-0.012711,-0.010731,-0.019297,False,complete
stock,2026-04-30,600183,生益科技,HOLD,1,,,,,0,5.0,PCB基板/覆铜板,pcb,core,★★★,,,,多头排列; RSI超买81; MA60上行(+0.6%/5日),76.57,80.81,82.0,85.62,100.78,0.055374,0.070916,0.118193,0.316181,0.330417,0.029124,0.014515,0.013438,0.029276,0.009479,0.040859,0.057478,0.088916,0.306702,False,complete
stock,2026-04-30,603288,海天味业,HOLD,1,,,,,0,-4.76,调味品,food_bev,watch,★☆☆,,,,跌破20线; 绿柱扩张; RSI超卖24; MA60上行(+0.8%/5日),38.65,38.74,38.18,37.84,36.19,0.002329,-0.01216,-0.020957,-0.063648,0.010608,-0.065459,0.014515,0.013438,0.029276,0.009479,-0.012187,-0.025598,-0.050234,-0.073127,True,complete
stock,2026-04-30,688048,长光华芯,HOLD,1,,,,,0,5.0,半导体激光芯片,optics,candidate,★★☆,,,,站20/60线; RSI偏高74; MA60上行(+10.6%/5日),351.79,372.01,438.88,431.49,401.71,0.057477,0.247562,0.226556,0.141903,0.317178,-0.021575,0.014515,0.013438,0.029276,0.009479,0.042962,0.234125,0.197279,0.132424,False,complete
stock,2026-04-30,002008,大族激光,HOLD,1,,,,,0,5.0,工业激光设备,industrial_auto,candidate,★★☆,,,,站20/60线; RSI偏高78; MA60上行(+6.6%/5日),101.05,101.99,121.86,134.46,136.79,0.009302,0.205938,0.330628,0.353686,0.546759,-0.023355,0.014515,0.013438,0.029276,0.009479,-0.005213,0.1925,0.301352,0.344207,False,complete
stock,2026-04-30,688548,广钢气体,HOLD,1,,,,,0,5.0,半导体特种气体,semicon,watch,★☆☆,,,,站20/60线; RSI偏高75; MA60上行(+3.1%/5日),30.2,30.0,27.64,28.31,34.78,-0.006623,-0.084768,-0.062583,0.151656,0.157616,-0.093709,0.014515,0.013438,0.029276,0.009479,-0.021138,-0.098206,-0.091859,0.142176,True,complete
stock,2026-04-30,603256,宏和科技,HOLD,1,,,,,0,5.0,高端电子玻纤布,pcb,watch,★☆☆,,,,多头排列; RSI超买88; MA60上行(+7.7%/5日),118.71,131.01,148.87,148.31,137.21,0.103614,0.254065,0.249347,0.155842,0.29054,0.029905,0.014515,0.013438,0.029276,0.009479,0.089098,0.240627,0.220071,0.146363,False,complete
stock,2026-04-30,300308,中际旭创,HOLD,0,,,,,0,5.0,光模块,optics,core,★★★,,,,多头排列; MACD死叉; RSI偏高73; MA60上行(+3.4%/5日),858.08,856.0,886.0,1017.99,1030.0,-0.002424,0.032538,0.186358,0.200354,0.28178,-0.026897,0.014515,0.013438,0.029276,0.009479,-0.016939,0.0191,0.157082,0.190875,False,complete
stock,2026-04-30,688012,中微公司,HOLD,0,,,,,0,5.0,半导体设备,semicon,core,★★★,,,,红柱扩张; RSI偏高73,375.99,383.3,370.0,388.45,479.51,0.019442,-0.015931,0.033139,0.275326,0.27663,-0.024868,0.014515,0.013438,0.029276,0.009479,0.004927,-0.029369,0.003863,0.265847,False,complete
stock,2026-04-30,300750,宁德时代,HOLD,0,,,,,0,3.68,动力电池,battery,core,★★★,,,,站20/60线; MACD死叉; MA60上行(+2.2%/5日),436.62,460.0,437.0,431.25,417.92,0.053548,0.00087,-0.012299,-0.042829,0.073588,-0.068297,0.014515,0.013438,0.029276,0.009479,0.039032,-0.012568,-0.041575,-0.052308,True,complete
stock,2026-04-30,000333,美的集团,HOLD,0,,,,,0,3.77,家电/工业机器人,consumer,core,★★★,,,,多头排列; RSI超买83,81.39,80.44,80.4,80.09,81.0,-0.011672,-0.012164,-0.015972,-0.004792,0.025187,-0.027522,0.014515,0.013438,0.029276,0.009479,-0.026188,-0.025602,-0.045249,-0.014271,False,complete
stock,2026-04-30,000651,格力电器,HOLD,0,,,,,0,5.01,家电,consumer,candidate,★★☆,,,,红柱扩张; RSI超买79; 放量1.8x,40.1,39.95,39.91,40.34,39.56,-0.003741,-0.004738,0.005985,-0.013466,0.018703,-0.016209,0.014515,0.013438,0.029276,0.009479,-0.018256,-0.018176,-0.023291,-0.022946,False,complete
stock,2026-04-30,002463,沪电股份,HOLD,0,,,,,0,5.0,高多层PCB,pcb,core,★★★,,,,站20/60线; RSI偏高69; 缩量0.6x; MA60上行(+3.1%/5日),102.6,104.29,108.71,108.68,102.6,0.016472,0.059552,0.059259,0.0,0.115595,-0.04191,0.014515,0.013438,0.029276,0.009479,0.001956,0.046114,0.029983,-0.009479,False,complete
stock,2026-04-30,600426,华鲁恒升,HOLD,0,,,,,0,3.69,煤化工/化肥,chemical,candidate,★★☆,,,,,38.5,38.57,35.51,34.99,32.08,0.001818,-0.077662,-0.091169,-0.166753,0.003896,-0.17039,0.014515,0.013438,0.029276,0.009479,-0.012697,-0.0911,-0.120445,-0.176233,True,complete
stock,2026-04-30,688777,中控技术,HOLD,0,,,,,0,5.01,工业自动化DCS,industrial_auto,candidate,★★☆,,,,红柱扩张; RSI偏高71,79.31,82.22,81.44,78.77,87.16,0.036691,0.026857,-0.006809,0.098979,0.127222,-0.059387,0.014515,0.013438,0.029276,0.009479,0.022176,0.013419,-0.036085,0.089499,True,complete
stock,2026-04-30,601872,招商轮船,HOLD,0,,,,,0,-5.45,VLCC油轮/干散货,shipping,candidate,★★☆,,,,跌破20线; MA60上行(+3.3%/5日),17.6,18.64,19.49,17.79,17.48,0.059091,0.107386,0.010795,-0.006818,0.128409,-0.068182,0.014515,0.013438,0.029276,0.009479,0.044576,0.093948,-0.018481,-0.016297,True,complete
stock,2026-04-30,600988,赤峰黄金,HOLD,0,,,,,0,-12.57,黄金矿采选,commodity,candidate,★★☆,,,,跌破60线; RSI超卖24,38.12,41.11,44.4,40.95,36.26,0.078437,0.164743,0.074239,-0.048793,0.177335,-0.056663,0.014515,0.013438,0.029276,0.009479,0.063921,0.151305,0.044963,-0.058273,True,complete
stock,2026-04-30,688167,炬光科技,HOLD,0,,,,,0,-4.79,高功率半导体激光器,optics,watch,★☆☆,,,,跌破20线; MA60上行(+4.1%/5日),360.44,351.96,434.64,475.0,476.66,-0.023527,0.20586,0.317834,0.322439,0.523138,-0.034513,0.014515,0.013438,0.029276,0.009479,-0.038042,0.192422,0.288558,0.31296,True,complete
stock,2026-04-30,600105,永鼎股份,HOLD,0,,,,,0,5.0,光纤光缆/新能源电缆,optics,watch,★☆☆,,,,站20/60线; MACD死叉; MA60上行(+5.3%/5日),42.42,43.68,49.94,52.32,50.47,0.029703,0.177275,0.23338,0.189769,0.329326,0.014616,0.014515,0.013438,0.029276,0.009479,0.015188,0.163837,0.204104,0.18029,False,complete
stock,2026-04-30,603929,亚翔集成,HOLD,0,,,,,0,-0.75,半导体洁净室工程,semicon,watch,★☆☆,,,,跌破20线; 绿柱扩张; RSI偏低29; MA60上行(+2.5%/5日),187.81,200.16,199.32,193.25,182.85,0.065758,0.061285,0.028965,-0.02641,0.134657,-0.09467,0.014515,0.013438,0.029276,0.009479,0.051243,0.047847,-0.000311,-0.035889,True,complete
stock,2026-04-30,300502,新易盛,HOLD,-1,,,,,0,-0.56,光模块,optics,core,★★★,,,,跌破20线; 绿柱扩张; MA60上行(+2.7%/5日),527.0,522.48,551.67,592.52,572.5,-0.008577,0.046812,0.124326,0.086338,0.240417,-0.026565,0.014515,0.013438,0.029276,0.009479,-0.023092,0.033374,0.09505,0.076858,True,complete
stock,2026-04-30,603986,兆易创新,HOLD,-1,,,,,0,5.0,存储芯片,semicon,candidate,★★☆,,,,RSI偏高75,314.52,344.29,334.1,353.55,404.56,0.094652,0.062254,0.124094,0.286278,0.312699,0.049218,0.014515,0.013438,0.029276,0.009479,0.080137,0.048816,0.094818,0.276798,False,complete
stock,2026-04-30,000858,五粮液,HOLD,-1,,,,,0,-4.92,高端白酒,consumer,candidate,★★☆,,,,跌破60线; 绿柱扩张; RSI超卖23,97.04,92.26,92.13,90.56,85.78,-0.049258,-0.050598,-0.066777,-0.116035,-0.026175,-0.122012,0.014515,0.013438,0.029276,0.009479,-0.063773,-0.064036,-0.096053,-0.125514,True,complete
stock,2026-04-30,688981,中芯国际,HOLD,-1,,,,,0,5.0,半导体代工,semicon,core,★★★,,,,红柱扩张; RSI超买78; 放量1.9x; MA60偏弱(-0.8%/5日),118.95,123.1,120.31,121.98,118.82,0.034889,0.011433,0.025473,-0.001093,0.077091,-0.052711,0.014515,0.013438,0.029276,0.009479,0.020373,-0.002004,-0.003803,-0.010572,True,complete
stock,2026-04-30,002714,牧原股份,HOLD,-1,,,,,0,1.07,生猪养殖,agriculture,candidate,★★☆,,,,跌破60线; MACD金叉; MA60偏弱(-0.4%/5日),44.79,44.64,43.51,42.93,40.3,-0.003349,-0.028578,-0.041527,-0.100246,0.006921,-0.116321,0.014515,0.013438,0.029276,0.009479,-0.017864,-0.042016,-0.070803,-0.109725,True,complete
stock,2026-04-30,600030,中信证券,HOLD,-1,,,,,0,4.95,综合券商,finance,candidate,★★☆,,,,RSI偏高74,27.27,27.49,26.95,27.22,26.27,0.008067,-0.011735,-0.001834,-0.03667,0.020902,-0.050972,0.014515,0.013438,0.029276,0.009479,-0.006448,-0.025172,-0.03111,-0.04615,True,complete
stock,2026-04-30,601869,长飞光纤,HOLD,-1,,,,,0,-4.64,光纤光缆,optics,core,★★★,,,,跌破20线; 绿柱扩张; MA60上行(+8.4%/5日),354.63,361.05,397.23,411.46,397.9,0.018103,0.120125,0.160252,0.122014,0.212531,-0.003186,0.014515,0.013438,0.029276,0.009479,0.003588,0.106687,0.130975,0.112535,True,complete
stock,2026-04-30,300757,罗博特科,HOLD,-1,,,,,0,-1.95,光伏/新能源自动化装备,industrial_auto,candidate,★★☆,,,,跌破20线; 绿柱扩张; MA60上行(+3.2%/5日),482.59,480.55,519.2,510.09,558.64,-0.004227,0.075861,0.056984,0.157587,0.298535,-0.022566,0.014515,0.013438,0.029276,0.009479,-0.018743,0.062424,0.027708,0.148108,True,complete
stock,2026-04-30,688331,荣昌生物,HOLD,-1,,,,,0,-8.67,ADC创新药,pharma,candidate,★★☆,,,,跌破20线; 绿柱扩张; MA60上行(+2.2%/5日),130.0,127.7,123.9,121.57,112.47,-0.017692,-0.046923,-0.064846,-0.134846,0.015538,-0.148462,0.014515,0.013438,0.029276,0.009479,-0.032208,-0.060361,-0.094122,-0.144325,True,complete
stock,2026-04-30,301200,大族数控,HOLD,-1,,,,,0,-0.71,激光/数控切割设备,industrial_auto,watch,★☆☆,,,,跌破20线; 绿柱扩张; MA60上行(+0.7%/5日),183.27,184.14,187.18,209.6,218.31,0.004747,0.021335,0.143668,0.191193,0.306269,-0.040923,0.014515,0.013438,0.029276,0.009479,-0.009768,0.007897,0.114392,0.181714,True,complete
stock,2026-04-30,600879,航天电子,HOLD,-1,,,,,0,4.59,军工电子/惯导,defense,candidate,★★☆,,,,红柱扩张; MA60下行趋势(-1.9%/5日),23.99,25.17,26.65,26.02,23.43,0.049187,0.11088,0.084619,-0.023343,0.140058,-0.042935,0.014515,0.013438,0.029276,0.009479,0.034672,0.097442,0.055342,-0.032822,False,complete
stock,2026-05-06,000568,泸州老窖,SELL_STOP,-5,,,,,0,-3.62,高端白酒,food_bev,candidate,★★☆,,,,跌破60线; MACD死叉; RSI偏低35; MA60下行趋势(-0.8%/5日),98.33,99.05,96.91,92.7,92.2,0.007322,-0.014441,-0.057256,-0.062341,0.020543,-0.085833,0.004802,0.015327,0.024861,-0.005411,0.00252,-0.029768,-0.082117,-0.05693,True,complete
stock,2026-05-06,600031,三一重工,REDUCE,-2,,,,,0,3.35,工程机械,machinery,watch,★★☆,,,,跌破60线; 红柱扩张; 放量2.0x; MA60下行趋势(-1.0%/5日),20.91,20.98,21.84,21.39,19.4,0.003348,0.044476,0.022956,-0.072214,0.075084,-0.091822,0.004802,0.015327,0.024861,-0.005411,-0.001454,0.02915,-0.001906,-0.066803,True,complete
stock,2026-05-06,000858,五粮液,REDUCE,-2,,,,,0,-9.67,高端白酒,consumer,candidate,★★☆,,,,跌破60线; 绿柱扩张; RSI超卖13; MA60偏弱(-0.3%/5日),92.26,92.6,91.81,89.15,85.47,0.003685,-0.004878,-0.033709,-0.073596,0.017234,-0.083677,0.004802,0.015327,0.024861,-0.005411,-0.001117,-0.020204,-0.05857,-0.068185,True,complete
stock,2026-05-06,601888,中国中免,REDUCE,-2,,,,,0,-6.58,免税零售,consumer,candidate,★★☆,,,,跌破60线; RSI超卖24; MA60下行趋势(-2.9%/5日),63.03,63.05,62.69,61.38,57.81,0.000317,-0.005394,-0.026178,-0.082818,0.01063,-0.091385,0.004802,0.015327,0.024861,-0.005411,-0.004485,-0.020721,-0.051039,-0.077407,True,complete
stock,2026-05-06,603993,洛阳钼业,REDUCE,-2,,,,,0,1.13,铜/钴矿,commodity,core,★★★,,,,跌破60线; MACD金叉; MA60下行趋势(-2.1%/5日),19.48,19.86,20.01,20.99,17.96,0.019507,0.027207,0.077515,-0.078029,0.101129,-0.098049,0.004802,0.015327,0.024861,-0.005411,0.014705,0.011881,0.052654,-0.072618,True,complete
stock,2026-05-06,002028,思源电气,REDUCE,-2,,,,,0,-1.4,特高压/变电设备,power_equip,core,★★★,,,,跌破60线,206.0,206.68,196.16,207.2,205.3,0.003301,-0.047767,0.005825,-0.003398,0.025049,-0.091748,0.004802,0.015327,0.024861,-0.005411,-0.001501,-0.063094,-0.019036,0.002013,True,complete
stock,2026-05-06,002714,牧原股份,REDUCE,-2,,,,,0,0.63,生猪养殖,agriculture,candidate,★★☆,,,,跌破60线; 红柱扩张; MA60偏弱(-0.3%/5日),44.64,44.07,44.32,42.38,39.54,-0.012769,-0.007168,-0.050627,-0.114247,0.010305,-0.116487,0.004802,0.015327,0.024861,-0.005411,-0.017571,-0.022495,-0.075488,-0.108836,True,complete
stock,2026-05-06,601318,中国平安,REDUCE,-2,,,,,0,1.75,保险/金融科技,finance,candidate,★★☆,,,,跌破60线; 红柱扩张; MA60偏弱(-0.8%/5日),59.36,60.04,60.1,58.04,54.11,0.011456,0.012466,-0.022237,-0.088443,0.029481,-0.09316,0.004802,0.015327,0.024861,-0.005411,0.006653,-0.00286,-0.047098,-0.083032,True,complete
stock,2026-05-06,600498,烽火通信,REDUCE,-2,,,,,0,-5.39,光通信设备,optics,candidate,★★☆,,,,跌破60线; 绿柱扩张; MA60上行(+1.8%/5日),48.59,51.82,58.61,60.82,58.48,0.066475,0.206215,0.251698,0.20354,0.296357,-0.010496,0.004802,0.015327,0.024861,-0.005411,0.061673,0.190889,0.226837,0.208951,True,complete
stock,2026-05-06,600879,航天电子,REDUCE,-2,,,,,0,5.01,军工电子/惯导,defense,candidate,★★☆,,,,红柱扩张; RSI偏高68; MA60下行趋势(-1.8%/5日),25.17,25.31,26.78,25.93,23.0,0.005562,0.063965,0.030195,-0.086214,0.086611,-0.09416,0.004802,0.015327,0.024861,-0.005411,0.00076,0.048638,0.005334,-0.080803,True,complete
stock,2026-05-06,600893,航发动力,REDUCE,-2,,,,,0,-4.65,航空发动机,defense,candidate,★★☆,,,,跌破60线; RSI偏低30; MA60偏弱(-0.3%/5日),46.84,48.33,50.5,51.38,47.15,0.03181,0.078138,0.096926,0.006618,0.131512,-0.023911,0.004802,0.015327,0.024861,-0.005411,0.027008,0.062812,0.072065,0.012029,True,complete
stock,2026-05-06,300274,阳光电源,REDUCE,-3,,,,,0,5.0,逆变器,new_energy,core,★★★,,,,跌破60线; 红柱扩张; MA60下行趋势(-1.3%/5日),140.53,138.815,143.355,142.65,167.2,-0.012204,0.020102,0.015086,0.189782,0.216039,-0.067672,0.004802,0.015327,0.024861,-0.005411,-0.017006,0.004776,-0.009775,0.195193,True,complete
stock,2026-05-06,601899,紫金矿业,REDUCE,-3,,,,,0,0.06,铜金矿,commodity,watch,★☆☆,,,,跌破60线; 放量1.5x; MA60下行趋势(-1.4%/5日),34.21,34.46,34.27,34.66,30.39,0.007308,0.001754,0.013154,-0.111663,0.032739,-0.125402,0.004802,0.015327,0.024861,-0.005411,0.002506,-0.013573,-0.011707,-0.106252,True,complete
stock,2026-05-06,600519,贵州茅台,REDUCE,-3,,,,,0,-3.95,高端白酒,consumer,core,★★★,,,,跌破60线; 绿柱扩张,1375.0,1371.05,1361.33,1344.09,1315.0,-0.002873,-0.009942,-0.02248,-0.043636,0.009455,-0.044364,0.004802,0.015327,0.024861,-0.005411,-0.007675,-0.025269,-0.047341,-0.038225,True,complete
stock,2026-05-06,002865,钧达股份,REDUCE,-3,,,,,0,5.0,TOPCon光伏电池片,new_energy,watch,★☆☆,,,,跌破60线; 红柱扩张; MA60下行趋势(-2.2%/5日),81.87,87.75,106.18,101.5,98.86,0.071821,0.296934,0.23977,0.207524,0.351289,0.011604,0.004802,0.015327,0.024861,-0.005411,0.067019,0.281607,0.214909,0.212935,False,complete
stock,2026-05-06,600276,恒瑞医药,REDUCE,-4,,,,,0,-4.38,创新药,pharma,watch,★☆☆,,,,跌破60线; 绿柱扩张; MA60偏弱(-0.5%/5日),53.63,53.68,53.52,55.86,50.95,0.000932,-0.002051,0.041581,-0.049972,0.097707,-0.0606,0.004802,0.015327,0.024861,-0.005411,-0.00387,-0.017378,0.01672,-0.044561,True,complete
stock,2026-05-06,600438,通威股份,REDUCE,-4,,,,,0,0.4,光伏电池/硅料,new_energy,candidate,★★☆,,,,跌破60线; MA60下行趋势(-1.6%/5日),17.36,17.49,17.22,17.21,16.15,0.007488,-0.008065,-0.008641,-0.0697,0.029954,-0.089286,0.004802,0.015327,0.024861,-0.005411,0.002686,-0.023391,-0.033502,-0.064289,True,complete
stock,2026-05-06,601012,隆基绿能,REDUCE,-4,,,,,0,-3.81,光伏组件,new_energy,watch,★☆☆,,,,跌破60线; 绿柱扩张; RSI超卖22; MA60下行趋势(-1.0%/5日); 连跌8日,16.55,16.55,16.61,16.78,15.35,0.0,0.003625,0.013897,-0.072508,0.029607,-0.093051,0.004802,0.015327,0.024861,-0.005411,-0.004802,-0.011701,-0.010964,-0.067097,True,complete
stock,2026-05-06,300760,迈瑞医疗,REDUCE,-4,,,,,0,5.0,医疗器械,pharma,candidate,★★☆,,,,跌破60线; 红柱扩张; RSI偏高76; MA60下行趋势(-1.3%/5日),172.68,170.5,169.21,165.94,154.8,-0.012625,-0.020095,-0.039032,-0.103544,0.022469,-0.103544,0.004802,0.015327,0.024861,-0.005411,-0.017427,-0.035422,-0.063893,-0.098133,True,complete
stock,2026-05-06,300750,宁德时代,BUY_STRONG,6,,,,,6,5.0,动力电池,battery,core,★★★,,,,多头排列; MACD金叉; MA60上行(+2.3%/5日),460.0,451.64,446.11,434.05,414.75,-0.018174,-0.030196,-0.056413,-0.09837,0.019022,-0.115652,0.004802,0.015327,0.024861,-0.005411,-0.022976,-0.045522,-0.081274,-0.092959,True,complete
stock,2026-05-06,688521,芯原股份,BUY_STRONG,5,,,,,4,5.0,半导体IP/芯片设计平台,semicon,candidate,★★☆,,,,多头排列; 红柱扩张; 放量1.8x; MA60上行(+1.3%/5日),278.6,275.0,267.4,277.5,294.79,-0.012922,-0.040201,-0.003948,0.058112,0.080402,-0.109835,0.004802,0.015327,0.024861,-0.005411,-0.017724,-0.055528,-0.028809,0.063523,True,complete
stock,2026-05-06,605117,德业股份,BUY_STRONG,5,,,,,4,5.0,储能逆变器/户用储能,new_energy,candidate,★★☆,,,,多头排列; MACD金叉; MA60上行(+4.0%/5日),159.25,154.34,161.57,158.87,169.7,-0.030832,0.014568,-0.002386,0.06562,0.088791,-0.080063,0.004802,0.015327,0.024861,-0.005411,-0.035634,-0.000758,-0.027247,0.071031,True,complete
stock,2026-05-06,688041,海光信息,BUY_WATCH,4,,,,,4,5.0,国产CPU/GPU,semicon,core,★★★,,,,多头排列; 红柱扩张; RSI超买82; 放量1.9x; MA60上行(+0.9%/5日),344.41,341.6,349.18,348.19,316.74,-0.008159,0.01385,0.010975,-0.08034,0.041782,-0.153393,0.004802,0.015327,0.024861,-0.005411,-0.012961,-0.001477,-0.013886,-0.074929,True,complete
stock,2026-05-06,600487,亨通光电,BUY_WATCH,4,,,,,4,5.0,光纤光缆/海底电缆,optics,core,★★★,,,,多头排列; 红柱扩张; RSI偏高76; MA60上行(+6.8%/5日),71.8,75.96,74.99,75.43,75.78,0.057939,0.044429,0.050557,0.055432,0.112813,-0.073538,0.004802,0.015327,0.024861,-0.005411,0.053137,0.029102,0.025696,0.060843,True,complete
stock,2026-05-06,603259,药明康德,HOLD,3,,,,,0,4.57,CXO,pharma,watch,★☆☆,,,,多头排列; 红柱扩张; MA60上行(+1.0%/5日),109.0,111.28,108.72,108.92,103.1,0.020917,-0.002569,-0.000734,-0.054128,0.038165,-0.07156,0.004802,0.015327,0.024861,-0.005411,0.016115,-0.017896,-0.025595,-0.048717,True,complete
stock,2026-05-06,002475,立讯精密,HOLD,3,,,,,0,4.99,消费电子精密制造,consumer_elec,core,★★★,,,,站20/60线; MA60上行(+2.3%/5日),67.08,69.52,76.06,80.15,70.07,0.036374,0.13387,0.194842,0.044574,0.219141,-0.011777,0.004802,0.015327,0.024861,-0.005411,0.031572,0.118543,0.169981,0.049985,False,complete
stock,2026-05-06,600183,生益科技,HOLD,3,,,,,0,5.0,PCB基板/覆铜板,pcb,core,★★★,,,,多头排列; 红柱扩张; RSI超买82; MA60上行(+0.7%/5日),80.81,82.0,83.66,94.18,100.56,0.014726,0.035268,0.16545,0.2444,0.266799,-0.010024,0.004802,0.015327,0.024861,-0.005411,0.009924,0.019941,0.140589,0.249811,False,complete
stock,2026-05-06,002463,沪电股份,HOLD,3,,,,,0,5.0,高多层PCB,pcb,core,★★★,,,,多头排列; RSI偏高70; MA60上行(+3.2%/5日),104.79,107.38,108.68,112.58,103.58,0.024716,0.037122,0.074339,-0.011547,0.09228,-0.061933,0.004802,0.015327,0.024861,-0.005411,0.019914,0.021795,0.049478,-0.006136,True,complete
stock,2026-05-06,300476,胜宏科技,HOLD,3,,,,,0,5.0,PCB,pcb,candidate,★★☆,,,,多头排列; MA60上行(+1.7%/5日),325.92,338.06,378.24,387.4,334.2,0.037248,0.16053,0.188635,0.025405,0.196613,-0.001534,0.004802,0.015327,0.024861,-0.005411,0.032446,0.145203,0.163774,0.030816,False,complete
stock,2026-05-06,600309,万华化学,HOLD,3,,,,,0,1.39,MDI/聚氨酯,chemical,core,★★★,,,,多头排列,89.73,84.8,83.51,83.33,79.0,-0.054943,-0.069319,-0.071325,-0.119581,-0.008247,-0.130391,0.004802,0.015327,0.024861,-0.005411,-0.059745,-0.084646,-0.096186,-0.11417,True,complete
stock,2026-05-06,601088,中国神华,HOLD,3,,,,,0,2.07,煤炭/电力,commodity,watch,★★☆,,,,多头排列; MA60上行(+1.3%/5日),47.73,45.59,45.17,44.8,46.0,-0.044836,-0.053635,-0.061387,-0.036246,-0.004819,-0.067044,0.004802,0.015327,0.024861,-0.005411,-0.049638,-0.068962,-0.086248,-0.030835,True,complete
stock,2026-05-06,600522,中天科技,HOLD,3,,,,,0,4.99,海缆/光纤/电力电缆,optics,core,★★★,,,,多头排列; RSI偏高69; MA60上行(+4.4%/5日),34.89,38.38,43.86,43.6,45.41,0.100029,0.257094,0.249642,0.301519,0.358555,0.003153,0.004802,0.015327,0.024861,-0.005411,0.095227,0.241767,0.224781,0.30693,False,complete
stock,2026-05-06,300666,江丰电子,HOLD,3,,,,,0,5.0,高纯溅射靶材,semicon,candidate,★★☆,,,,多头排列; 红柱扩张; RSI偏高70; MA60上行(+2.9%/5日),182.01,186.55,185.0,186.25,213.68,0.024944,0.016428,0.023295,0.174001,0.197736,-0.054997,0.004802,0.015327,0.024861,-0.005411,0.020142,0.001101,-0.001566,0.179412,True,complete
stock,2026-05-06,688498,源杰科技,HOLD,2,,,,,0,5.0,光芯片基材,optics,candidate,★★☆,,,,多头排列; RSI偏高71; MA60上行(+6.2%/5日),1531.01,1124.053,1120.601,1178.588,1114.94,-0.265809,-0.268064,-0.230189,-0.271762,-0.203641,-0.346784,0.004802,0.015327,0.024861,-0.005411,-0.270612,-0.283391,-0.25505,-0.266351,True,complete
stock,2026-05-06,688256,寒武纪,HOLD,2,,,,,0,5.0,AI推理芯片,semicon,candidate,★☆☆,,,,多头排列; 红柱扩张; RSI超买91; 放量2.0x; MA60上行(+1.6%/5日),1825.0,1252.685,1200.0,1316.88,1362.41,-0.313597,-0.342466,-0.278422,-0.253474,-0.235068,-0.365474,0.004802,0.015327,0.024861,-0.005411,-0.318399,-0.357793,-0.303283,-0.248063,True,complete
stock,2026-05-06,601138,工业富联,HOLD,2,,,,,0,3.61,AI服务器/精密制造,consumer_elec,candidate,★★☆,,,,站20/60线; MA60上行(+0.7%/5日),63.08,64.18,65.85,70.84,68.15,0.017438,0.043912,0.123018,0.080374,0.173114,-0.004914,0.004802,0.015327,0.024861,-0.005411,0.012636,0.028586,0.098157,0.085785,False,complete
stock,2026-05-06,000338,潍柴动力,HOLD,2,,,,,0,5.01,重型发动机/氢燃料,machinery,candidate,★★☆,,,,多头排列; 红柱扩张; RSI超买84; MA60上行(+2.4%/5日),34.32,35.0,33.53,34.34,32.61,0.019814,-0.023019,0.000583,-0.049825,0.04458,-0.083625,0.004802,0.015327,0.024861,-0.005411,0.015011,-0.038345,-0.024278,-0.044414,True,complete
stock,2026-05-06,688048,长光华芯,HOLD,2,,,,,0,5.0,半导体激光芯片,optics,candidate,★★☆,,,,多头排列; RSI偏高75; MA60上行(+10.2%/5日),372.01,392.87,433.3,436.9,393.98,0.056074,0.164754,0.174431,0.059058,0.245585,-0.074487,0.004802,0.015327,0.024861,-0.005411,0.051272,0.149427,0.14957,0.064469,True,complete
stock,2026-05-06,601872,招商轮船,HOLD,2,,,,,0,0.64,VLCC油轮/干散货,shipping,candidate,★★☆,,,,站20/60线; MA60上行(+3.4%/5日),18.64,18.43,18.37,18.0,17.73,-0.011266,-0.014485,-0.034335,-0.04882,0.065451,-0.120172,0.004802,0.015327,0.024861,-0.005411,-0.016068,-0.029812,-0.059196,-0.043409,True,complete
stock,2026-05-06,688409,富创精密,HOLD,2,,,,,0,5.0,半导体精密零部件,semicon,watch,★☆☆,,,,多头排列; RSI偏高78; 放量1.6x; MA60上行(+2.4%/5日),125.59,126.58,122.9,133.57,187.5,0.007883,-0.021419,0.06354,0.492953,0.499164,-0.07636,0.004802,0.015327,0.024861,-0.005411,0.003081,-0.036746,0.038679,0.498364,True,complete
stock,2026-05-06,603929,亚翔集成,HOLD,2,,,,,0,5.0,半导体洁净室工程,semicon,watch,★☆☆,,,,多头排列; MA60上行(+2.5%/5日),201.81,204.35,204.55,195.6,188.7,0.012586,0.013577,-0.030772,-0.064962,0.055944,-0.157475,0.004802,0.015327,0.024861,-0.005411,0.007784,-0.00175,-0.055633,-0.059551,True,complete
stock,2026-05-06,300308,中际旭创,HOLD,1,,,,,0,5.0,光模块,optics,core,★★★,,,,多头排列; 绿柱扩张; RSI偏高72; MA60上行(+3.2%/5日),856.0,877.47,940.13,1049.2,1037.0,0.025082,0.098283,0.225701,0.211449,0.284895,-0.024533,0.004802,0.015327,0.024861,-0.005411,0.02028,0.082956,0.20084,0.21686,False,complete
stock,2026-05-06,002384,东山精密,HOLD,1,,,,,0,5.0,PCB/光模块封装,optics,candidate,★★☆,,,,多头排列; RSI超买84; MA60上行(+8.8%/5日),191.88,211.07,218.3,220.75,223.0,0.10001,0.13769,0.150459,0.162185,0.198666,-0.031686,0.004802,0.015327,0.024861,-0.005411,0.095208,0.122363,0.125597,0.167596,False,complete
stock,2026-05-06,603986,兆易创新,HOLD,1,,,,,0,5.0,存储芯片,semicon,candidate,★★☆,,,,多头排列; 红柱扩张; RSI超买82,344.29,350.16,362.13,365.0,445.02,0.01705,0.051817,0.060153,0.292573,0.292573,-0.036278,0.004802,0.015327,0.024861,-0.005411,0.012248,0.03649,0.035292,0.297984,False,complete
stock,2026-05-06,600887,伊利股份,HOLD,1,,,,,0,4.99,乳制品/食品,consumer,candidate,★★☆,,,,红柱扩张; RSI偏高72; 放量1.9x,27.45,27.53,28.06,27.9,27.12,0.002914,0.022222,0.016393,-0.012022,0.034608,-0.014936,0.004802,0.015327,0.024861,-0.005411,-0.001888,0.006895,-0.008468,-0.006611,False,complete
stock,2026-05-06,603288,海天味业,HOLD,1,,,,,0,-4.05,调味品,food_bev,watch,★☆☆,,,,跌破20线; RSI偏低27; MA60上行(+0.8%/5日),38.74,38.73,38.15,37.74,35.88,-0.000258,-0.01523,-0.025813,-0.073826,0.00697,-0.074342,0.004802,0.015327,0.024861,-0.005411,-0.00506,-0.030556,-0.050674,-0.068414,True,complete
stock,2026-05-06,688120,华海清科,HOLD,1,,,,,0,3.82,CMP研磨设备,semicon,candidate,★★☆,,,,站20/60线,193.32,200.63,206.89,250.71,298.0,0.037813,0.070194,0.296865,0.541486,0.560573,-0.006932,0.004802,0.015327,0.024861,-0.005411,0.033011,0.054868,0.272004,0.546897,False,complete
stock,2026-05-06,688548,广钢气体,HOLD,1,,,,,0,5.0,半导体特种气体,semicon,watch,★☆☆,,,,站20/60线; RSI偏高76; MA60上行(+3.2%/5日),30.0,27.8,28.55,29.41,34.16,-0.073333,-0.048333,-0.019667,0.138667,0.203333,-0.087667,0.004802,0.015327,0.024861,-0.005411,-0.078135,-0.06366,-0.044528,0.144078,True,complete
stock,2026-05-06,688167,炬光科技,HOLD,1,,,,,0,-6.96,高功率半导体激光器,optics,watch,★☆☆,,,,跌破20线; RSI偏低35; MA60上行(+3.9%/5日),351.96,422.35,478.1,516.7,486.21,0.199994,0.358393,0.468065,0.381435,0.559836,-0.01074,0.004802,0.015327,0.024861,-0.005411,0.195192,0.343066,0.443203,0.386846,True,complete
stock,2026-05-06,600105,永鼎股份,HOLD,1,,,,,0,4.99,光纤光缆/新能源电缆,optics,watch,★☆☆,,,,站20/60线; 绿柱扩张; MA60上行(+4.9%/5日),43.68,47.52,51.4,51.83,50.63,0.087912,0.17674,0.186584,0.159112,0.29098,-0.006181,0.004802,0.015327,0.024861,-0.005411,0.08311,0.161413,0.161723,0.164523,False,complete
stock,2026-05-06,603256,宏和科技,HOLD,1,,,,,0,5.0,高端电子玻纤布,pcb,watch,★☆☆,,,,多头排列; 红柱扩张; RSI超买90; 缩量0.5x; MA60上行(+7.9%/5日),131.01,144.11,149.98,146.22,145.0,0.099992,0.144798,0.116098,0.106786,0.169376,-0.023815,0.004802,0.015327,0.024861,-0.005411,0.09519,0.129471,0.091237,0.112197,False,complete
stock,2026-05-06,688012,中微公司,HOLD,0,,,,,0,5.0,半导体设备,semicon,core,★★★,,,,红柱扩张; RSI超买80; 放量1.7x,383.3,384.6,383.64,405.6,490.33,0.003392,0.000887,0.058179,0.279233,0.299243,-0.043465,0.004802,0.015327,0.024861,-0.005411,-0.00141,-0.01444,0.033318,0.284644,False,complete
stock,2026-05-06,000651,格力电器,HOLD,0,,,,,0,5.01,家电,consumer,candidate,★★☆,,,,红柱扩张; RSI超买79; 放量1.5x,39.95,39.89,40.46,40.3,39.51,-0.001502,0.012766,0.008761,-0.011014,0.022528,-0.019775,0.004802,0.015327,0.024861,-0.005411,-0.006304,-0.002561,-0.0161,-0.005603,False,complete
stock,2026-05-06,600426,华鲁恒升,HOLD,0,,,,,0,3.5,煤化工/化肥,chemical,candidate,★★☆,,,,,38.57,36.12,34.82,34.5,32.13,-0.063521,-0.097226,-0.105522,-0.166969,-0.020742,-0.179673,0.004802,0.015327,0.024861,-0.005411,-0.068323,-0.112553,-0.130384,-0.161558,True,complete
stock,2026-05-06,688195,腾景科技,HOLD,0,,,,,0,-1.54,精密光学元件,optics,candidate,★★☆,,,,跌破20线; MA60上行(+4.0%/5日),337.9,361.98,375.6,373.66,349.07,0.071264,0.111571,0.10583,0.033057,0.168689,-0.055963,0.004802,0.015327,0.024861,-0.005411,0.066462,0.096245,0.080969,0.038468,True,complete
stock,2026-05-06,002008,大族激光,HOLD,0,,,,,0,5.0,工业激光设备,industrial_auto,candidate,★★☆,,,,站20/60线; RSI超买79; MA60上行(+6.5%/5日),102.19,112.21,134.07,147.93,144.34,0.098053,0.311968,0.447598,0.412467,0.529504,-0.003131,0.004802,0.015327,0.024861,-0.005411,0.093251,0.296641,0.422736,0.417878,False,complete
stock,2026-05-06,688331,荣昌生物,HOLD,0,,,,,0,-9.73,ADC创新药,pharma,candidate,★★☆,,,,跌破20线; 绿柱扩张; RSI偏低30; MA60上行(+2.2%/5日),127.7,130.0,124.63,119.05,116.66,0.018011,-0.024041,-0.067737,-0.086453,0.033829,-0.133125,0.004802,0.015327,0.024861,-0.005411,0.013209,-0.039367,-0.092598,-0.081042,True,complete
stock,2026-05-06,300502,新易盛,HOLD,-1,,,,,0,-2.13,光模块,optics,core,★★★,,,,跌破20线; 绿柱扩张; MA60上行(+2.6%/5日),522.48,563.5,563.7,628.99,587.97,0.07851,0.078893,0.203855,0.125345,0.251148,-0.018144,0.004802,0.015327,0.024861,-0.005411,0.073708,0.063566,0.178994,0.130756,True,complete
stock,2026-05-06,300394,天孚通信,HOLD,-1,,,,,0,-7.54,光通信器件,optics,core,★★☆,,,,跌破60线; MA60上行(+3.0%/5日),316.16,328.14,331.92,378.19,358.99,0.037892,0.049848,0.196198,0.135469,0.309717,-0.035299,0.004802,0.015327,0.024861,-0.005411,0.03309,0.034521,0.171337,0.14088,True,complete
stock,2026-05-06,000333,美的集团,HOLD,-1,,,,,0,2.46,家电/工业机器人,consumer,core,★★★,,,,站20/60线; RSI超买80,80.44,79.81,80.67,80.38,81.5,-0.007832,0.002859,-0.000746,0.013178,0.037295,-0.013923,0.004802,0.015327,0.024861,-0.005411,-0.012634,-0.012467,-0.025607,0.018589,False,complete
stock,2026-05-06,688981,中芯国际,HOLD,-1,,,,,0,5.0,半导体代工,semicon,core,★★★,,,,红柱扩张; RSI超买82; 放量2.3x; MA60偏弱(-0.6%/5日),123.1,125.34,122.52,121.86,133.81,0.018197,-0.004712,-0.010073,0.087002,0.109911,-0.084647,0.004802,0.015327,0.024861,-0.005411,0.013395,-0.020038,-0.034934,0.092413,True,complete
stock,2026-05-06,603799,华友钴业,HOLD,-1,,,,,0,5.0,钴/三元前驱体,battery_materials,candidate,★★☆,,,,红柱扩张; MA60下行趋势(-1.4%/5日),67.97,67.7,64.34,62.3,58.09,-0.003972,-0.053406,-0.083419,-0.145358,0.035015,-0.183169,0.004802,0.015327,0.024861,-0.005411,-0.008774,-0.068733,-0.10828,-0.139947,True,complete
stock,2026-05-06,002594,比亚迪,HOLD,-1,,,,,0,-1.13,电动车/刀片电池,new_energy,core,★★★,,,,跌破20线; 绿柱扩张; MA60上行(+0.8%/5日),100.75,100.46,100.44,98.6,93.36,-0.002878,-0.003077,-0.02134,-0.07335,0.005062,-0.073945,0.004802,0.015327,0.024861,-0.005411,-0.00768,-0.018404,-0.046201,-0.067939,True,complete
stock,2026-05-06,600030,中信证券,HOLD,-1,,,,,0,4.98,综合券商,finance,candidate,★★☆,,,,RSI偏高73,27.49,27.23,27.33,27.15,26.08,-0.009458,-0.00582,-0.012368,-0.051291,0.007275,-0.058567,0.004802,0.015327,0.024861,-0.005411,-0.01426,-0.021147,-0.037229,-0.04588,True,complete
stock,2026-05-06,601869,长飞光纤,HOLD,-1,,,,,0,-3.16,光纤光缆,optics,core,★★★,,,,跌破20线; 绿柱扩张; MA60上行(+8.0%/5日),361.05,389.2,400.31,406.96,397.95,0.077967,0.108738,0.127157,0.102202,0.190971,0.015538,0.004802,0.015327,0.024861,-0.005411,0.073165,0.093412,0.102296,0.107613,True,complete
stock,2026-05-06,300757,罗博特科,HOLD,-1,,,,,0,-3.32,光伏/新能源自动化装备,industrial_auto,candidate,★★☆,,,,跌破20线; 绿柱扩张; MA60上行(+3.1%/5日),480.55,510.32,512.3,539.67,566.48,0.06195,0.06607,0.123026,0.178816,0.304047,0.015815,0.004802,0.015327,0.024861,-0.005411,0.057148,0.050743,0.098165,0.184227,True,complete
stock,2026-05-06,688777,中控技术,HOLD,-1,,,,,0,5.0,工业自动化DCS,industrial_auto,candidate,★★☆,,,,红柱扩张; RSI超买79,82.22,82.58,82.0,78.8,87.97,0.004378,-0.002676,-0.041596,0.069934,0.099246,-0.092678,0.004802,0.015327,0.024861,-0.005411,-0.000424,-0.018003,-0.066457,0.075345,True,complete
stock,2026-05-06,600988,赤峰黄金,HOLD,-1,,,,,0,-3.89,黄金矿采选,commodity,candidate,★★☆,,,,跌破60线; 放量1.9x,41.11,42.36,42.04,40.8,35.68,0.030406,0.022622,-0.007541,-0.132085,0.091705,-0.157626,0.004802,0.015327,0.024861,-0.005411,0.025604,0.007295,-0.032402,-0.126674,True,complete
stock,2026-05-06,301200,大族数控,HOLD,-1,,,,,0,-0.64,激光/数控切割设备,industrial_auto,watch,★☆☆,,,,跌破20线; 绿柱扩张; MA60上行(+0.7%/5日),184.74,193.35,201.31,233.37,224.0,0.046606,0.089694,0.263235,0.212515,0.295875,-0.048555,0.004802,0.015327,0.024861,-0.005411,0.041804,0.074367,0.238374,0.217926,True,complete
stock,2026-05-07,002463,沪电股份,BUY_STRONG,6,,,,,8,5.0,高多层PCB,pcb,core,★★★,,,,多头排列; 红柱扩张; MA60上行(+3.4%/5日); 主力净流入5.9亿,107.88,108.71,108.68,107.02,103.7,0.007694,0.007416,-0.007972,-0.038747,0.060994,-0.088802,-0.005836,0.009701,0.002875,-0.023959,0.01353,-0.002285,-0.010847,-0.014788,True,complete
stock,2026-05-07,300750,宁德时代,BUY_STRONG,5,,,,,8,5.0,动力电池,battery,core,★★★,,,,多头排列; MA60上行(+2.4%/5日); 主力净流入1.3亿,451.64,437.0,431.25,427.0,411.63,-0.032415,-0.045147,-0.054557,-0.088588,0.008547,-0.099283,-0.005836,0.009701,0.002875,-0.023959,-0.026579,-0.054848,-0.057432,-0.06463,True,complete
stock,2026-05-07,300476,胜宏科技,BUY_STRONG,5,,,,,5,5.0,PCB,pcb,candidate,★★☆,,,,多头排列; 红柱扩张; MA60上行(+2.0%/5日); 主力净流入0.6亿,338.06,358.66,375.43,354.83,331.4,0.060936,0.110543,0.049607,-0.019701,0.153641,-0.03739,-0.005836,0.009701,0.002875,-0.023959,0.066772,0.100841,0.046731,0.004258,False,complete
stock,2026-05-07,600522,中天科技,BUY_STRONG,5,,,,,8,5.0,海缆/光纤/电力电缆,optics,core,★★★,,,,多头排列; 红柱扩张; RSI偏高76; MA60上行(+4.3%/5日); 主力净流入13.2亿,38.38,40.9,44.08,44.1,41.9,0.065659,0.148515,0.149036,0.091714,0.235018,-0.00469,-0.005836,0.009701,0.002875,-0.023959,0.071495,0.138814,0.146161,0.115673,False,complete
stock,2026-05-07,300502,新易盛,HOLD,4,,,,,0,4.34,光模块,optics,core,★★★,,,,站20/60线; MA60上行(+2.7%/5日); 主力净流入25.6亿,563.5,551.67,592.52,617.9,566.0,-0.020994,0.0515,0.096539,0.004437,0.160071,-0.067879,-0.005836,0.009701,0.002875,-0.023959,-0.015158,0.041799,0.093664,0.028395,True,complete
stock,2026-05-07,603259,药明康德,HOLD,4,,,,,0,5.0,CXO,pharma,watch,★☆☆,,,,多头排列; 红柱扩张; MA60上行(+1.2%/5日); 主力净流入1.8亿,111.28,106.8,110.33,103.01,104.23,-0.040259,-0.008537,-0.074317,-0.063354,0.016894,-0.090582,-0.005836,0.009701,0.002875,-0.023959,-0.034423,-0.018238,-0.077192,-0.039395,True,complete
stock,2026-05-07,002475,立讯精密,HOLD,4,,,,,0,5.01,消费电子精密制造,consumer_elec,core,★★★,,,,多头排列; RSI偏高70; MA60上行(+2.3%/5日); 主力净流入8.8亿,69.52,71.29,77.19,75.4,67.87,0.02546,0.110328,0.08458,-0.023734,0.176352,-0.034666,-0.005836,0.009701,0.002875,-0.023959,0.031296,0.100627,0.081705,0.000225,False,complete
stock,2026-05-07,601869,长飞光纤,HOLD,4,,,,,0,3.83,光纤光缆,optics,core,★★★,,,,站20/60线; MA60上行(+7.8%/5日); 主力净流入4.9亿,389.2,397.23,411.46,404.7,375.8,0.020632,0.057194,0.039825,-0.03443,0.10483,-0.057914,-0.005836,0.009701,0.002875,-0.023959,0.026468,0.047493,0.03695,-0.010471,True,complete
stock,2026-05-07,600487,亨通光电,HOLD,4,,,,,0,5.0,光纤光缆/海底电缆,optics,core,★★★,,,,多头排列; 红柱扩张; RSI超买81; MA60上行(+6.7%/5日); 主力净流入0.7亿,75.96,77.27,75.1,74.0,69.9,0.017246,-0.011322,-0.025803,-0.079779,0.051869,-0.124276,-0.005836,0.009701,0.002875,-0.023959,0.023082,-0.021023,-0.028678,-0.05582,True,complete
stock,2026-05-07,603929,亚翔集成,HOLD,4,,,,,0,5.0,半导体洁净室工程,semicon,watch,★☆☆,,,,多头排列; MACD金叉; MA60上行(+2.5%/5日),206.0,199.32,193.25,186.55,176.9,-0.032427,-0.061893,-0.094417,-0.141262,0.034466,-0.174612,-0.005836,0.009701,0.002875,-0.023959,-0.026591,-0.071594,-0.097293,-0.117303,True,complete
stock,2026-05-07,688498,源杰科技,HOLD,3,,,,,0,5.0,光芯片基材,optics,candidate,★★☆,,,,多头排列; 红柱扩张; RSI偏高77; MA60上行(+6.4%/5日),1629.0,1086.775,1194.466,1128.195,1038.04,-0.332858,-0.266749,-0.307431,-0.362775,-0.251545,-0.386077,-0.005836,0.009701,0.002875,-0.023959,-0.327021,-0.27645,-0.310306,-0.338816,True,complete
stock,2026-05-07,002384,东山精密,HOLD,3,,,,,0,5.0,PCB/光模块封装,optics,candidate,★★☆,,,,多头排列; 红柱扩张; RSI超买89; MA60上行(+9.0%/5日); 主力净流入9.3亿,211.07,211.39,219.46,214.89,206.97,0.001516,0.03975,0.018098,-0.019425,0.089686,-0.07083,-0.005836,0.009701,0.002875,-0.023959,0.007352,0.030049,0.015223,0.004534,True,complete
stock,2026-05-07,600498,烽火通信,HOLD,3,,,,,0,0.93,光通信设备,optics,candidate,★★☆,,,,站20/60线; MA60上行(+1.7%/5日); 主力净流入5.9亿,51.82,57.0,59.01,59.17,54.04,0.099961,0.13875,0.141837,0.042841,0.215554,-0.015824,-0.005836,0.009701,0.002875,-0.023959,0.105798,0.129048,0.138962,0.066799,True,complete
stock,2026-05-07,688048,长光华芯,HOLD,3,,,,,0,5.0,半导体激光芯片,optics,candidate,★★☆,,,,多头排列; 红柱扩张; RSI偏高73; MA60上行(+10.0%/5日),392.87,438.88,431.49,448.1,356.97,0.117113,0.098302,0.140581,-0.091379,0.179449,-0.096393,-0.005836,0.009701,0.002875,-0.023959,0.122949,0.088601,0.137706,-0.06742,True,complete
stock,2026-05-07,688195,腾景科技,HOLD,3,,,,,0,4.9,精密光学元件,optics,candidate,★★☆,,,,站20/60线; MA60上行(+4.3%/5日); 主力净流入1.5亿,361.98,372.5,366.01,367.0,320.97,0.029062,0.011133,0.013868,-0.113294,0.090944,-0.118763,-0.005836,0.009701,0.002875,-0.023959,0.034899,0.001432,0.010993,-0.089335,True,complete
stock,2026-05-07,300757,罗博特科,HOLD,3,,,,,0,1.96,光伏/新能源自动化装备,industrial_auto,candidate,★★☆,,,,站20/60线; MA60上行(+3.0%/5日); 主力净流入5.3亿,510.32,519.2,510.09,589.0,524.0,0.017401,-0.000451,0.154178,0.026807,0.227975,-0.02857,-0.005836,0.009701,0.002875,-0.023959,0.023237,-0.010152,0.151303,0.050765,True,complete
stock,2026-05-07,688521,芯原股份,HOLD,3,,,,,0,5.0,半导体IP/芯片设计平台,semicon,candidate,★★☆,,,,多头排列; 红柱扩张; MA60上行(+1.5%/5日); 主力净流出7.9亿,275.0,262.0,271.99,265.91,273.54,-0.047273,-0.010945,-0.033055,-0.005309,0.103818,-0.098182,-0.005836,0.009701,0.002875,-0.023959,-0.041437,-0.020646,-0.03593,0.01865,True,complete
stock,2026-05-07,605117,德业股份,HOLD,3,,,,,0,5.0,储能逆变器/户用储能,new_energy,candidate,★★☆,,,,多头排列; 红柱扩张; MA60上行(+4.2%/5日); 主力净流出1.0亿,154.34,151.27,158.82,151.18,168.65,-0.019891,0.029027,-0.020474,0.092717,0.131009,-0.050797,-0.005836,0.009701,0.002875,-0.023959,-0.014055,0.019326,-0.023349,0.116676,True,complete
stock,2026-05-07,002008,大族激光,HOLD,3,,,,,0,5.0,工业激光设备,industrial_auto,candidate,★★☆,,,,多头排列; 红柱扩张; RSI超买80; MA60上行(+6.7%/5日); 主力净流入8.1亿,112.41,121.86,134.46,149.03,142.59,0.084067,0.196157,0.325772,0.268481,0.390446,-0.003647,-0.005836,0.009701,0.002875,-0.023959,0.089903,0.186456,0.322897,0.29244,False,complete
stock,2026-05-07,601872,招商轮船,HOLD,3,,,,,0,0.05,VLCC油轮/干散货,shipping,candidate,★★☆,,,,站20/60线; 放量1.5x; MA60上行(+3.5%/5日),18.43,19.49,17.79,18.0,17.8,0.057515,-0.034726,-0.023332,-0.034183,0.077591,-0.110147,-0.005836,0.009701,0.002875,-0.023959,0.063351,-0.044427,-0.026207,-0.010225,True,complete
stock,2026-05-07,688167,炬光科技,HOLD,3,,,,,0,5.0,高功率半导体激光器,optics,watch,★☆☆,,,,站20/60线; 放量1.6x; MA60上行(+4.1%/5日); 主力净流入3.2亿,422.35,434.64,475.0,503.98,460.48,0.029099,0.12466,0.193276,0.090281,0.29987,-0.047354,-0.005836,0.009701,0.002875,-0.023959,0.034935,0.114959,0.190401,0.114239,False,complete
stock,2026-05-07,300308,中际旭创,HOLD,2,,,,,0,5.0,光模块,optics,core,★★★,,,,多头排列; 绿柱扩张; RSI偏高71; MA60上行(+3.3%/5日); 主力净流入2.9亿,877.47,886.0,1017.99,1078.0,993.34,0.009721,0.160142,0.228532,0.13205,0.253456,-0.018132,-0.005836,0.009701,0.002875,-0.023959,0.015557,0.150441,0.225657,0.156009,False,complete
stock,2026-05-07,688256,寒武纪,HOLD,2,,,,,0,5.0,AI推理芯片,semicon,candidate,★☆☆,,,,多头排列; 红柱扩张; RSI超买92; MA60上行(+2.5%/5日); 主力净流入1.7亿,1868.0,1182.53,1277.87,1260.58,1290.9,-0.366954,-0.315915,-0.325171,-0.30894,-0.252677,-0.38008,-0.005836,0.009701,0.002875,-0.023959,-0.361118,-0.325616,-0.328047,-0.284981,True,complete
stock,2026-05-07,688041,海光信息,HOLD,2,,,,,0,5.0,国产CPU/GPU,semicon,core,★★★,,,,多头排列; 红柱扩张; RSI超买81; MA60上行(+1.4%/5日); 主力净流出8.7亿,341.6,323.28,349.19,325.2,307.0,-0.05363,0.022219,-0.048009,-0.101288,0.050351,-0.146429,-0.005836,0.009701,0.002875,-0.023959,-0.047794,0.012518,-0.050885,-0.077329,True,complete
stock,2026-05-07,600183,生益科技,HOLD,2,,,,,0,5.0,PCB基板/覆铜板,pcb,core,★★★,,,,多头排列; RSI超买80; MA60上行(+0.9%/5日); 主力净流入2.2亿,82.0,82.0,85.62,93.32,98.19,0.0,0.044146,0.138049,0.197439,0.310976,-0.023171,-0.005836,0.009701,0.002875,-0.023959,0.005836,0.034445,0.135174,0.221398,False,complete
stock,2026-05-07,688120,华海清科,HOLD,2,,,,,0,5.0,CMP研磨设备,semicon,candidate,★★☆,,,,多头排列; 红柱扩张; RSI偏高68,200.63,195.94,235.14,250.5,280.0,-0.023376,0.172008,0.248567,0.395604,0.560036,-0.043114,-0.005836,0.009701,0.002875,-0.023959,-0.01754,0.162307,0.245692,0.419563,False,complete
stock,2026-05-07,300666,江丰电子,HOLD,2,,,,,0,5.0,高纯溅射靶材,semicon,candidate,★★☆,,,,多头排列; 红柱扩张; RSI偏高70; MA60上行(+3.2%/5日); 主力净流出0.6亿,186.55,173.43,181.77,180.0,191.02,-0.07033,-0.025623,-0.035111,0.023961,0.191209,-0.077995,-0.005836,0.009701,0.002875,-0.023959,-0.064494,-0.035324,-0.037986,0.04792,True,complete
stock,2026-05-07,600105,永鼎股份,HOLD,2,,,,,0,5.01,光纤光缆/新能源电缆,optics,watch,★☆☆,,,,多头排列; RSI偏高71; MA60上行(+4.8%/5日); 主力净流入9.9亿,47.52,49.94,52.32,53.99,46.29,0.050926,0.10101,0.136153,-0.025884,0.186658,-0.034512,-0.005836,0.009701,0.002875,-0.023959,0.056762,0.091309,0.133278,-0.001925,False,complete
stock,2026-05-07,301200,大族数控,HOLD,2,,,,,0,3.1,激光/数控切割设备,industrial_auto,watch,★☆☆,,,,站20/60线; MA60上行(+0.9%/5日); 主力净流入0.8亿,193.95,187.18,209.6,217.79,249.46,-0.034906,0.080691,0.122918,0.286208,0.385924,-0.059551,-0.005836,0.009701,0.002875,-0.023959,-0.02907,0.07099,0.120043,0.310167,True,complete
stock,2026-05-07,300394,天孚通信,HOLD,1,,,,,0,-3.53,光通信器件,optics,core,★★☆,,,,跌破20线; MA60上行(+2.9%/5日); 主力净流入0.7亿,328.14,326.3,342.45,392.0,337.21,-0.005607,0.043609,0.194612,0.027641,0.2619,-0.030597,-0.005836,0.009701,0.002875,-0.023959,0.000229,0.033908,0.191737,0.051599,True,complete
stock,2026-05-07,688012,中微公司,HOLD,1,,,,,0,5.0,半导体设备,semicon,core,★★★,,,,多头排列; 红柱扩张; RSI超买78; 主力净流出4.3亿,384.6,370.0,388.45,387.17,475.8,-0.037962,0.01001,0.006682,0.237129,0.386713,-0.046698,-0.005836,0.009701,0.002875,-0.023959,-0.032125,0.000309,0.003807,0.261088,False,complete
stock,2026-05-07,603986,兆易创新,HOLD,1,,,,,0,5.0,存储芯片,semicon,candidate,★★☆,,,,多头排列; 红柱扩张; RSI超买81; MA60上行(+0.6%/5日); 主力净流出13.9亿,350.16,334.1,353.55,356.19,431.9,-0.045865,0.009681,0.017221,0.233436,0.327479,-0.052433,-0.005836,0.009701,0.002875,-0.023959,-0.040029,-2e-05,0.014345,0.257395,True,complete
stock,2026-05-07,601138,工业富联,HOLD,1,,,,,0,4.33,AI服务器/精密制造,consumer_elec,candidate,★★☆,,,,站20/60线; MACD死叉; MA60上行(+0.8%/5日); 主力净流入2.8亿,64.18,63.28,64.4,68.6,65.5,-0.014023,0.003428,0.068869,0.020567,0.153007,-0.021969,-0.005836,0.009701,0.002875,-0.023959,-0.008187,-0.006273,0.065994,0.044526,False,complete
stock,2026-05-07,600887,伊利股份,HOLD,1,,,,,0,5.01,乳制品/食品,consumer,candidate,★★☆,,,,红柱扩张; RSI偏高73; 主力净流入1.3亿,27.53,27.52,28.01,27.78,26.76,-0.000363,0.017436,0.009081,-0.027969,0.031602,-0.030149,-0.005836,0.009701,0.002875,-0.023959,0.005473,0.007734,0.006206,-0.004011,False,complete
stock,2026-05-07,688981,中芯国际,HOLD,1,,,,,0,5.0,半导体代工,semicon,core,★★★,,,,多头排列; 红柱扩张; RSI超买82; MA60偏弱(-0.4%/5日),125.34,120.31,121.98,117.9,127.22,-0.040131,-0.026807,-0.059359,0.014999,0.098053,-0.101005,-0.005836,0.009701,0.002875,-0.023959,-0.034295,-0.036508,-0.062234,0.038958,True,complete
stock,2026-05-07,000338,潍柴动力,HOLD,1,,,,,0,5.0,重型发动机/氢燃料,machinery,candidate,★★☆,,,,多头排列; 红柱扩张; RSI超买90; MA60上行(+2.7%/5日); 主力净流出1.6亿,35.0,33.06,32.7,34.2,32.28,-0.055429,-0.065714,-0.022857,-0.077714,0.018286,-0.101429,-0.005836,0.009701,0.002875,-0.023959,-0.049592,-0.075415,-0.025732,-0.053756,True,complete
stock,2026-05-07,603288,海天味业,HOLD,1,,,,,0,-3.72,调味品,food_bev,watch,★☆☆,,,,跌破20线; RSI偏低28; MA60上行(+0.8%/5日),38.73,38.18,37.84,37.35,35.34,-0.014201,-0.02298,-0.035631,-0.087529,0.001291,-0.08882,-0.005836,0.009701,0.002875,-0.023959,-0.008365,-0.032681,-0.038507,-0.06357,True,complete
stock,2026-05-07,688409,富创精密,HOLD,1,,,,,0,5.0,半导体精密零部件,semicon,watch,★☆☆,,,,多头排列; RSI偏高73; MA60上行(+2.3%/5日),126.58,121.56,130.51,142.03,163.58,-0.039659,0.031048,0.122057,0.292305,0.487439,-0.083584,-0.005836,0.009701,0.002875,-0.023959,-0.033823,0.021347,0.119182,0.316264,True,complete
stock,2026-05-07,603256,宏和科技,HOLD,1,,,,,0,5.0,高端电子玻纤布,pcb,watch,★☆☆,,,,多头排列; 红柱扩张; RSI超买90; MA60上行(+8.6%/5日),144.11,148.87,148.31,141.83,144.88,0.03303,0.029144,-0.015821,0.005343,0.082437,-0.112553,-0.005836,0.009701,0.002875,-0.023959,0.038866,0.019443,-0.018696,0.029302,True,complete
stock,2026-05-07,000333,美的集团,HOLD,0,,,,,0,1.48,家电/工业机器人,consumer,core,★★★,,,,站20/60线; RSI偏高72,79.81,80.4,80.09,81.81,81.5,0.007393,0.003508,0.02506,0.021175,0.045483,-0.00614,-0.005836,0.009701,0.002875,-0.023959,0.013229,-0.006193,0.022184,0.045134,False,complete
stock,2026-05-07,688777,中控技术,HOLD,0,,,,,0,5.0,工业自动化DCS,industrial_auto,candidate,★★☆,,,,红柱扩张; RSI偏高76,82.58,81.44,78.77,75.43,84.85,-0.013805,-0.046137,-0.086583,0.027488,0.106684,-0.096634,-0.005836,0.009701,0.002875,-0.023959,-0.007969,-0.055838,-0.089458,0.051447,True,complete
stock,2026-05-07,688331,荣昌生物,HOLD,0,,,,,0,-7.05,ADC创新药,pharma,candidate,★★☆,,,,跌破20线; MA60上行(+2.1%/5日),130.0,123.9,121.57,115.8,121.99,-0.046923,-0.064846,-0.109231,-0.061615,0.015538,-0.148462,-0.005836,0.009701,0.002875,-0.023959,-0.041087,-0.074547,-0.112106,-0.037657,True,complete
stock,2026-05-07,600988,赤峰黄金,HOLD,0,,,,,0,-0.5,黄金矿采选,commodity,candidate,★★☆,,,,跌破20线; 主力净流入0.6亿,42.36,44.4,40.95,39.68,34.5,0.048159,-0.033286,-0.063267,-0.185552,0.05949,-0.186261,-0.005836,0.009701,0.002875,-0.023959,0.053995,-0.042987,-0.066142,-0.161594,True,complete
stock,2026-05-07,688548,广钢气体,HOLD,0,,,,,0,1.76,半导体特种气体,semicon,watch,★☆☆,,,,站20/60线; MA60上行(+3.0%/5日); 主力净流出2.6亿,27.8,27.64,28.31,30.05,30.75,-0.005755,0.018345,0.080935,0.106115,0.298561,-0.015468,-0.005836,0.009701,0.002875,-0.023959,8.1e-05,0.008644,0.07806,0.130074,False,complete
stock,2026-05-07,600519,贵州茅台,HOLD,-1,,,,,0,-3.93,高端白酒,consumer,core,★★★,,,,跌破60线; 绿柱扩张; RSI偏低33; 主力净流入0.5亿,1371.05,1372.99,1354.55,1342.17,1311.0,0.001415,-0.012035,-0.021064,-0.043799,0.008548,-0.043799,-0.005836,0.009701,0.002875,-0.023959,0.007251,-0.021736,-0.023939,-0.01984,True,complete
stock,2026-05-07,000651,格力电器,HOLD,-1,,,,,0,4.99,家电,consumer,candidate,★★☆,,,,RSI偏高78,39.89,39.91,40.34,40.22,38.86,0.000501,0.011281,0.008273,-0.025821,0.024066,-0.026824,-0.005836,0.009701,0.002875,-0.023959,0.006338,0.00158,0.005398,-0.001862,False,complete
stock,2026-05-07,600030,中信证券,HOLD,-1,,,,,0,3.64,综合券商,finance,candidate,★★☆,,,,主力净流出2.0亿,27.23,26.95,27.22,26.66,26.22,-0.010283,-0.000367,-0.020933,-0.037091,0.009181,-0.049578,-0.005836,0.009701,0.002875,-0.023959,-0.004447,-0.010068,-0.023808,-0.013133,True,complete
stock,2026-05-07,002865,钧达股份,HOLD,-1,,,,,0,5.0,TOPCon光伏电池片,new_energy,watch,★☆☆,,,,红柱扩张; RSI偏高74; 放量1.5x; MA60下行趋势(-2.2%/5日); 主力净流入2.6亿,87.75,96.53,103.92,100.28,97.66,0.100057,0.184274,0.142792,0.112934,0.260741,0.006268,-0.005836,0.009701,0.002875,-0.023959,0.105893,0.174572,0.139917,0.136893,False,complete
stock,2026-05-07,600879,航天电子,HOLD,-1,,,,,0,5.02,军工电子/惯导,defense,candidate,★★☆,,,,红柱扩张; MA60下行趋势(-1.5%/5日),25.31,26.65,26.02,24.1,22.37,0.052944,0.028052,-0.047807,-0.11616,0.080601,-0.11695,-0.005836,0.009701,0.002875,-0.023959,0.05878,0.018351,-0.050682,-0.092201,True,complete
stock,2026-05-07,601088,中国神华,HOLD,-2,,,,,0,-2.3,煤炭/电力,commodity,watch,★★☆,,,,跌破60线; MA60上行(+1.2%/5日); 主力净流出1.1亿,45.59,45.18,45.2,45.17,45.26,-0.008993,-0.008555,-0.009213,-0.007238,0.03027,-0.023251,-0.005836,0.009701,0.002875,-0.023959,-0.003157,-0.018256,-0.012088,0.01672,True,complete
stock,2026-05-07,002594,比亚迪,HOLD,-2,,,,,0,-1.49,电动车/刀片电池,new_energy,core,★★★,,,,跌破20线; 绿柱扩张; MA60上行(+0.8%/5日); 主力净流出4.2亿,100.46,100.02,99.23,98.73,93.51,-0.00438,-0.012244,-0.017221,-0.069182,0.005375,-0.071272,-0.005836,0.009701,0.002875,-0.023959,0.001456,-0.021945,-0.020096,-0.045223,True,complete
stock,2026-05-07,002028,思源电气,HOLD,-2,,,,,0,-1.0,特高压/变电设备,power_equip,core,★★★,,,,跌破60线,206.68,198.1,198.35,202.8,198.82,-0.041513,-0.040304,-0.018773,-0.03803,0.021676,-0.094736,-0.005836,0.009701,0.002875,-0.023959,-0.035677,-0.050005,-0.021648,-0.014071,True,complete
stock,2026-05-07,600893,航发动力,HOLD,-2,,,,,0,-1.34,航空发动机,defense,candidate,★★☆,,,,跌破60线; MA60偏弱(-0.3%/5日); 主力净流入2.1亿,48.33,50.1,48.7,48.56,45.59,0.036623,0.007656,0.004759,-0.056694,0.096627,-0.059383,-0.005836,0.009701,0.002875,-0.023959,0.042459,-0.002045,0.001884,-0.032735,True,complete
stock,2026-05-07,601899,紫金矿业,REDUCE,-3,,,,,0,0.55,铜金矿,commodity,watch,★☆☆,,,,跌破60线; MACD金叉; MA60下行趋势(-1.6%/5日); 主力净流出8.1亿,34.46,34.8,34.58,33.52,29.99,0.009867,0.003482,-0.027278,-0.129716,0.025247,-0.131747,-0.005836,0.009701,0.002875,-0.023959,0.015703,-0.006219,-0.030153,-0.105757,True,complete
stock,2026-05-07,600426,华鲁恒升,REDUCE,-3,,,,,0,-3.18,煤化工/化肥,chemical,candidate,★★☆,,,,跌破60线; 主力净流出1.8亿,36.12,35.51,34.99,33.97,31.37,-0.016888,-0.031285,-0.059524,-0.131506,0.007752,-0.13206,-0.005836,0.009701,0.002875,-0.023959,-0.011052,-0.040986,-0.062399,-0.107547,True,complete
stock,2026-05-07,603799,华友钴业,REDUCE,-3,,,,,0,5.0,钴/三元前驱体,battery_materials,candidate,★★☆,,,,MA60下行趋势(-1.5%/5日); 主力净流出1.2亿,68.2,65.5,62.37,59.81,56.46,-0.039589,-0.085484,-0.123021,-0.172141,0.002199,-0.185924,-0.005836,0.009701,0.002875,-0.023959,-0.033753,-0.095185,-0.125896,-0.148182,True,complete
stock,2026-05-07,600438,通威股份,REDUCE,-3,,,,,0,0.63,光伏电池/硅料,new_energy,candidate,★★☆,,,,跌破60线; MA60下行趋势(-1.5%/5日); 主力净流入0.5亿,17.49,17.22,16.99,16.94,15.59,-0.015437,-0.028588,-0.031447,-0.108634,0.020011,-0.109777,-0.005836,0.009701,0.002875,-0.023959,-0.009601,-0.038289,-0.034322,-0.084675,True,complete
stock,2026-05-07,601012,隆基绿能,REDUCE,-3,,,,,0,-3.81,光伏组件,new_energy,watch,★☆☆,,,,跌破60线; RSI超卖23; MA60下行趋势(-1.1%/5日); 主力净流出1.7亿,16.55,16.36,16.7,16.3,14.79,-0.01148,0.009063,-0.015106,-0.106344,0.029607,-0.109366,-0.005836,0.009701,0.002875,-0.023959,-0.005644,-0.000638,-0.017981,-0.082386,True,complete
stock,2026-05-07,002714,牧原股份,REDUCE,-3,,,,,0,-0.79,生猪养殖,agriculture,candidate,★★☆,,,,跌破60线; 主力净流出2.3亿,44.07,43.51,42.93,42.63,39.49,-0.012707,-0.025868,-0.032675,-0.103926,0.023372,-0.105968,-0.005836,0.009701,0.002875,-0.023959,-0.006871,-0.035569,-0.035551,-0.079967,True,complete
stock,2026-05-07,601318,中国平安,REDUCE,-3,,,,,0,2.63,保险/金融科技,finance,candidate,★★☆,,,,跌破60线; 红柱扩张; 放量1.8x; MA60下行趋势(-0.8%/5日); 主力净流出0.8亿,60.04,60.06,59.4,56.9,53.76,0.000333,-0.01066,-0.052298,-0.104597,0.008494,-0.105929,-0.005836,0.009701,0.002875,-0.023959,0.006169,-0.020361,-0.055174,-0.080638,True,complete
stock,2026-05-07,000568,泸州老窖,REDUCE,-3,,,,,0,-2.6,高端白酒,food_bev,candidate,★★☆,,,,跌破60线; 绿柱扩张; RSI偏低35; MA60下行趋势(-1.0%/5日); 主力净流入1.0亿,99.05,97.53,94.78,94.35,91.42,-0.015346,-0.04311,-0.047451,-0.077032,-0.000303,-0.092479,-0.005836,0.009701,0.002875,-0.023959,-0.00951,-0.052811,-0.050326,-0.053073,True,complete
stock,2026-05-07,300274,阳光电源,REDUCE,-4,,,,,0,4.24,逆变器,new_energy,core,★★★,,,,跌破60线; 红柱扩张; MA60下行趋势(-1.1%/5日); 主力净流出6.7亿,139.5,139.165,139.85,135.03,165.38,-0.002401,0.002509,-0.032043,0.18552,0.240143,-0.060789,-0.005836,0.009701,0.002875,-0.023959,0.003435,-0.007192,-0.034918,0.209478,True,complete
stock,2026-05-07,600031,三一重工,REDUCE,-4,,,,,0,3.43,工程机械,machinery,watch,★★☆,,,,跌破60线; 红柱扩张; MA60下行趋势(-0.8%/5日); 主力净流出0.9亿,20.98,20.53,21.36,20.61,18.96,-0.021449,0.018112,-0.017636,-0.096282,0.071497,-0.097235,-0.005836,0.009701,0.002875,-0.023959,-0.015613,0.008411,-0.020511,-0.072323,True,complete
stock,2026-05-07,600276,恒瑞医药,REDUCE,-4,,,,,0,-4.02,创新药,pharma,watch,★☆☆,,,,跌破60线; 绿柱扩张; RSI偏低34; MA60偏弱(-0.5%/5日); 主力净流出1.8亿,53.68,52.8,56.11,54.32,51.45,-0.016393,0.045268,0.011923,-0.041542,0.096684,-0.061475,-0.005836,0.009701,0.002875,-0.023959,-0.010557,0.035567,0.009047,-0.017584,True,complete
stock,2026-05-07,000858,五粮液,REDUCE,-4,,,,,0,-8.67,高端白酒,consumer,candidate,★★☆,,,,跌破60线; 绿柱扩张; RSI超卖11; MA60偏弱(-0.6%/5日); 连跌3日且MA60偏弱; 主力净流出1.0亿,92.6,92.13,90.56,88.99,85.35,-0.005076,-0.02203,-0.038985,-0.078294,0.00216,-0.087041,-0.005836,0.009701,0.002875,-0.023959,0.000761,-0.031731,-0.04186,-0.054335,True,complete
stock,2026-05-07,600309,万华化学,REDUCE,-4,,,,,0,-4.48,MDI/聚氨酯,chemical,core,★★★,,,,跌破60线; MACD死叉; RSI偏低31; 主力净流出9.0亿,84.8,83.6,83.29,81.99,77.49,-0.014151,-0.017807,-0.033137,-0.086203,0.010024,-0.086203,-0.005836,0.009701,0.002875,-0.023959,-0.008315,-0.027508,-0.036012,-0.062244,True,complete
stock,2026-05-07,603993,洛阳钼业,REDUCE,-4,,,,,0,2.42,铜/钴矿,commodity,core,★★★,,,,跌破60线; 红柱扩张; MA60下行趋势(-2.4%/5日); 主力净流出2.0亿,19.86,20.2,20.58,20.05,17.64,0.01712,0.036254,0.009567,-0.111782,0.08006,-0.115307,-0.005836,0.009701,0.002875,-0.023959,0.022956,0.026553,0.006692,-0.087824,True,complete
stock,2026-05-07,300760,迈瑞医疗,REDUCE,-4,,,,,0,5.0,医疗器械,pharma,candidate,★★☆,,,,跌破60线; 红柱扩张; MA60下行趋势(-1.2%/5日); 主力净流出0.9亿,170.5,170.61,166.39,161.24,158.26,0.000645,-0.024106,-0.054311,-0.071789,0.012727,-0.096188,-0.005836,0.009701,0.002875,-0.023959,0.006481,-0.033807,-0.057186,-0.04783,True,complete
stock,2026-05-07,601888,中国中免,REDUCE,-5,,,,,0,-6.07,免税零售,consumer,candidate,★★☆,,,,跌破60线; MACD死叉; RSI超卖23; MA60下行趋势(-2.9%/5日); 主力净流出1.3亿; RSI深度超卖(23<25)，暂缓止损降为减仓,63.05,62.68,61.55,60.8,57.1,-0.005868,-0.023791,-0.035686,-0.09437,0.002062,-0.09548,-0.005836,0.009701,0.002875,-0.023959,-3.2e-05,-0.033492,-0.038561,-0.070411,True,complete
stock,2026-05-08,002475,立讯精密,HOLD,4,,,,,0,5.0,消费电子精密制造,consumer_elec,core,★★★,,,,多头排列; 红柱扩张; RSI偏高72; MA60上行(+2.5%/5日),71.34,76.06,80.15,74.0,,0.066162,0.123493,0.037286,,0.146341,-0.052846,0.016406,0.025951,-0.002529,,0.049756,0.097542,0.039815,,True,pending
stock,2026-05-08,002463,沪电股份,HOLD,4,,,,,0,5.0,高多层PCB,pcb,core,★★★,,,,多头排列; 红柱扩张; RSI偏高76; MA60上行(+3.5%/5日),108.31,108.68,112.58,102.99,,0.003416,0.039424,-0.049118,,0.056781,-0.09242,0.016406,0.025951,-0.002529,,-0.01299,0.013473,-0.046589,,True,pending
stock,2026-05-08,601869,长飞光纤,HOLD,4,,,,,0,4.08,光纤光缆,optics,core,★★★,,,,站20/60线; MACD即将金叉🔔; MA60上行(+7.6%/5日),392.06,400.31,406.96,374.45,,0.021043,0.038004,-0.044917,,0.096771,-0.064786,0.016406,0.025951,-0.002529,,0.004636,0.012054,-0.042388,,True,pending
stock,2026-05-08,600498,烽火通信,HOLD,4,,,,,0,5.0,光通信设备,optics,candidate,★★☆,,,,站20/60线; MACD金叉; MA60上行(+1.9%/5日),57.0,58.61,60.82,54.29,,0.028246,0.067018,-0.047544,,0.105088,-0.063509,0.016406,0.025951,-0.002529,,0.011839,0.041067,-0.045015,,True,pending
stock,2026-05-08,300502,新易盛,HOLD,3,,,,,0,1.49,光模块,optics,core,★★★,,,,站20/60线; MA60上行(+2.7%/5日),551.91,563.7,628.99,610.05,,0.021362,0.13966,0.105343,,0.184432,-0.048305,0.016406,0.025951,-0.002529,,0.004956,0.11371,0.107872,,True,pending
stock,2026-05-08,688195,腾景科技,HOLD,3,,,,,0,5.0,精密光学元件,optics,candidate,★★☆,,,,站20/60线; MACD即将金叉🔔; MA60上行(+4.5%/5日),369.28,375.6,373.66,348.92,,0.017114,0.011861,-0.055134,,0.069378,-0.136184,0.016406,0.025951,-0.002529,,0.000708,-0.01409,-0.052606,,True,pending
stock,2026-05-08,300757,罗博特科,HOLD,3,,,,,0,2.75,光伏/新能源自动化装备,industrial_auto,candidate,★★☆,,,,站20/60线; MACD即将金叉🔔; MA60上行(+2.9%/5日),518.73,512.3,539.67,589.98,,-0.012396,0.040368,0.137355,,0.208066,-0.040349,0.016406,0.025951,-0.002529,,-0.028802,0.014417,0.139883,,True,pending
stock,2026-05-08,601872,招商轮船,HOLD,3,,,,,0,4.99,VLCC油轮/干散货,shipping,candidate,★★☆,,,,站20/60线; MACD即将金叉🔔; MA60上行(+3.7%/5日),19.43,18.37,18.0,17.44,,-0.054555,-0.073598,-0.102419,,-0.022131,-0.155944,0.016406,0.025951,-0.002529,,-0.070961,-0.099548,-0.09989,,True,pending
stock,2026-05-08,688167,炬光科技,HOLD,3,,,,,0,5.0,高功率半导体激光器,optics,watch,★☆☆,,,,多头排列; MACD金叉; MA60上行(+4.1%/5日); 偏离MA20+13%,430.5,478.1,516.7,513.97,,0.110569,0.200232,0.193891,,0.275261,0.036005,0.016406,0.025951,-0.002529,,0.094163,0.174281,0.19642,,False,pending
stock,2026-05-08,603929,亚翔集成,HOLD,3,,,,,0,3.73,半导体洁净室工程,semicon,watch,★☆☆,,,,多头排列; 红柱扩张; MA60上行(+2.4%/5日),200.68,204.55,195.6,189.05,,0.019284,-0.025314,-0.057953,,0.06189,-0.152731,0.016406,0.025951,-0.002529,,0.002878,-0.051265,-0.055424,,True,pending
stock,2026-05-08,688041,海光信息,HOLD,2,,,,,0,5.0,国产CPU/GPU,semicon,core,★★★,,,,多头排列; RSI偏高71; MA60上行(+1.7%/5日); 偏离MA20+18%,321.8,349.18,348.19,303.01,,0.085084,0.082007,-0.05839,,0.114978,-0.093909,0.016406,0.025951,-0.002529,,0.068678,0.056057,-0.055862,,True,pending
stock,2026-05-08,300476,胜宏科技,HOLD,2,,,,,0,5.0,PCB,pcb,candidate,★★☆,,,,多头排列; 红柱扩张; RSI偏高69; MA60上行(+2.2%/5日); 偏离MA20+13%,357.65,378.24,387.4,340.22,,0.05757,0.083182,-0.048735,,0.090452,-0.090116,0.016406,0.025951,-0.002529,,0.041164,0.057231,-0.046206,,True,pending
stock,2026-05-08,688120,华海清科,HOLD,2,,,,,0,3.77,CMP研磨设备,semicon,candidate,★★☆,,,,多头排列,196.25,206.89,250.71,267.51,,0.054217,0.277503,0.363108,,0.594854,0.008764,0.016406,0.025951,-0.002529,,0.03781,0.251552,0.365637,,False,pending
stock,2026-05-08,300666,江丰电子,HOLD,2,,,,,0,4.94,高纯溅射靶材,semicon,candidate,★★☆,,,,站20/60线; MA60上行(+3.2%/5日),173.02,185.0,186.25,189.86,,0.069241,0.076465,0.09733,,0.28436,0.005722,0.016406,0.025951,-0.002529,,0.052834,0.050514,0.099859,,False,pending
stock,2026-05-08,688521,芯原股份,HOLD,2,,,,,0,5.0,半导体IP/芯片设计平台,semicon,candidate,★★☆,,,,站20/60线; MA60上行(+1.6%/5日),260.74,267.4,277.5,252.6,,0.025543,0.064279,-0.031219,,0.164187,-0.048861,0.016406,0.025951,-0.002529,,0.009136,0.038328,-0.02869,,False,pending
stock,2026-05-08,605117,德业股份,HOLD,2,,,,,0,5.0,储能逆变器/户用储能,new_energy,candidate,★★☆,,,,站20/60线; MA60上行(+4.4%/5日),151.18,161.57,158.87,150.33,,0.068726,0.050867,-0.005622,,0.15465,-0.030956,0.016406,0.025951,-0.002529,,0.05232,0.024916,-0.003094,,False,pending
stock,2026-05-08,600988,赤峰黄金,HOLD,2,,,,,0,3.75,黄金矿采选,commodity,candidate,★★☆,,,,站20/60线; MACD即将金叉🔔,44.26,42.04,40.8,37.64,,-0.050158,-0.078174,-0.149571,,-0.016042,-0.221193,0.016406,0.025951,-0.002529,,-0.066564,-0.104125,-0.147042,,True,pending
stock,2026-05-08,600105,永鼎股份,HOLD,2,,,,,0,5.0,光纤光缆/新能源电缆,optics,watch,★☆☆,,,,多头排列; MACD金叉; RSI偏高73; MA60上行(+5.1%/5日); 偏离MA20+18%,49.76,51.4,51.83,51.5,,0.032958,0.0416,0.034968,,0.13324,-0.077974,0.016406,0.025951,-0.002529,,0.016552,0.015649,0.037497,,True,pending
stock,2026-05-08,300308,中际旭创,HOLD,1,,,,,0,5.0,光模块,optics,core,★★★,,,,多头排列; 绿柱扩张; RSI偏高71; MA60上行(+3.2%/5日),883.8,940.13,1049.2,1049.87,,0.063736,0.187146,0.187905,,0.244478,-0.015614,0.016406,0.025951,-0.002529,,0.04733,0.161196,0.190433,,False,pending
stock,2026-05-08,688498,源杰科技,HOLD,1,,,,,0,5.0,光芯片基材,optics,candidate,★★☆,,,,多头排列; RSI偏高70; MA60上行(+6.4%/5日); 偏离MA20+14%,1580.84,1120.601,1178.588,1075.73,,-0.291136,-0.254455,-0.31952,,-0.228743,-0.367374,0.016406,0.025951,-0.002529,,-0.307542,-0.280405,-0.316991,,True,pending
stock,2026-05-08,603986,兆易创新,HOLD,1,,,,,0,5.0,存储芯片,semicon,candidate,★★☆,,,,多头排列; RSI偏高74; MA60上行(+0.6%/5日); 偏离MA20+13%,334.1,362.13,365.0,375.34,,0.083897,0.092487,0.123436,,0.39129,0.015654,0.016406,0.025951,-0.002529,,0.067491,0.066536,0.125965,,False,pending
stock,2026-05-08,603259,药明康德,HOLD,1,,,,,0,1.81,CXO,pharma,watch,★☆☆,,,,站20/60线; MA60上行(+1.1%/5日),106.79,108.72,108.92,103.13,,0.018073,0.019946,-0.034273,,0.05965,-0.052346,0.016406,0.025951,-0.002529,,0.001667,-0.006005,-0.031744,,True,pending
stock,2026-05-08,601138,工业富联,HOLD,1,,,,,0,1.89,AI服务器/精密制造,consumer_elec,candidate,★★☆,,,,站20/60线; 绿柱扩张; MA60上行(+0.7%/5日),63.12,65.85,70.84,67.62,,0.043251,0.122307,0.071293,,0.17237,-0.001901,0.016406,0.025951,-0.002529,,0.026845,0.096356,0.073822,,False,pending
stock,2026-05-08,688981,中芯国际,HOLD,1,,,,,0,5.0,半导体代工,semicon,core,★★★,,,,多头排列; RSI偏高71; MA60偏弱(-0.3%/5日),120.21,122.52,121.86,119.02,,0.019216,0.013726,-0.009899,,0.144913,-0.06264,0.016406,0.025951,-0.002529,,0.00281,-0.012225,-0.007371,,True,pending
stock,2026-05-08,000338,潍柴动力,HOLD,1,,,,,0,4.99,重型发动机/氢燃料,machinery,candidate,★★☆,,,,多头排列; RSI偏高76; MA60上行(+2.9%/5日); 偏离MA20+15%,33.04,33.53,34.34,34.77,,0.014831,0.039346,0.052361,,0.078692,-0.048123,0.016406,0.025951,-0.002529,,-0.001576,0.013395,0.05489,,False,pending
stock,2026-05-08,600030,中信证券,HOLD,1,,,,,0,1.86,综合券商,finance,candidate,★★☆,,,,站20/60线,26.89,27.33,27.15,26.35,,0.016363,0.009669,-0.020082,,0.021941,-0.03756,0.016406,0.025951,-0.002529,,-4.3e-05,-0.016282,-0.017553,,True,pending
stock,2026-05-08,600522,中天科技,HOLD,1,,,,,0,5.01,海缆/光纤/电力电缆,optics,core,★★★,,,,多头排列; 红柱扩张; RSI超买80; MA60上行(+4.5%/5日); 严重偏离MA20+25%,40.72,43.86,43.6,40.99,,0.077112,0.070727,0.006631,,0.164047,-0.01498,0.016406,0.025951,-0.002529,,0.060706,0.044776,0.009159,,False,pending
stock,2026-05-08,688048,长光华芯,HOLD,1,,,,,0,5.0,半导体激光芯片,optics,candidate,★★☆,,,,多头排列; 红柱扩张; RSI偏高78; MA60上行(+10.4%/5日); 严重偏离MA20+34%,442.01,433.3,436.9,418.31,,-0.019705,-0.011561,-0.053619,,0.048325,-0.196851,0.016406,0.025951,-0.002529,,-0.036112,-0.037512,-0.05109,,True,pending
stock,2026-05-08,600487,亨通光电,HOLD,1,,,,,0,5.0,光纤光缆/海底电缆,optics,core,★★★,,,,多头排列; 红柱扩张; RSI超买82; MA60上行(+6.7%/5日); 严重偏离MA20+22%,77.2,74.99,75.43,69.8,,-0.028627,-0.022927,-0.095855,,0.034974,-0.138342,0.016406,0.025951,-0.002529,,-0.045033,-0.048878,-0.093326,,True,pending
stock,2026-05-08,688331,荣昌生物,HOLD,1,,,,,0,-11.52,ADC创新药,pharma,candidate,★★☆,,,,跌破20线; 绿柱扩张; RSI超卖20; MA60上行(+1.9%/5日),124.0,124.63,119.05,114.66,,0.005081,-0.039919,-0.075323,,0.038548,-0.107258,0.016406,0.025951,-0.002529,,-0.011326,-0.06587,-0.072794,,True,pending
stock,2026-05-08,300394,天孚通信,HOLD,0,,,,,0,-4.64,光通信器件,optics,core,★★☆,,,,跌破20线; MA60上行(+2.6%/5日),325.01,331.92,378.19,399.99,,0.021261,0.163626,0.230701,,0.274053,-0.021261,0.016406,0.025951,-0.002529,,0.004855,0.137675,0.233229,,True,pending
stock,2026-05-08,002384,东山精密,HOLD,0,,,,,0,5.0,PCB/光模块封装,optics,candidate,★★☆,,,,多头排列; 红柱扩张; RSI超买88; MA60上行(+9.2%/5日); 严重偏离MA20+24%,210.5,218.3,220.75,203.35,,0.037055,0.048694,-0.033967,,0.092637,-0.068314,0.016406,0.025951,-0.002529,,0.020648,0.022743,-0.031438,,True,pending
stock,2026-05-08,688012,中微公司,HOLD,0,,,,,0,5.0,半导体设备,semicon,core,★★★,,,,站20/60线; RSI偏高70,368.5,383.64,405.6,432.9,,0.041085,0.100678,0.174763,,0.4473,0.004016,0.016406,0.025951,-0.002529,,0.024679,0.074728,0.177291,,False,pending
stock,2026-05-08,300750,宁德时代,HOLD,0,,,,,0,1.35,动力电池,battery,core,★★★,,,,站20/60线; MACD死叉; MA60上行(+2.4%/5日),436.25,446.11,434.05,423.6,,0.022602,-0.005043,-0.028997,,0.032688,-0.067507,0.016406,0.025951,-0.002529,,0.006195,-0.030994,-0.026468,,True,pending
stock,2026-05-08,000333,美的集团,HOLD,0,,,,,0,1.81,家电/工业机器人,consumer,core,★★★,,,,站20/60线; RSI偏高70,80.29,80.67,80.38,82.57,,0.004733,0.001121,0.028397,,0.039233,-0.008843,0.016406,0.025951,-0.002529,,-0.011673,-0.02483,0.030926,,False,pending
stock,2026-05-08,600183,生益科技,HOLD,0,,,,,0,5.0,PCB基板/覆铜板,pcb,core,★★★,,,,多头排列; RSI超买80; MA60上行(+1.1%/5日); 偏离MA20+14%,81.86,83.66,94.18,89.95,,0.021989,0.150501,0.098827,,0.313218,-0.010506,0.016406,0.025951,-0.002529,,0.005582,0.12455,0.101356,,False,pending
stock,2026-05-08,603288,海天味业,HOLD,0,,,,,0,-4.77,调味品,food_bev,watch,★☆☆,,,,跌破60线; 绿柱扩张; RSI超卖23; MA60上行(+0.8%/5日),38.18,38.15,37.74,36.81,,-0.000786,-0.011524,-0.035883,,0.007072,-0.075694,0.016406,0.025951,-0.002529,,-0.017192,-0.037475,-0.033354,,True,pending
stock,2026-05-08,002008,大族激光,HOLD,0,,,,,0,5.0,工业激光设备,industrial_auto,candidate,★★☆,,,,多头排列; 红柱扩张; RSI超买90; MA60上行(+7.1%/5日); 严重偏离MA20+30%,121.6,134.07,147.93,143.1,,0.102549,0.21653,0.176809,,0.285362,0.022204,0.016406,0.025951,-0.002529,,0.086143,0.190579,0.179338,,False,pending
stock,2026-05-08,688409,富创精密,HOLD,0,,,,,0,5.0,半导体精密零部件,semicon,watch,★☆☆,,,,站20/60线; RSI偏高70; MA60上行(+2.2%/5日); 偏离MA20+13%,121.5,122.9,133.57,162.27,,0.011523,0.099342,0.335556,,0.54963,-0.045267,0.016406,0.025951,-0.002529,,-0.004884,0.073391,0.338084,,False,pending
stock,2026-05-08,301200,大族数控,HOLD,0,,,,,0,-0.81,激光/数控切割设备,industrial_auto,watch,★☆☆,,,,跌破20线; MA60上行(+1.0%/5日),188.15,201.31,233.37,221.35,,0.069944,0.24034,0.176455,,0.428647,-0.00287,0.016406,0.025951,-0.002529,,0.053538,0.214389,0.178984,,True,pending
stock,2026-05-08,600893,航发动力,HOLD,0,,,,,0,1.9,航空发动机,defense,candidate,★★☆,,,,跌破60线; MACD金叉,50.11,50.5,51.38,47.12,,0.007783,0.025344,-0.059669,,0.057673,-0.092796,0.016406,0.025951,-0.002529,,-0.008623,-0.000607,-0.05714,,True,pending
stock,2026-05-08,688256,寒武纪,HOLD,-1,,,,,0,5.0,AI推理芯片,semicon,candidate,★☆☆,,,,多头排列; RSI超买80; 放量1.8x; MA60上行(+3.1%/5日); 严重偏离MA20+26%,1182.08,1200.0,1316.88,1209.0,,0.01516,0.114036,0.022773,,0.180969,-0.020345,0.016406,0.025951,-0.002529,,-0.001247,0.088085,0.025302,,False,pending
stock,2026-05-08,600519,贵州茅台,HOLD,-1,,,,,0,-3.69,高端白酒,consumer,core,★★★,,,,跌破60线; RSI偏低27,1370.88,1361.33,1344.09,1332.95,,-0.006966,-0.019542,-0.027668,,0.001466,-0.04368,0.016406,0.025951,-0.002529,,-0.023373,-0.045493,-0.02514,,True,pending
stock,2026-05-08,600887,伊利股份,HOLD,-1,,,,,0,5.01,乳制品/食品,consumer,candidate,★★☆,,,,红柱扩张; RSI超买80,27.52,28.06,27.9,27.61,,0.019622,0.013808,0.00327,,0.031977,-0.029797,0.016406,0.025951,-0.002529,,0.003216,-0.012143,0.005799,,False,pending
stock,2026-05-08,000651,格力电器,HOLD,-1,,,,,0,4.81,家电,consumer,candidate,★★☆,,,,RSI偏高77,39.9,40.46,40.3,40.28,,0.014035,0.010025,0.009524,,0.02381,-0.027068,0.016406,0.025951,-0.002529,,-0.002371,-0.015926,0.012053,,False,pending
stock,2026-05-08,002594,比亚迪,HOLD,-1,,,,,0,-2.08,电动车/刀片电池,new_energy,core,★★★,,,,跌破20线; 绿柱扩张; MA60上行(+0.8%/5日),99.98,100.44,98.6,96.3,,0.004601,-0.013803,-0.036807,,0.007502,-0.066813,0.016406,0.025951,-0.002529,,-0.011805,-0.039754,-0.034279,,True,pending
stock,2026-05-08,002714,牧原股份,HOLD,-1,,,,,0,-2.16,生猪养殖,agriculture,candidate,★★☆,,,,跌破60线; RSI偏低35,43.48,44.32,42.38,42.5,,0.019319,-0.025299,-0.022539,,0.037259,-0.093836,0.016406,0.025951,-0.002529,,0.002913,-0.05125,-0.02001,,True,pending
stock,2026-05-08,688548,广钢气体,HOLD,-1,,,,,0,0.58,半导体特种气体,semicon,watch,★☆☆,,,,站20/60线; MACD死叉; MA60上行(+2.9%/5日); 连跌5日,27.68,28.55,29.41,31.77,,0.031431,0.0625,0.14776,,0.304191,-0.011199,0.016406,0.025951,-0.002529,,0.015024,0.036549,0.150289,,True,pending
stock,2026-05-08,603256,宏和科技,HOLD,-1,,,,,0,5.0,高端电子玻纤布,pcb,watch,★☆☆,,,,多头排列; 红柱扩张; RSI超买90; MA60上行(+9.2%/5日); 严重偏离MA20+39%,148.73,149.98,146.22,134.1,,0.008404,-0.016876,-0.098366,,0.048813,-0.14012,0.016406,0.025951,-0.002529,,-0.008002,-0.042827,-0.095837,,True,pending
stock,2026-05-08,600879,航天电子,HOLD,-1,,,,,0,4.99,军工电子/惯导,defense,candidate,★★☆,,,,红柱扩张; 放量1.6x; MA60下行趋势(-0.9%/5日); 偏离MA20+13%,26.67,26.78,25.93,23.13,,0.004124,-0.027747,-0.132733,,0.025497,-0.16198,0.016406,0.025951,-0.002529,,-0.012282,-0.053697,-0.130205,,True,pending
stock,2026-05-08,600276,恒瑞医药,HOLD,-2,,,,,0,-5.62,创新药,pharma,watch,★☆☆,,,,跌破60线; 绿柱扩张; RSI超卖16; MA60偏弱(-0.6%/5日),52.71,53.52,55.86,53.99,,0.015367,0.059761,0.024284,,0.116866,-0.044204,0.016406,0.025951,-0.002529,,-0.001039,0.03381,0.026813,,True,pending
stock,2026-05-08,000858,五粮液,HOLD,-2,,,,,0,-8.68,高端白酒,consumer,candidate,★★☆,,,,跌破60线; 绿柱扩张; RSI超卖7; MA60偏弱(-0.8%/5日),92.09,91.81,89.15,86.87,,-0.003041,-0.031925,-0.056684,,0.002172,-0.081985,0.016406,0.025951,-0.002529,,-0.019447,-0.057876,-0.054155,,True,pending
stock,2026-05-08,600309,万华化学,HOLD,-2,,,,,0,-5.83,MDI/聚氨酯,chemical,core,★★★,,,,跌破60线; 绿柱扩张; RSI偏低32,83.6,83.51,83.33,81.81,,-0.001077,-0.00323,-0.021411,,0.024522,-0.073086,0.016406,0.025951,-0.002529,,-0.017483,-0.02918,-0.018883,,True,pending
stock,2026-05-08,603799,华友钴业,HOLD,-2,,,,,0,1.97,钴/三元前驱体,battery_materials,candidate,★★☆,,,,MA60下行趋势(-1.3%/5日),66.01,64.34,62.3,58.15,,-0.025299,-0.056204,-0.119073,,0.004393,-0.158915,0.016406,0.025951,-0.002529,,-0.041705,-0.082154,-0.116544,,True,pending
stock,2026-05-08,300274,阳光电源,REDUCE,-3,,,,,0,3.78,逆变器,new_energy,core,★★★,,,,跌破60线; 红柱扩张; MA60下行趋势(-0.8%/5日),139.73,143.355,142.65,152.95,,0.025943,0.020897,0.094611,,0.238102,-0.062335,0.016406,0.025951,-0.002529,,0.009537,-0.005053,0.09714,,True,pending
stock,2026-05-08,601899,紫金矿业,REDUCE,-3,,,,,0,1.12,铜金矿,commodity,watch,★☆☆,,,,跌破60线; 红柱扩张; MA60下行趋势(-1.6%/5日),34.78,34.27,34.66,31.84,,-0.014664,-0.00345,-0.084531,,0.015814,-0.139735,0.016406,0.025951,-0.002529,,-0.03107,-0.029401,-0.082003,,True,pending
stock,2026-05-08,600031,三一重工,REDUCE,-3,,,,,0,0.93,工程机械,machinery,watch,★★☆,,,,跌破60线; MA60偏弱(-0.7%/5日),20.5,21.84,21.39,20.46,,0.065366,0.043415,-0.001951,,0.096585,-0.076098,0.016406,0.025951,-0.002529,,0.04896,0.017464,0.000578,,True,pending
stock,2026-05-08,601888,中国中免,REDUCE,-3,,,,,0,-6.29,免税零售,consumer,candidate,★★☆,,,,跌破60线; 绿柱扩张; RSI超卖24; MA60下行趋势(-2.9%/5日),62.68,62.69,61.38,59.0,,0.00016,-0.02074,-0.058711,,0.006701,-0.09014,0.016406,0.025951,-0.002529,,-0.016247,-0.046691,-0.056182,,True,pending
stock,2026-05-08,603993,洛阳钼业,REDUCE,-3,,,,,0,3.37,铜/钴矿,commodity,core,★★★,,,,跌破60线; 红柱扩张; MA60下行趋势(-2.4%/5日),20.18,20.01,20.99,18.88,,-0.008424,0.040139,-0.06442,,0.062934,-0.129336,0.016406,0.025951,-0.002529,,-0.02483,0.014188,-0.061891,,True,pending
stock,2026-05-08,601088,中国神华,REDUCE,-3,,,,,0,-2.86,煤炭/电力,commodity,watch,★★☆,,,,跌破60线; MACD死叉; MA60上行(+1.0%/5日),45.18,45.17,44.8,45.7,,-0.000221,-0.008411,0.01151,,0.039619,-0.014387,0.016406,0.025951,-0.002529,,-0.016628,-0.034362,0.014038,,True,pending
stock,2026-05-08,601012,隆基绿能,REDUCE,-3,,,,,0,-5.08,光伏组件,new_energy,watch,★☆☆,,,,跌破60线; 绿柱扩张; RSI超卖23; MA60下行趋势(-1.0%/5日),16.33,16.61,16.78,15.6,,0.017146,0.027557,-0.044703,,0.043478,-0.097367,0.016406,0.025951,-0.002529,,0.00074,0.001606,-0.042174,,True,pending
stock,2026-05-08,002028,思源电气,REDUCE,-3,,,,,0,-5.52,特高压/变电设备,power_equip,core,★★★,,,,跌破60线; 绿柱扩张,197.7,196.16,207.2,190.0,,-0.00779,0.048053,-0.038948,,0.068083,-0.053617,0.016406,0.025951,-0.002529,,-0.024196,0.022102,-0.036419,,True,pending
stock,2026-05-08,601318,中国平安,REDUCE,-3,,,,,0,2.35,保险/金融科技,finance,candidate,★★☆,,,,跌破60线; 红柱扩张; MA60下行趋势(-0.8%/5日),60.04,60.1,58.04,55.5,,0.000999,-0.033311,-0.075616,,0.008494,-0.105929,0.016406,0.025951,-0.002529,,-0.015407,-0.059262,-0.073087,,True,pending
stock,2026-05-08,600426,华鲁恒升,REDUCE,-4,,,,,0,-4.5,煤化工/化肥,chemical,candidate,★★☆,,,,跌破60线; MACD死叉,35.53,34.82,34.5,34.31,,-0.019983,-0.02899,-0.034337,,0.024205,-0.117647,0.016406,0.025951,-0.002529,,-0.036389,-0.05494,-0.031808,,True,pending
stock,2026-05-08,000568,泸州老窖,REDUCE,-4,,,,,0,-3.91,高端白酒,food_bev,candidate,★★☆,,,,跌破60线; 绿柱扩张; RSI偏低31; MA60下行趋势(-1.2%/5日),97.52,96.91,92.7,91.0,,-0.006255,-0.049426,-0.066858,,0.008306,-0.07824,0.016406,0.025951,-0.002529,,-0.022661,-0.075377,-0.064329,,True,pending
stock,2026-05-08,688777,中控技术,REDUCE,-4,,,,,0,5.0,工业自动化DCS,industrial_auto,candidate,★★☆,,,,RSI超买80; MA60偏弱(-0.4%/5日); 偏离MA20+14%,81.8,82.0,78.8,79.06,,0.002445,-0.036675,-0.033496,,0.117237,-0.08802,0.016406,0.025951,-0.002529,,-0.013961,-0.062626,-0.030968,,True,pending
stock,2026-05-08,002865,钧达股份,REDUCE,-4,,,,,0,5.0,TOPCon光伏电池片,new_energy,watch,★☆☆,,,,红柱扩张; RSI超买78; 放量1.6x; MA60下行趋势(-1.8%/5日); 严重偏离MA20+25%,96.53,106.18,101.5,97.21,,0.099969,0.051487,0.007044,,0.146069,-0.05677,0.016406,0.025951,-0.002529,,0.083563,0.025536,0.009573,,True,pending
stock,2026-05-08,300760,迈瑞医疗,SELL_STOP,-5,,,,,0,4.95,医疗器械,pharma,candidate,★★☆,,,,跌破60线; RSI偏高68; MA60下行趋势(-1.0%/5日),170.52,169.21,165.94,160.37,,-0.007682,-0.026859,-0.059524,,0.002228,-0.096294,0.016406,0.025951,-0.002529,,-0.024089,-0.05281,-0.056995,,True,pending
stock,2026-05-08,600438,通威股份,SELL_STOP,-6,,,,,0,-1.39,光伏电池/硅料,new_energy,candidate,★★☆,,,,跌破60线; MACD死叉; MA60下行趋势(-1.4%/5日),17.22,17.22,17.21,16.25,,0.0,-0.000581,-0.05633,,0.036005,-0.095819,0.016406,0.025951,-0.002529,,-0.016406,-0.026532,-0.053801,,True,pending
stock,2026-05-11,601869,长飞光纤,BUY_STRONG,5,,,,,8,5.0,光纤光缆,optics,core,★★★,,,,多头排列; MACD即将金叉🔔; MA60上行(+7.5%/5日),398.91,411.46,404.7,399.48,,0.031461,0.014515,0.001429,,0.077937,-0.080845,-0.000765,-0.00752,-0.023894,,0.032226,0.022035,0.025323,,True,pending
stock,2026-05-11,600498,烽火通信,HOLD,4,,,,,0,4.99,光通信设备,optics,candidate,★★☆,,,,多头排列; 红柱扩张; MA60上行(+2.2%/5日),58.06,59.01,59.17,56.17,,0.016362,0.019118,-0.032553,,0.084912,-0.080606,-0.000765,-0.00752,-0.023894,,0.017128,0.026639,-0.008658,,True,pending
stock,2026-05-11,688195,腾景科技,HOLD,4,,,,,0,5.0,精密光学元件,optics,candidate,★★☆,,,,多头排列; MACD即将金叉🔔; MA60上行(+4.8%/5日),372.03,366.01,367.0,349.09,,-0.016181,-0.01352,-0.061662,,0.061474,-0.142569,-0.000765,-0.00752,-0.023894,,-0.015416,-0.006,-0.037768,,True,pending
stock,2026-05-11,300308,中际旭创,HOLD,3,,,,,0,5.0,光模块,optics,core,★★★,,,,多头排列; MACD即将金叉🔔; RSI偏高73; MA60上行(+3.5%/5日); 偏离MA20+12%,934.82,1017.99,1078.0,1045.0,,0.088969,0.153163,0.117862,,0.176558,0.026936,-0.000765,-0.00752,-0.023894,,0.089734,0.160684,0.141756,,False,pending
stock,2026-05-11,300502,新易盛,HOLD,3,,,,,0,2.83,光模块,optics,core,★★★,,,,站20/60线; MA60上行(+2.5%/5日),562.66,592.52,617.9,599.92,,0.053069,0.098177,0.066221,,0.161803,-0.004177,-0.000765,-0.00752,-0.023894,,0.053835,0.105697,0.090115,,False,pending
stock,2026-05-11,300750,宁德时代,HOLD,3,,,,,0,3.05,动力电池,battery,core,★★★,,,,多头排列; 绿柱扩张; MA60上行(+2.4%/5日),447.15,431.25,427.0,417.23,,-0.035559,-0.045063,-0.066913,,0.00738,-0.090238,-0.000765,-0.00752,-0.023894,,-0.034793,-0.037543,-0.043019,,True,pending
stock,2026-05-11,002475,立讯精密,HOLD,3,,,,,0,5.0,消费电子精密制造,consumer_elec,core,★★★,,,,多头排列; 红柱扩张; RSI偏高75; MA60上行(+2.8%/5日); 偏离MA20+17%,76.17,77.19,75.4,72.9,,0.013391,-0.010109,-0.04293,,0.073651,-0.112905,-0.000765,-0.00752,-0.023894,,0.014156,-0.002589,-0.019036,,True,pending
stock,2026-05-11,601138,工业富联,HOLD,3,,,,,0,4.68,AI服务器/精密制造,consumer_elec,candidate,★★☆,,,,多头排列; MA60上行(+0.8%/5日),65.44,64.4,68.6,68.98,,-0.015892,0.048289,0.054095,,0.130807,-0.033771,-0.000765,-0.00752,-0.023894,,-0.015127,0.055809,0.07799,,False,pending
stock,2026-05-11,002463,沪电股份,HOLD,3,,,,,0,5.0,高多层PCB,pcb,core,★★★,,,,多头排列; RSI偏高75; MA60上行(+3.7%/5日),108.51,108.68,107.02,104.26,,0.001567,-0.013731,-0.039167,,0.054834,-0.094093,-0.000765,-0.00752,-0.023894,,0.002332,-0.006211,-0.015273,,True,pending
stock,2026-05-11,688120,华海清科,HOLD,3,,,,,0,5.0,CMP研磨设备,semicon,candidate,★★☆,,,,多头排列; 红柱扩张,206.14,235.14,250.5,273.0,,0.140681,0.215194,0.324343,,0.518337,-0.014602,-0.000765,-0.00752,-0.023894,,0.141446,0.222714,0.348237,,False,pending
stock,2026-05-11,605117,德业股份,HOLD,3,,,,,0,5.0,储能逆变器/户用储能,new_energy,candidate,★★☆,,,,多头排列; 红柱扩张; RSI偏高68; MA60上行(+4.7%/5日),160.46,158.82,151.18,159.29,,-0.010221,-0.057834,-0.007292,,0.087872,-0.087,-0.000765,-0.00752,-0.023894,,-0.009455,-0.050313,0.016603,,True,pending
stock,2026-05-11,603929,亚翔集成,HOLD,3,,,,,0,5.0,半导体洁净室工程,semicon,watch,★☆☆,,,,多头排列; 红柱扩张; MA60上行(+2.4%/5日),204.93,193.25,186.55,183.26,,-0.056995,-0.089689,-0.105743,,0.006929,-0.170302,-0.000765,-0.00752,-0.023894,,-0.05623,-0.082169,-0.081849,,True,pending
stock,2026-05-11,301200,大族数控,HOLD,3,,,,,0,5.0,激光/数控切割设备,industrial_auto,watch,★☆☆,,,,站20/60线; MACD即将金叉🔔; 放量1.6x; MA60上行(+1.4%/5日),201.55,209.6,217.79,215.95,,0.03994,0.080576,0.071446,,0.333664,-0.047383,-0.000765,-0.00752,-0.023894,,0.040706,0.088096,0.09534,,False,pending
stock,2026-05-11,688012,中微公司,HOLD,2,,,,,0,5.0,半导体设备,semicon,core,★★★,,,,多头排列; RSI偏高75; MA60上行(+0.7%/5日); 偏离MA20+13%,382.46,388.45,387.17,438.75,,0.015662,0.012315,0.147179,,0.394473,-0.032631,-0.000765,-0.00752,-0.023894,,0.016427,0.019835,0.171073,,False,pending
stock,2026-05-11,603986,兆易创新,HOLD,2,,,,,0,5.0,存储芯片,semicon,candidate,★★☆,,,,多头排列; 红柱扩张; RSI偏高77; MA60上行(+1.0%/5日); 偏离MA20+20%,361.81,353.55,356.19,400.0,,-0.02283,-0.015533,0.105553,,0.284735,-0.062132,-0.000765,-0.00752,-0.023894,,-0.022064,-0.008013,0.129447,,True,pending
stock,2026-05-11,000333,美的集团,HOLD,2,,,,,0,2.0,家电/工业机器人,consumer,core,★★★,,,,多头排列; RSI偏高70,80.65,80.09,81.81,82.83,,-0.006944,0.014383,0.02703,,0.034594,-0.012647,-0.000765,-0.00752,-0.023894,,-0.006178,0.021904,0.050925,,False,pending
stock,2026-05-11,688041,海光信息,HOLD,2,,,,,0,5.0,国产CPU/GPU,semicon,core,★★★,,,,多头排列; 红柱扩张; RSI偏高75; MA60上行(+2.3%/5日); 严重偏离MA20+25%,347.5,349.19,325.2,303.63,,0.004863,-0.064173,-0.126245,,0.032518,-0.160921,-0.000765,-0.00752,-0.023894,,0.005629,-0.056652,-0.10235,,True,pending
stock,2026-05-11,688981,中芯国际,HOLD,2,,,,,0,5.0,半导体代工,semicon,core,★★★,,,,多头排列; RSI偏高72,122.37,121.98,117.9,117.62,,-0.003187,-0.036529,-0.038817,,0.124704,-0.079186,-0.000765,-0.00752,-0.023894,,-0.002422,-0.029008,-0.014923,,True,pending
stock,2026-05-11,300476,胜宏科技,HOLD,2,,,,,0,5.0,PCB,pcb,candidate,★★☆,,,,多头排列; 红柱扩张; RSI偏高71; MA60上行(+2.5%/5日); 偏离MA20+17%,377.38,375.43,354.83,346.2,,-0.005167,-0.059754,-0.082622,,0.033441,-0.137686,-0.000765,-0.00752,-0.023894,,-0.004402,-0.052234,-0.058728,,True,pending
stock,2026-05-11,600030,中信证券,HOLD,2,,,,,0,2.89,综合券商,finance,candidate,★★☆,,,,多头排列,27.32,27.22,26.66,26.16,,-0.00366,-0.024158,-0.04246,,0.005124,-0.052709,-0.000765,-0.00752,-0.023894,,-0.002895,-0.016638,-0.018566,,True,pending
stock,2026-05-11,600522,中天科技,HOLD,2,,,,,0,5.0,海缆/光纤/电力电缆,optics,core,★★★,,,,多头排列; 红柱扩张; RSI超买82; 放量1.6x; MA60上行(+5.0%/5日); 严重偏离MA20+32%,43.8,44.08,44.1,43.95,,0.006393,0.006849,0.003425,,0.082192,-0.084247,-0.000765,-0.00752,-0.023894,,0.007158,0.01437,0.027319,,True,pending
stock,2026-05-11,300666,江丰电子,HOLD,2,,,,,0,5.0,高纯溅射靶材,semicon,candidate,★★☆,,,,多头排列; RSI偏高69; MA60上行(+3.3%/5日),184.2,181.77,180.0,201.26,,-0.013192,-0.022801,0.092617,,0.206406,-0.054886,-0.000765,-0.00752,-0.023894,,-0.012427,-0.015281,0.116511,,True,pending
stock,2026-05-11,300757,罗博特科,HOLD,2,,,,,0,0.96,光伏/新能源自动化装备,industrial_auto,candidate,★★☆,,,,站20/60线; MA60上行(+2.9%/5日),511.18,510.09,589.0,582.0,,-0.002132,0.152236,0.138542,,0.225909,-0.026175,-0.000765,-0.00752,-0.023894,,-0.001367,0.159756,0.162436,,True,pending
stock,2026-05-11,600487,亨通光电,HOLD,2,,,,,0,5.0,光纤光缆/海底电缆,optics,core,★★★,,,,多头排列; RSI偏高77; MA60上行(+6.8%/5日); 偏离MA20+17%,74.67,75.1,74.0,71.8,,0.005759,-0.008973,-0.038436,,0.051292,-0.109147,-0.000765,-0.00752,-0.023894,,0.006524,-0.001452,-0.014542,,True,pending
stock,2026-05-11,688521,芯原股份,HOLD,2,,,,,0,5.0,半导体IP/芯片设计平台,semicon,candidate,★★☆,,,,站20/60线; MA60上行(+2.0%/5日),266.34,271.99,265.91,259.5,,0.021213,-0.001614,-0.025681,,0.139709,-0.068859,-0.000765,-0.00752,-0.023894,,0.021979,0.005906,-0.001787,,True,pending
stock,2026-05-11,688331,荣昌生物,HOLD,2,,,,,0,-10.58,ADC创新药,pharma,candidate,★★☆,,,,跌破20线; RSI超卖12; MA60上行(+1.8%/5日),124.27,121.57,115.8,111.98,,-0.021727,-0.068158,-0.098898,,0.036292,-0.109198,-0.000765,-0.00752,-0.023894,,-0.020962,-0.060638,-0.075003,,True,pending
stock,2026-05-11,300394,天孚通信,HOLD,1,,,,,0,-2.78,光通信器件,optics,core,★★☆,,,,跌破20线; MACD即将金叉🔔; MA60上行(+2.5%/5日),330.66,342.45,392.0,384.95,,0.035656,0.185508,0.164187,,0.252283,0.016089,-0.000765,-0.00752,-0.023894,,0.036421,0.193028,0.188081,,True,pending
stock,2026-05-11,688498,源杰科技,HOLD,1,,,,,0,5.0,光芯片基材,optics,candidate,★★☆,,,,多头排列; RSI偏高71; MA60上行(+6.3%/5日); 偏离MA20+15%,1623.54,1194.466,1128.195,1058.08,,-0.264283,-0.305102,-0.348288,,-0.249027,-0.384013,-0.000765,-0.00752,-0.023894,,-0.263518,-0.297581,-0.324394,,True,pending
stock,2026-05-11,600031,三一重工,HOLD,1,,,,,0,4.99,工程机械,machinery,watch,★★☆,,,,红柱扩张; 放量2.6x; MA60偏弱(-0.5%/5日),21.84,21.36,20.61,19.39,,-0.021978,-0.056319,-0.112179,,-0.002289,-0.132784,-0.000765,-0.00752,-0.023894,,-0.021213,-0.048798,-0.088285,,True,pending
stock,2026-05-11,603259,药明康德,HOLD,1,,,,,0,3.09,CXO,pharma,watch,★☆☆,,,,站20/60线; MA60上行(+1.1%/5日),108.44,110.33,103.01,102.05,,0.017429,-0.050074,-0.058927,,0.043526,-0.066765,-0.000765,-0.00752,-0.023894,,0.018194,-0.042553,-0.035032,,True,pending
stock,2026-05-11,000338,潍柴动力,HOLD,1,,,,,0,5.01,重型发动机/氢燃料,machinery,candidate,★★☆,,,,多头排列; RSI偏高75; MA60上行(+3.2%/5日); 偏离MA20+15%,33.54,32.7,34.2,33.3,,-0.025045,0.019678,-0.007156,,0.062612,-0.062314,-0.000765,-0.00752,-0.023894,,-0.024279,0.027198,0.016739,,True,pending
stock,2026-05-11,603288,海天味业,HOLD,1,,,,,0,-4.57,调味品,food_bev,watch,★☆☆,,,,跌破60线; RSI超卖23; MA60上行(+0.7%/5日),38.1,37.84,37.35,36.38,,-0.006824,-0.019685,-0.045144,,0.009186,-0.073753,-0.000765,-0.00752,-0.023894,,-0.006059,-0.012165,-0.02125,,True,pending
stock,2026-05-11,688048,长光华芯,HOLD,1,,,,,0,5.0,半导体激光芯片,optics,candidate,★★☆,,,,多头排列; 红柱扩张; RSI偏高76; MA60上行(+10.8%/5日); 严重偏离MA20+28%,434.5,431.49,448.1,408.02,,-0.006928,0.0313,-0.060944,,0.066444,-0.182969,-0.000765,-0.00752,-0.023894,,-0.006162,0.038821,-0.037049,,True,pending
stock,2026-05-11,601872,招商轮船,HOLD,1,,,,,0,0.38,VLCC油轮/干散货,shipping,candidate,★★☆,,,,站20/60线; 绿柱扩张; MA60上行(+3.8%/5日),18.36,17.79,18.0,17.05,,-0.031046,-0.019608,-0.071351,,0.028867,-0.106754,-0.000765,-0.00752,-0.023894,,-0.03028,-0.012087,-0.047457,,True,pending
stock,2026-05-11,600988,赤峰黄金,HOLD,1,,,,,0,-0.86,黄金矿采选,commodity,candidate,★★☆,,,,跌破20线; MACD金叉; 放量1.5x; MA60偏弱(-0.5%/5日),41.97,40.95,39.68,36.66,,-0.024303,-0.054563,-0.126519,,0.030498,-0.178699,-0.000765,-0.00752,-0.023894,,-0.023538,-0.047042,-0.102625,,True,pending
stock,2026-05-11,688167,炬光科技,HOLD,1,,,,,0,5.0,高功率半导体激光器,optics,watch,★☆☆,,,,多头排列; 红柱扩张; MA60上行(+4.4%/5日); 严重偏离MA20+25%,480.72,475.0,503.98,495.88,,-0.011899,0.048386,0.031536,,0.142037,-0.072225,-0.000765,-0.00752,-0.023894,,-0.011133,0.055906,0.05543,,True,pending
stock,2026-05-11,600105,永鼎股份,HOLD,1,,,,,0,5.0,光纤光缆/新能源电缆,optics,watch,★☆☆,,,,多头排列; 红柱扩张; RSI偏高73; MA60上行(+5.5%/5日); 偏离MA20+19%,51.38,52.32,53.99,51.55,,0.018295,0.050798,0.003309,,0.097509,-0.107046,-0.000765,-0.00752,-0.023894,,0.01906,0.058318,0.027203,,True,pending
stock,2026-05-11,688409,富创精密,HOLD,1,,,,,0,5.0,半导体精密零部件,semicon,watch,★☆☆,,,,站20/60线; RSI偏高69; MA60上行(+2.1%/5日),120.29,130.51,142.03,169.85,,0.084961,0.18073,0.412004,,0.565217,-0.010308,-0.000765,-0.00752,-0.023894,,0.085727,0.18825,0.435898,,False,pending
stock,2026-05-11,002384,东山精密,HOLD,0,,,,,0,5.0,PCB/光模块封装,optics,candidate,★★☆,,,,多头排列; 红柱扩张; RSI超买90; MA60上行(+9.5%/5日); 严重偏离MA20+25%,218.51,219.46,214.89,211.25,,0.004348,-0.016567,-0.033225,,0.052583,-0.102467,-0.000765,-0.00752,-0.023894,,0.005113,-0.009046,-0.009331,,True,pending
stock,2026-05-11,000651,格力电器,HOLD,0,,,,,0,5.0,家电,consumer,candidate,★★☆,,,,多头排列; RSI超买81,40.42,40.34,40.22,39.71,,-0.001979,-0.004948,-0.017566,,0.010638,-0.039584,-0.000765,-0.00752,-0.023894,,-0.001214,0.002572,0.006329,,False,pending
stock,2026-05-11,600183,生益科技,HOLD,0,,,,,0,4.99,PCB基板/覆铜板,pcb,core,★★★,,,,多头排列; RSI超买81; MA60上行(+1.3%/5日); 偏离MA20+15%,83.5,85.62,93.32,98.95,,0.025389,0.117605,0.18503,,0.287425,-0.011976,-0.000765,-0.00752,-0.023894,,0.026155,0.125125,0.208924,,False,pending
stock,2026-05-11,002008,大族激光,HOLD,0,,,,,0,5.0,工业激光设备,industrial_auto,candidate,★★☆,,,,多头排列; 红柱扩张; RSI超买90; MA60上行(+7.8%/5日); 严重偏离MA20+39%,134.25,134.46,149.03,138.33,,0.001564,0.110093,0.030391,,0.164246,-0.045959,-0.000765,-0.00752,-0.023894,,0.00233,0.117614,0.054285,,False,pending
stock,2026-05-11,688548,广钢气体,HOLD,0,,,,,0,3.08,半导体特种气体,semicon,watch,★☆☆,,,,站20/60线; 绿柱扩张; MA60上行(+2.9%/5日); 连跌6日,28.6,28.31,30.05,33.02,,-0.01014,0.050699,0.154545,,0.262238,-0.029371,-0.000765,-0.00752,-0.023894,,-0.009374,0.05822,0.17844,,False,pending
stock,2026-05-11,600879,航天电子,HOLD,0,,,,,0,5.0,军工电子/惯导,defense,candidate,★★☆,,,,多头排列; 红柱扩张; RSI偏高68; MA60偏弱(-0.4%/5日); 偏离MA20+12%,26.82,26.02,24.1,23.56,,-0.029828,-0.101417,-0.121551,,-0.001491,-0.166667,-0.000765,-0.00752,-0.023894,,-0.029063,-0.093896,-0.097657,,True,pending
stock,2026-05-11,688256,寒武纪,HOLD,-1,,,,,0,5.0,AI推理芯片,semicon,candidate,★☆☆,,,,多头排列; RSI超买80; 放量2.0x; MA60上行(+3.8%/5日); 严重偏离MA20+25%,1201.25,1277.87,1260.58,1216.99,,0.063784,0.04939,0.013103,,0.162123,-0.021852,-0.000765,-0.00752,-0.023894,,0.064549,0.056911,0.036997,,False,pending
stock,2026-05-11,600276,恒瑞医药,HOLD,-1,,,,,0,-3.91,创新药,pharma,watch,★☆☆,,,,跌破60线; RSI超卖23; MA60偏弱(-0.6%/5日),53.39,56.11,54.32,52.43,,0.050946,0.017419,-0.017981,,0.102641,-0.056378,-0.000765,-0.00752,-0.023894,,0.051711,0.024939,0.005913,,True,pending
stock,2026-05-11,600887,伊利股份,HOLD,-1,,,,,0,4.99,乳制品/食品,consumer,candidate,★★☆,,,,红柱扩张; RSI超买85,28.04,28.01,27.78,27.29,,-0.00107,-0.009272,-0.026748,,0.012839,-0.047789,-0.000765,-0.00752,-0.023894,,-0.000305,-0.001752,-0.002853,,False,pending
stock,2026-05-11,002594,比亚迪,HOLD,-1,,,,,0,-1.78,电动车/刀片电池,new_energy,core,★★★,,,,跌破20线; 绿柱扩张; MA60上行(+0.8%/5日),100.23,99.23,98.73,94.51,,-0.009977,-0.014966,-0.057069,,-0.001297,-0.069141,-0.000765,-0.00752,-0.023894,,-0.009212,-0.007445,-0.033175,,True,pending
stock,2026-05-11,603256,宏和科技,HOLD,-1,,,,,0,5.0,高端电子玻纤布,pcb,watch,★☆☆,,,,多头排列; 红柱扩张; RSI超买91; MA60上行(+9.6%/5日); 严重偏离MA20+35%,148.96,148.31,141.83,131.48,,-0.004364,-0.047865,-0.117347,,0.047194,-0.141447,-0.000765,-0.00752,-0.023894,,-0.003598,-0.040345,-0.093453,,True,pending
stock,2026-05-11,600893,航发动力,HOLD,-1,,,,,0,2.44,航空发动机,defense,candidate,★★☆,,,,跌破60线; 红柱扩张,50.39,48.7,48.56,46.46,,-0.033538,-0.036317,-0.077992,,0.051796,-0.097837,-0.000765,-0.00752,-0.023894,,-0.032773,-0.028796,-0.054098,,True,pending
stock,2026-05-11,300274,阳光电源,HOLD,-2,,,,,0,5.0,逆变器,new_energy,core,★★★,,,,跌破60线; 红柱扩张; MA60偏弱(-0.6%/5日),144.04,139.85,135.03,152.25,,-0.029089,-0.062552,0.056998,,0.201055,-0.090392,-0.000765,-0.00752,-0.023894,,-0.028324,-0.055032,0.080892,,True,pending
stock,2026-05-11,600519,贵州茅台,HOLD,-2,,,,,0,-3.97,高端白酒,consumer,core,★★★,,,,跌破60线; 绿柱扩张; RSI偏低27,1362.32,1354.55,1342.17,1323.0,,-0.005704,-0.014791,-0.028863,,0.004947,-0.037671,-0.000765,-0.00752,-0.023894,,-0.004938,-0.007271,-0.004968,,True,pending
stock,2026-05-11,000858,五粮液,HOLD,-2,,,,,0,-8.38,高端白酒,consumer,candidate,★★☆,,,,跌破60线; RSI超卖7; MA60下行趋势(-0.9%/5日),91.77,90.56,88.99,85.57,,-0.013185,-0.030293,-0.06756,,0.001743,-0.078784,-0.000765,-0.00752,-0.023894,,-0.01242,-0.022773,-0.043666,,True,pending
stock,2026-05-11,600309,万华化学,HOLD,-2,,,,,0,-5.89,MDI/聚氨酯,chemical,core,★★★,,,,跌破60线; 绿柱扩张; RSI偏低26,83.4,83.29,81.99,79.9,,-0.001319,-0.016906,-0.041966,,0.026978,-0.070863,-0.000765,-0.00752,-0.023894,,-0.000554,-0.009386,-0.018072,,True,pending
stock,2026-05-11,601088,中国神华,HOLD,-2,,,,,0,-2.77,煤炭/电力,commodity,watch,★★☆,,,,跌破60线; 绿柱扩张; MA60上行(+1.0%/5日),45.14,45.2,45.17,45.85,,0.001329,0.000665,0.015729,,0.040541,-0.013514,-0.000765,-0.00752,-0.023894,,0.002095,0.008185,0.039623,,True,pending
stock,2026-05-11,601012,隆基绿能,HOLD,-2,,,,,0,-3.26,光伏组件,new_energy,watch,★☆☆,,,,跌破60线; MACD即将金叉🔔; RSI偏低26; MA60下行趋势(-0.9%/5日),16.58,16.7,16.3,15.14,,0.007238,-0.016888,-0.086852,,0.027744,-0.110977,-0.000765,-0.00752,-0.023894,,0.008003,-0.009367,-0.062957,,True,pending
stock,2026-05-11,002714,牧原股份,HOLD,-2,,,,,0,-0.25,生猪养殖,agriculture,candidate,★★☆,,,,跌破60线; 红柱扩张; 连跌3日且MA60偏弱,44.31,42.93,42.63,40.43,,-0.031144,-0.037915,-0.087565,,0.0,-0.11081,-0.000765,-0.00752,-0.023894,,-0.030379,-0.030394,-0.063671,,True,pending
stock,2026-05-11,601888,中国中免,REDUCE,-3,,,,,0,-5.88,免税零售,consumer,candidate,★★☆,,,,跌破60线; 绿柱扩张; RSI超卖23; MA60下行趋势(-2.9%/5日),62.57,61.55,60.8,58.11,,-0.016302,-0.028288,-0.07128,,0.001758,-0.088541,-0.000765,-0.00752,-0.023894,,-0.015536,-0.020768,-0.047386,,True,pending
stock,2026-05-11,600426,华鲁恒升,REDUCE,-3,,,,,0,-6.36,煤化工/化肥,chemical,candidate,★★☆,,,,跌破60线; 绿柱扩张,34.73,34.99,33.97,33.2,,0.007486,-0.021883,-0.044054,,0.021595,-0.097322,-0.000765,-0.00752,-0.023894,,0.008252,-0.014363,-0.02016,,True,pending
stock,2026-05-11,603993,洛阳钼业,REDUCE,-3,,,,,0,2.05,铜/钴矿,commodity,core,★★★,,,,跌破60线; 红柱扩张; MA60下行趋势(-2.1%/5日),19.96,20.58,20.05,18.31,,0.031062,0.004509,-0.082665,,0.074649,-0.119739,-0.000765,-0.00752,-0.023894,,0.031827,0.012029,-0.058771,,True,pending
stock,2026-05-11,002028,思源电气,REDUCE,-3,,,,,0,-6.32,特高压/变电设备,power_equip,core,★★★,,,,跌破60线; 绿柱扩张,195.71,198.35,202.8,192.57,,0.013489,0.036227,-0.016044,,0.078943,-0.043994,-0.000765,-0.00752,-0.023894,,0.014255,0.043748,0.00785,,True,pending
stock,2026-05-11,601899,紫金矿业,REDUCE,-4,,,,,0,-0.47,铜金矿,commodity,watch,★☆☆,,,,跌破60线; MA60下行趋势(-1.5%/5日),34.21,34.58,33.52,31.3,,0.010816,-0.02017,-0.085063,,0.032739,-0.125402,-0.000765,-0.00752,-0.023894,,0.011581,-0.012649,-0.061169,,True,pending
stock,2026-05-11,603799,华友钴业,REDUCE,-4,,,,,0,-0.62,钴/三元前驱体,battery_materials,candidate,★★☆,,,,跌破60线; MA60下行趋势(-1.1%/5日),64.48,62.37,59.81,57.81,,-0.032723,-0.072426,-0.103443,,0.010081,-0.138958,-0.000765,-0.00752,-0.023894,,-0.031958,-0.064905,-0.079549,,True,pending
stock,2026-05-11,601318,中国平安,REDUCE,-4,,,,,0,2.36,保险/金融科技,finance,candidate,★★☆,,,,跌破60线; MA60下行趋势(-0.9%/5日),60.08,59.4,56.9,54.89,,-0.011318,-0.052929,-0.086385,,0.006991,-0.106525,-0.000765,-0.00752,-0.023894,,-0.010553,-0.045409,-0.062491,,True,pending
stock,2026-05-11,300760,迈瑞医疗,REDUCE,-4,,,,,0,3.76,医疗器械,pharma,candidate,★★☆,,,,跌破60线; MA60下行趋势(-0.9%/5日),168.71,166.39,161.24,156.33,,-0.013751,-0.044277,-0.07338,,0.006698,-0.086598,-0.000765,-0.00752,-0.023894,,-0.012986,-0.036757,-0.049486,,True,pending
stock,2026-05-11,000568,泸州老窖,REDUCE,-4,,,,,0,-4.18,高端白酒,food_bev,candidate,★★☆,,,,跌破60线; 绿柱扩张; RSI偏低30; MA60下行趋势(-1.5%/5日),96.87,94.78,94.35,89.97,,-0.021575,-0.026014,-0.071229,,0.00031,-0.072055,-0.000765,-0.00752,-0.023894,,-0.02081,-0.018494,-0.047335,,True,pending
stock,2026-05-11,688777,中控技术,REDUCE,-4,,,,,0,5.0,工业自动化DCS,industrial_auto,candidate,★★☆,,,,RSI超买79; MA60偏弱(-0.3%/5日); 偏离MA20+14%,82.2,78.77,75.43,84.05,,-0.041727,-0.08236,0.022506,,0.1118,-0.092457,-0.000765,-0.00752,-0.023894,,-0.040962,-0.07484,0.0464,,True,pending
stock,2026-05-11,600438,通威股份,SELL_STOP,-5,,,,,0,-1.74,光伏电池/硅料,new_energy,candidate,★★☆,,,,跌破60线; 绿柱扩张; MA60下行趋势(-1.3%/5日),17.2,16.99,16.94,16.07,,-0.012209,-0.015116,-0.065698,,0.037209,-0.094767,-0.000765,-0.00752,-0.023894,,-0.011444,-0.007596,-0.041804,,True,pending
stock,2026-05-11,002865,钧达股份,REDUCE,-5,,,,,0,5.0,TOPCon光伏电池片,new_energy,watch,★☆☆,,,,红柱扩张; RSI超买81; MA60下行趋势(-1.1%/5日); 严重偏离MA20+34%; MA60跌破0日未满4日确认，降级为减仓,106.18,103.92,100.28,99.5,,-0.021285,-0.055566,-0.062912,,0.04191,-0.142494,-0.000765,-0.00752,-0.023894,,-0.020519,-0.048046,-0.039018,,True,pending
stock,2026-05-12,300502,新易盛,BUY_WATCH,5,,,,,5,5.0,光模块,optics,core,★★★,,,,多头排列; MACD即将金叉🔔; MA60上行(+2.7%/5日),592.52,628.99,610.05,572.5,,0.061551,0.029585,-0.033788,,0.103254,-0.054361,0.010164,-0.017878,-0.019234,,0.051387,0.047463,-0.014554,,True,pending
stock,2026-05-12,601869,长飞光纤,HOLD,5,,,,,0,5.0,光纤光缆,optics,core,★★★,,,,多头排列; MACD即将金叉🔔; MA60上行(+7.5%/5日); ★★★core偏离MA20+9%，追高风险降为观察,411.46,406.96,374.45,397.9,,-0.010937,-0.089948,-0.032956,,0.019978,-0.108881,0.010164,-0.017878,-0.019234,,-0.0211,-0.07207,-0.013722,,True,pending
stock,2026-05-12,301200,大族数控,HOLD,5,,,,,0,5.0,激光/数控切割设备,industrial_auto,watch,★☆☆,,,,多头排列; MACD金叉; 放量1.9x; MA60上行(+1.8%/5日); 观察池(watch)，等待进入核心/候选池后再买入,210.2,233.37,221.35,218.31,,0.110228,0.053045,0.038582,,0.278782,-0.025214,0.010164,-0.017878,-0.019234,,0.100065,0.070922,0.057816,,False,pending
stock,2026-05-12,300308,中际旭创,HOLD,4,,,,,0,5.0,光模块,optics,core,★★★,,,,多头排列; MACD金叉; RSI偏高76; MA60上行(+3.9%/5日); 偏离MA20+20%,1017.99,1049.2,1049.87,1030.0,,0.030658,0.031317,0.011798,,0.080433,-0.028596,0.010164,-0.017878,-0.019234,,0.020495,0.049194,0.031032,,False,pending
stock,2026-05-12,300394,天孚通信,HOLD,3,,,,,0,0.81,光通信器件,optics,core,★★☆,,,,站20/60线; MACD即将金叉🔔; MA60上行(+2.3%/5日),342.45,378.19,399.99,363.0,,0.104366,0.168025,0.060009,,0.209169,-0.018893,0.010164,-0.017878,-0.019234,,0.094202,0.185902,0.079243,,True,pending
stock,2026-05-12,002475,立讯精密,HOLD,3,,,,,0,5.0,消费电子精密制造,consumer_elec,core,★★★,,,,多头排列; 红柱扩张; RSI偏高78; MA60上行(+3.1%/5日); 偏离MA20+16%,77.19,80.15,74.0,72.4,,0.038347,-0.041327,-0.062055,,0.059464,-0.124628,0.010164,-0.017878,-0.019234,,0.028183,-0.023449,-0.042821,,True,pending
stock,2026-05-12,002463,沪电股份,HOLD,3,,,,,0,5.0,高多层PCB,pcb,core,★★★,,,,多头排列; RSI偏高72; MA60上行(+3.9%/5日),108.68,112.58,102.99,102.6,,0.035885,-0.052356,-0.055944,,0.053184,-0.09551,0.010164,-0.017878,-0.019234,,0.025722,-0.034478,-0.03671,,True,pending
stock,2026-05-12,300476,胜宏科技,HOLD,3,,,,,0,5.0,PCB,pcb,candidate,★★☆,,,,多头排列; 红柱扩张; MA60上行(+2.7%/5日); 偏离MA20+15%,375.43,387.4,340.22,336.98,,0.031883,-0.093786,-0.102416,,0.038809,-0.133207,0.010164,-0.017878,-0.019234,,0.02172,-0.075908,-0.083182,,True,pending
stock,2026-05-12,600498,烽火通信,HOLD,3,,,,,0,5.0,光通信设备,optics,candidate,★★☆,,,,多头排列; 红柱扩张; MA60上行(+2.5%/5日); 偏离MA20+13%,59.01,60.82,54.29,56.61,,0.030673,-0.079986,-0.040671,,0.067446,-0.095408,0.010164,-0.017878,-0.019234,,0.020509,-0.062109,-0.021437,,True,pending
stock,2026-05-12,688195,腾景科技,HOLD,3,,,,,0,4.36,精密光学元件,optics,candidate,★★☆,,,,多头排列; MA60上行(+4.8%/5日),366.01,373.66,348.92,331.08,,0.020901,-0.046693,-0.095435,,0.06008,-0.128466,0.010164,-0.017878,-0.019234,,0.010737,-0.028815,-0.076201,,True,pending
stock,2026-05-12,300666,江丰电子,HOLD,3,,,,,0,5.0,高纯溅射靶材,semicon,candidate,★★☆,,,,多头排列; MA60上行(+3.5%/5日),181.77,186.25,189.86,213.93,,0.024647,0.044507,0.176927,,0.222534,-0.042251,0.010164,-0.017878,-0.019234,,0.014483,0.062385,0.196161,,False,pending
stock,2026-05-12,688521,芯原股份,HOLD,3,,,,,0,5.0,半导体IP/芯片设计平台,semicon,candidate,★★☆,,,,多头排列; MA60上行(+1.9%/5日),271.99,277.5,252.6,299.91,,0.020258,-0.071289,0.102651,,0.116034,-0.088202,0.010164,-0.017878,-0.019234,,0.010094,-0.053412,0.121885,,True,pending
stock,2026-05-12,605117,德业股份,HOLD,3,,,,,0,5.0,储能逆变器/户用储能,new_energy,candidate,★★☆,,,,多头排列; MA60上行(+4.8%/5日),158.82,158.87,150.33,157.63,,0.000315,-0.053457,-0.007493,,0.099106,-0.077572,0.010164,-0.017878,-0.019234,,-0.009849,-0.035579,0.011741,,True,pending
stock,2026-05-12,688498,源杰科技,HOLD,2,,,,,0,5.0,光芯片基材,optics,candidate,★★☆,,,,多头排列; 红柱扩张; RSI偏高70; MA60上行(+6.5%/5日); 偏离MA20+20%,1731.0,1178.588,1075.73,1068.0,,-0.319129,-0.37855,-0.383016,,-0.31554,-0.422253,0.010164,-0.017878,-0.019234,,-0.329292,-0.360672,-0.363782,,True,pending
stock,2026-05-12,603259,药明康德,HOLD,2,,,,,0,4.55,CXO,pharma,watch,★☆☆,,,,多头排列; 红柱扩张; RSI偏高70; MA60上行(+1.2%/5日),110.33,108.92,103.13,101.79,,-0.01278,-0.065259,-0.077404,,0.009426,-0.082752,0.010164,-0.017878,-0.019234,,-0.022943,-0.047381,-0.05817,,True,pending
stock,2026-05-12,601138,工业富联,HOLD,2,,,,,0,2.38,AI服务器/精密制造,consumer_elec,candidate,★★☆,,,,多头排列; 绿柱扩张; MA60上行(+1.0%/5日),64.4,70.84,67.62,68.56,,0.1,0.05,0.064596,,0.149068,-0.008385,0.010164,-0.017878,-0.019234,,0.089836,0.067878,0.08383,,False,pending
stock,2026-05-12,000333,美的集团,HOLD,2,,,,,0,1.09,家电/工业机器人,consumer,core,★★★,,,,站20/60线,80.09,80.38,82.57,81.0,,0.003621,0.030965,0.011362,,0.041828,-0.005744,0.010164,-0.017878,-0.019234,,-0.006543,0.048843,0.030596,,False,pending
stock,2026-05-12,600183,生益科技,HOLD,2,,,,,0,5.0,PCB基板/覆铜板,pcb,core,★★★,,,,多头排列; 红柱扩张; RSI超买81; MA60上行(+1.8%/5日); 偏离MA20+15%,85.62,94.18,89.95,100.78,,0.099977,0.050572,0.177061,,0.255548,-0.007008,0.010164,-0.017878,-0.019234,,0.089813,0.06845,0.196295,,False,pending
stock,2026-05-12,600522,中天科技,HOLD,2,,,,,0,4.99,海缆/光纤/电力电缆,optics,core,★★★,,,,多头排列; 红柱扩张; RSI超买83; 放量1.7x; MA60上行(+5.6%/5日); 严重偏离MA20+30%,44.08,43.6,40.99,44.55,,-0.010889,-0.0701,0.010662,,0.075318,-0.090064,0.010164,-0.017878,-0.019234,,-0.021053,-0.052222,0.029896,,True,pending
stock,2026-05-12,688120,华海清科,HOLD,2,,,,,0,5.0,CMP研磨设备,semicon,candidate,★★☆,,,,多头排列; 红柱扩张; RSI偏高78; 放量2.3x; MA60上行(+0.9%/5日); 严重偏离MA20+22%,235.14,250.71,267.51,277.6,,0.066216,0.137663,0.180573,,0.331079,-0.047844,0.010164,-0.017878,-0.019234,,0.056052,0.15554,0.199807,,False,pending
stock,2026-05-12,300757,罗博特科,HOLD,2,,,,,0,0.52,光伏/新能源自动化装备,industrial_auto,candidate,★★☆,,,,站20/60线; MA60上行(+2.7%/5日),510.09,539.67,589.98,558.64,,0.05799,0.156619,0.095179,,0.228528,-0.024094,0.010164,-0.017878,-0.019234,,0.047826,0.174497,0.114413,,True,pending
stock,2026-05-12,600487,亨通光电,HOLD,2,,,,,0,5.01,光纤光缆/海底电缆,optics,core,★★★,,,,多头排列; RSI偏高76; MA60上行(+6.9%/5日); 偏离MA20+16%,75.1,75.43,69.8,75.47,,0.004394,-0.070573,0.004927,,0.040346,-0.114248,0.010164,-0.017878,-0.019234,,-0.005769,-0.052695,0.024161,,True,pending
stock,2026-05-12,688409,富创精密,HOLD,2,,,,,0,5.0,半导体精密零部件,semicon,watch,★☆☆,,,,多头排列; 红柱扩张; RSI偏高75; 放量1.7x; MA60上行(+2.2%/5日); 偏离MA20+18%,130.51,133.57,162.27,174.9,,0.023446,0.243353,0.340127,,0.442648,-0.048425,0.010164,-0.017878,-0.019234,,0.013283,0.261231,0.359361,,False,pending
stock,2026-05-12,600879,航天电子,HOLD,2,,,,,0,5.0,军工电子/惯导,defense,candidate,★★☆,,,,多头排列,26.02,25.93,23.13,23.43,,-0.003459,-0.111068,-0.099539,,0.006533,-0.141045,0.010164,-0.017878,-0.019234,,-0.013622,-0.093191,-0.080305,,True,pending
stock,2026-05-12,603986,兆易创新,HOLD,1,,,,,0,5.0,存储芯片,semicon,candidate,★★☆,,,,多头排列; RSI偏高72; MA60上行(+1.3%/5日); 偏离MA20+15%,353.55,365.0,375.34,404.56,,0.032386,0.061632,0.144279,,0.31475,-0.040221,0.010164,-0.017878,-0.019234,,0.022222,0.07951,0.163513,,False,pending
stock,2026-05-12,688041,海光信息,HOLD,1,,,,,0,5.0,国产CPU/GPU,semicon,core,★★★,,,,多头排列; RSI偏高74; MA60上行(+2.8%/5日); 严重偏离MA20+23%,349.19,348.19,303.01,312.02,,-0.002864,-0.132249,-0.106446,,0.012858,-0.164982,0.010164,-0.017878,-0.019234,,-0.013027,-0.114371,-0.087213,,True,pending
stock,2026-05-12,603993,洛阳钼业,HOLD,1,,,,,0,4.66,铜/钴矿,commodity,core,★★★,,,,红柱扩张; 放量1.5x; MA60下行趋势(-1.9%/5日),20.58,20.99,18.88,18.18,,0.019922,-0.082604,-0.116618,,0.042274,-0.146259,0.010164,-0.017878,-0.019234,,0.009759,-0.064727,-0.097384,,True,pending
stock,2026-05-12,000338,潍柴动力,HOLD,1,,,,,0,4.98,重型发动机/氢燃料,machinery,candidate,★★☆,,,,站20/60线; RSI偏高76; MA60上行(+3.3%/5日),32.7,34.34,34.77,33.15,,0.050153,0.063303,0.013761,,0.089908,-0.038226,0.010164,-0.017878,-0.019234,,0.039989,0.081181,0.032995,,False,pending
stock,2026-05-12,600030,中信证券,HOLD,1,,,,,0,1.98,综合券商,finance,candidate,★★☆,,,,站20/60线,27.22,27.15,26.35,26.27,,-0.002572,-0.031962,-0.034901,,0.008817,-0.049229,0.010164,-0.017878,-0.019234,,-0.012735,-0.014084,-0.015667,,True,pending
stock,2026-05-12,688331,荣昌生物,HOLD,1,,,,,0,-12.39,ADC创新药,pharma,candidate,★★☆,,,,跌破20线; 绿柱扩张; RSI超卖13; MA60上行(+1.7%/5日),121.57,119.05,114.66,112.47,,-0.020729,-0.05684,-0.074854,,0.038908,-0.089414,0.010164,-0.017878,-0.019234,,-0.030892,-0.038962,-0.05562,,True,pending
stock,2026-05-12,688548,广钢气体,HOLD,1,,,,,0,1.38,半导体特种气体,semicon,watch,★☆☆,,,,站20/60线; 绿柱扩张; MA60上行(+2.8%/5日),28.31,29.41,31.77,34.78,,0.038856,0.122218,0.228541,,0.275168,-0.019428,0.010164,-0.017878,-0.019234,,0.028692,0.140096,0.247775,,True,pending
stock,2026-05-12,688167,炬光科技,HOLD,1,,,,,0,5.0,高功率半导体激光器,optics,watch,★☆☆,,,,多头排列; 红柱扩张; MA60上行(+4.5%/5日); 严重偏离MA20+22%,475.0,516.7,513.97,476.66,,0.087789,0.082042,0.003495,,0.155789,-0.061053,0.010164,-0.017878,-0.019234,,0.077626,0.09992,0.022729,,True,pending
stock,2026-05-12,600105,永鼎股份,HOLD,1,,,,,0,5.01,光纤光缆/新能源电缆,optics,watch,★☆☆,,,,多头排列; 红柱扩张; RSI偏高72; MA60上行(+5.9%/5日); 偏离MA20+19%,52.32,51.83,51.5,50.47,,-0.009365,-0.015673,-0.035359,,0.077791,-0.123089,0.010164,-0.017878,-0.019234,,-0.019529,0.002205,-0.016125,,True,pending
stock,2026-05-12,688012,中微公司,HOLD,0,,,,,0,5.0,半导体设备,semicon,core,★★★,,,,多头排列; RSI超买79; MA60上行(+0.8%/5日); 偏离MA20+13%,388.45,405.6,432.9,479.51,,0.04415,0.114429,0.234419,,0.372969,-0.047548,0.010164,-0.017878,-0.019234,,0.033986,0.132307,0.253653,,False,pending
stock,2026-05-12,688256,寒武纪,HOLD,0,,,,,0,5.0,AI推理芯片,semicon,candidate,★☆☆,,,,多头排列; 红柱扩张; RSI超买82; 放量1.8x; MA60上行(+4.3%/5日); 严重偏离MA20+30%,1277.87,1316.88,1209.0,1319.2,,0.030527,-0.053894,0.032343,,0.092443,-0.080501,0.010164,-0.017878,-0.019234,,0.020364,-0.036017,0.051577,,True,pending
stock,2026-05-12,600031,三一重工,HOLD,0,,,,,0,4.49,工程机械,machinery,watch,★★☆,,,,红柱扩张; MA60偏弱(-0.4%/5日),21.36,21.39,20.46,19.31,,0.001404,-0.042135,-0.095974,,0.008895,-0.113296,0.010164,-0.017878,-0.019234,,-0.008759,-0.024257,-0.07674,,True,pending
stock,2026-05-12,600276,恒瑞医药,HOLD,0,,,,,0,1.19,创新药,pharma,watch,★☆☆,,,,MACD即将金叉🔔; 放量3.2x; MA60偏弱(-0.5%/5日),56.11,55.86,53.99,51.59,,-0.004456,-0.037783,-0.080556,,0.020495,-0.102121,0.010164,-0.017878,-0.019234,,-0.014619,-0.019905,-0.061322,,True,pending
stock,2026-05-12,000651,格力电器,HOLD,0,,,,,0,5.01,家电,consumer,candidate,★★☆,,,,多头排列; RSI超买85,40.34,40.3,40.28,39.56,,-0.000992,-0.001487,-0.019336,,0.008428,-0.03768,0.010164,-0.017878,-0.019234,,-0.011155,0.01639,-0.000102,,False,pending
stock,2026-05-12,688981,中芯国际,HOLD,0,,,,,0,5.0,半导体代工,semicon,core,★★★,,,,站20/60线; RSI偏高70,121.98,121.86,119.02,118.82,,-0.000984,-0.024266,-0.025906,,0.1283,-0.076242,0.010164,-0.017878,-0.019234,,-0.011147,-0.006389,-0.006672,,True,pending
stock,2026-05-12,603288,海天味业,HOLD,0,,,,,0,-4.86,调味品,food_bev,watch,★☆☆,,,,跌破60线; RSI偏低26; MA60上行(+0.7%/5日),37.84,37.74,36.81,36.19,,-0.002643,-0.02722,-0.043605,,0.010307,-0.067389,0.010164,-0.017878,-0.019234,,-0.012806,-0.009342,-0.024371,,True,pending
stock,2026-05-12,688048,长光华芯,HOLD,0,,,,,0,5.0,半导体激光芯片,optics,candidate,★★☆,,,,多头排列; RSI偏高72; MA60上行(+11.2%/5日); 严重偏离MA20+24%,431.49,436.9,418.31,401.71,,0.012538,-0.030545,-0.069017,,0.073884,-0.177269,0.010164,-0.017878,-0.019234,,0.002374,-0.012668,-0.049783,,True,pending
stock,2026-05-12,002008,大族激光,HOLD,0,,,,,0,5.0,工业激光设备,industrial_auto,candidate,★★☆,,,,多头排列; 红柱扩张; RSI超买90; MA60上行(+8.6%/5日); 严重偏离MA20+35%,134.66,147.93,143.1,136.79,,0.098544,0.062676,0.015818,,0.160701,-0.007055,0.010164,-0.017878,-0.019234,,0.088381,0.080554,0.035051,,False,pending
stock,2026-05-12,603929,亚翔集成,HOLD,0,,,,,0,0.32,半导体洁净室工程,semicon,watch,★☆☆,,,,站20/60线; MACD死叉; MA60上行(+2.4%/5日),194.9,195.6,189.05,182.85,,0.003592,-0.030015,-0.061827,,0.027963,-0.127604,0.010164,-0.017878,-0.019234,,-0.006572,-0.012138,-0.042593,,True,pending
stock,2026-05-12,002384,东山精密,HOLD,-1,,,,,0,5.0,PCB/光模块封装,optics,candidate,★★☆,,,,多头排列; RSI超买88; MA60上行(+9.8%/5日); 严重偏离MA20+23%,219.46,220.75,203.35,222.08,,0.005878,-0.073407,0.011938,,0.0298,-0.106352,0.010164,-0.017878,-0.019234,,-0.004286,-0.05553,0.031172,,True,pending
stock,2026-05-12,300750,宁德时代,HOLD,-1,,,,,0,-1.07,动力电池,battery,core,★★★,,,,跌破20线; 绿柱扩张; MA60上行(+2.3%/5日),431.25,434.05,423.6,417.92,,0.006493,-0.017739,-0.03091,,0.044522,-0.056696,0.010164,-0.017878,-0.019234,,-0.003671,0.000139,-0.011676,,True,pending
stock,2026-05-12,002594,比亚迪,HOLD,-1,,,,,0,-2.82,电动车/刀片电池,new_energy,candidate,★★★,,,,跌破20线; 绿柱扩张; MA60上行(+0.8%/5日),99.23,98.6,96.3,96.0,,-0.006349,-0.029527,-0.032551,,0.00776,-0.05976,0.010164,-0.017878,-0.019234,,-0.016512,-0.01165,-0.013317,,True,pending
stock,2026-05-12,601872,招商轮船,HOLD,-1,,,,,0,-2.3,VLCC油轮/干散货,shipping,candidate,★★☆,,,,跌破20线; 绿柱扩张; MA60上行(+3.8%/5日),17.79,18.0,17.44,17.48,,0.011804,-0.019674,-0.017426,,0.061832,-0.078134,0.010164,-0.017878,-0.019234,,0.001641,-0.001796,0.001808,,True,pending
stock,2026-05-12,603256,宏和科技,HOLD,-1,,,,,0,5.0,高端电子玻纤布,pcb,watch,★☆☆,,,,多头排列; RSI超买88; MA60上行(+9.9%/5日); 严重偏离MA20+30%,148.31,146.22,134.1,137.21,,-0.014092,-0.095813,-0.074843,,0.051783,-0.137685,0.010164,-0.017878,-0.019234,,-0.024256,-0.077935,-0.055609,,True,pending
stock,2026-05-12,600519,贵州茅台,HOLD,-2,,,,,0,-4.17,高端白酒,consumer,candidate,★★☆,,,,跌破60线; 绿柱扩张; RSI偏低34,1354.55,1344.09,1332.95,1324.3,,-0.007722,-0.015946,-0.022332,,0.010712,-0.032151,0.010164,-0.017878,-0.019234,,-0.017886,0.001931,-0.003098,,True,pending
stock,2026-05-12,600887,伊利股份,HOLD,-2,,,,,0,5.0,乳制品/食品,consumer,candidate,★★☆,,,,RSI超买89,28.01,27.9,27.61,27.23,,-0.003927,-0.014281,-0.027847,,0.007497,-0.046769,0.010164,-0.017878,-0.019234,,-0.014091,0.003597,-0.008613,,False,pending
stock,2026-05-12,600309,万华化学,HOLD,-2,,,,,0,-5.78,MDI/聚氨酯,chemical,candidate,★★★,,,,跌破60线; 绿柱扩张; RSI偏低31,83.29,83.33,81.81,79.5,,0.00048,-0.017769,-0.045504,,0.028335,-0.069636,0.010164,-0.017878,-0.019234,,-0.009683,0.000109,-0.02627,,True,pending
stock,2026-05-12,601088,中国神华,HOLD,-2,,,,,0,-2.46,煤炭/电力,commodity,watch,★★☆,,,,跌破60线; 绿柱扩张; MA60上行(+0.9%/5日),45.2,44.8,45.7,46.07,,-0.00885,0.011062,0.019248,,0.039159,-0.014823,0.010164,-0.017878,-0.019234,,-0.019013,0.02894,0.038482,,True,pending
stock,2026-05-12,601012,隆基绿能,HOLD,-2,,,,,0,-2.46,光伏组件,new_energy,watch,★☆☆,,,,跌破60线; MACD即将金叉🔔; RSI偏低32; MA60下行趋势(-0.8%/5日),16.7,16.78,15.6,15.24,,0.00479,-0.065868,-0.087425,,0.020359,-0.117365,0.010164,-0.017878,-0.019234,,-0.005373,-0.047991,-0.068191,,True,pending
stock,2026-05-12,002028,思源电气,HOLD,-2,,,,,0,-4.81,特高压/变电设备,power_equip,watch,★★☆,,,,跌破60线,198.35,207.2,190.0,194.99,,0.044618,-0.042097,-0.01694,,0.064583,-0.056718,0.010164,-0.017878,-0.019234,,0.034454,-0.02422,0.002294,,True,pending
stock,2026-05-12,688777,中控技术,HOLD,-2,,,,,0,5.0,工业自动化DCS,industrial_auto,candidate,★★☆,,,,RSI偏高69; MA60偏弱(-0.5%/5日),78.77,78.8,79.06,87.16,,0.000381,0.003682,0.106513,,0.160213,-0.052939,0.010164,-0.017878,-0.019234,,-0.009783,0.021559,0.125746,,True,pending
stock,2026-05-12,600893,航发动力,HOLD,-2,,,,,0,-0.88,航空发动机,defense,candidate,★★☆,,,,跌破60线,48.7,51.38,47.12,47.63,,0.055031,-0.032444,-0.021971,,0.088296,-0.06653,0.010164,-0.017878,-0.019234,,0.044867,-0.014566,-0.002737,,True,pending
stock,2026-05-12,300274,阳光电源,REDUCE,-3,,,,,0,3.14,逆变器,new_energy,core,★★★,,,,跌破60线; MA60偏弱(-0.5%/5日),139.85,142.65,152.95,157.38,,0.020021,0.093672,0.125349,,0.23704,-0.063139,0.010164,-0.017878,-0.019234,,0.009858,0.11155,0.144582,,True,pending
stock,2026-05-12,601899,紫金矿业,REDUCE,-3,,,,,0,0.49,铜金矿,commodity,watch,★☆☆,,,,跌破60线; 红柱扩张; MA60下行趋势(-1.3%/5日),34.58,34.66,31.84,31.16,,0.002313,-0.079237,-0.098901,,0.019375,-0.13476,0.010164,-0.017878,-0.019234,,-0.00785,-0.061359,-0.079667,,True,pending
stock,2026-05-12,000858,五粮液,REDUCE,-3,,,,,0,-9.17,高端白酒,consumer,candidate,★★☆,,,,跌破60线; 绿柱扩张; RSI超卖7; MA60下行趋势(-1.2%/5日),90.56,89.15,86.87,85.78,,-0.01557,-0.040746,-0.052783,,0.007951,-0.066475,0.010164,-0.017878,-0.019234,,-0.025733,-0.022869,-0.033549,,True,pending
stock,2026-05-12,601888,中国中免,REDUCE,-3,,,,,0,-7.13,免税零售,consumer,candidate,★★☆,,,,跌破60线; 绿柱扩张; RSI超卖25; MA60下行趋势(-3.0%/5日),61.55,61.38,59.0,58.36,,-0.002762,-0.04143,-0.051828,,0.018359,-0.073436,0.010164,-0.017878,-0.019234,,-0.012926,-0.023552,-0.032594,,True,pending
stock,2026-05-12,600426,华鲁恒升,REDUCE,-3,,,,,0,-5.06,煤化工/化肥,chemical,candidate,★★☆,,,,跌破60线; 绿柱扩张,34.99,34.5,34.31,32.08,,-0.014004,-0.019434,-0.083167,,0.007145,-0.10403,0.010164,-0.017878,-0.019234,,-0.024168,-0.001556,-0.063933,,True,pending
stock,2026-05-12,002865,钧达股份,REDUCE,-3,,,,,0,5.0,TOPCon光伏电池片,new_energy,watch,★☆☆,,,,红柱扩张; RSI超买79; 放量1.6x; MA60偏弱(-0.8%/5日); 严重偏离MA20+29%,103.92,101.5,97.21,95.12,,-0.023287,-0.064569,-0.084681,,0.064569,-0.123845,0.010164,-0.017878,-0.019234,,-0.033451,-0.046691,-0.065447,,True,pending
stock,2026-05-12,601318,中国平安,REDUCE,-4,,,,,0,1.2,保险/金融科技,finance,candidate,★★☆,,,,跌破60线; MA60下行趋势(-0.9%/5日),59.4,58.04,55.5,54.48,,-0.022896,-0.065657,-0.082828,,0.003704,-0.096296,0.010164,-0.017878,-0.019234,,-0.033059,-0.047779,-0.063594,,True,pending
stock,2026-05-12,300760,迈瑞医疗,REDUCE,-4,,,,,0,2.1,医疗器械,pharma,candidate,★★☆,,,,跌破60线; MA60下行趋势(-0.9%/5日),166.39,165.94,160.37,158.15,,-0.002704,-0.03618,-0.049522,,0.005169,-0.073863,0.010164,-0.017878,-0.019234,,-0.012868,-0.018302,-0.030288,,True,pending
stock,2026-05-12,000568,泸州老窖,REDUCE,-4,,,,,0,-6.06,高端白酒,food_bev,candidate,★★☆,,,,跌破60线; 绿柱扩张; RSI偏低30; MA60下行趋势(-1.7%/5日),94.78,92.7,91.0,90.33,,-0.021946,-0.039882,-0.046951,,0.014877,-0.051593,0.010164,-0.017878,-0.019234,,-0.032109,-0.022004,-0.027717,,True,pending
stock,2026-05-12,600438,通威股份,SELL_STOP,-5,,,,,0,-3.3,光伏电池/硅料,new_energy,candidate,★★☆,,,,跌破60线; 绿柱扩张; MA60下行趋势(-1.1%/5日),16.99,17.21,16.25,16.11,,0.012949,-0.043555,-0.051795,,0.050029,-0.083579,0.010164,-0.017878,-0.019234,,0.002785,-0.025677,-0.032561,,True,pending
stock,2026-05-12,002714,牧原股份,SELL_STOP,-5,,,,,0,-3.35,生猪养殖,agriculture,candidate,★★☆,,,,跌破60线; MACD死叉; MA60偏弱(-0.3%/5日),42.93,42.38,42.5,40.3,,-0.012812,-0.010016,-0.061263,,0.014908,-0.082227,0.010164,-0.017878,-0.019234,,-0.022975,0.007861,-0.042029,,True,pending
stock,2026-05-12,600988,赤峰黄金,REDUCE,-5,,,,,0,-2.78,黄金矿采选,commodity,candidate,★★☆,,,,跌破60线; MACD死叉; MA60偏弱(-0.5%/5日); MA60跌破1日未满4日确认，降级为减仓,40.95,40.8,37.64,36.26,,-0.003663,-0.08083,-0.11453,,0.019048,-0.158242,0.010164,-0.017878,-0.019234,,-0.013827,-0.062953,-0.095296,,True,pending
stock,2026-05-12,603799,华友钴业,REDUCE,-6,,,,,0,-3.48,钴/三元前驱体,battery_materials,candidate,★★☆,,,,跌破60线; MACD死叉; MA60下行趋势(-1.0%/5日); MA60跌破2日未满4日确认，降级为减仓,62.87,62.3,58.15,57.6,,-0.009066,-0.075076,-0.083824,,0.002068,-0.116908,0.010164,-0.017878,-0.019234,,-0.01923,-0.057198,-0.06459,,True,pending
stock,2026-05-13,300394,天孚通信,HOLD,6,,,,,0,5.0,光通信器件,optics,core,★★☆,,,,多头排列; MACD金叉; 放量1.5x; MA60上行(+2.4%/5日); 集群过热(optics(光通信器件/光模块/光纤光缆))+连涨3日，等回踩再介入,379.66,392.0,384.95,358.99,,0.032503,0.013934,-0.054443,,0.09066,-0.11505,-0.016754,-0.032975,-0.029538,,0.049256,0.046908,-0.024906,,True,pending
stock,2026-05-13,601138,工业富联,BUY_WATCH,6,,,,,3,5.0,AI服务器/精密制造,consumer_elec,candidate,★★☆,,,,多头排列; MACD金叉; 放量1.7x; MA60上行(+1.4%/5日); 集群偏热+偏离MA5+7.8%，强买降为观察,70.84,68.6,68.98,68.15,,-0.031621,-0.026256,-0.037973,,0.044608,-0.083145,-0.016754,-0.032975,-0.029538,,-0.014867,0.006719,-0.008435,,True,pending
stock,2026-05-13,300502,新易盛,HOLD,5,,,,,0,5.0,光模块,optics,core,★★★,,,,多头排列; MACD金叉; MA60上行(+3.0%/5日); 偏离MA20+13%; ★★★core偏离MA20+13%，追高风险降为观察,629.95,617.9,599.92,587.97,,-0.019129,-0.04767,-0.06664,,0.037701,-0.110548,-0.016754,-0.032975,-0.029538,,-0.002375,-0.014696,-0.037102,,True,pending
stock,2026-05-13,601869,长飞光纤,BUY_WATCH,5,,,,,5,5.0,光纤光缆,optics,core,★★★,,,,多头排列; MACD即将金叉🔔; MA60上行(+7.4%/5日),406.51,404.7,399.48,397.95,,-0.004453,-0.017294,-0.021057,,0.032398,-0.09803,-0.016754,-0.032975,-0.029538,,0.012301,0.015681,0.008481,,True,pending
stock,2026-05-13,002463,沪电股份,HOLD,4,,,,,0,5.0,高多层PCB,pcb,core,★★★,,,,多头排列; 红柱扩张; RSI偏高75; MA60上行(+4.1%/5日),112.65,107.02,104.26,103.58,,-0.049978,-0.074478,-0.080515,,0.016067,-0.127386,-0.016754,-0.032975,-0.029538,,-0.033224,-0.041504,-0.050977,,True,pending
stock,2026-05-13,688195,腾景科技,HOLD,4,,,,,0,5.0,精密光学元件,optics,candidate,★★☆,,,,多头排列; MACD即将金叉🔔; MA60上行(+4.7%/5日),374.0,367.0,349.09,349.07,,-0.018717,-0.066604,-0.066658,,0.037433,-0.147086,-0.016754,-0.032975,-0.029538,,-0.001963,-0.033629,-0.03712,,True,pending
stock,2026-05-13,300757,罗博特科,HOLD,4,,,,,0,5.0,光伏/新能源自动化装备,industrial_auto,candidate,★★☆,,,,多头排列; MACD即将金叉🔔; MA60上行(+2.7%/5日),538.89,589.0,582.0,566.48,,0.092987,0.079998,0.051198,,0.162872,-0.033736,-0.016754,-0.032975,-0.029538,,0.109741,0.112973,0.080736,,False,pending
stock,2026-05-13,688521,芯原股份,HOLD,4,,,,,0,5.0,半导体IP/芯片设计平台,semicon,candidate,★★☆,,,,多头排列; 红柱扩张; MA60上行(+1.9%/5日),276.35,265.91,259.5,294.79,,-0.037778,-0.060973,0.066727,,0.098426,-0.102587,-0.016754,-0.032975,-0.029538,,-0.021025,-0.027998,0.096265,,True,pending
stock,2026-05-13,002475,立讯精密,HOLD,3,,,,,0,5.0,消费电子精密制造,consumer_elec,core,★★★,,,,多头排列; 红柱扩张; RSI偏高75; MA60上行(+3.6%/5日); 偏离MA20+19%,80.04,75.4,72.9,70.07,,-0.057971,-0.089205,-0.124563,,-0.008621,-0.155797,-0.016754,-0.032975,-0.029538,,-0.041217,-0.05623,-0.095025,,True,pending
stock,2026-05-13,300476,胜宏科技,HOLD,3,,,,,0,5.0,PCB,pcb,candidate,★★☆,,,,多头排列; 红柱扩张; MA60上行(+3.1%/5日); 偏离MA20+16%,386.99,354.83,346.2,334.2,,-0.083103,-0.105403,-0.136412,,0.007778,-0.1591,-0.016754,-0.032975,-0.029538,,-0.066349,-0.072428,-0.106874,,True,pending
stock,2026-05-13,600498,烽火通信,HOLD,3,,,,,0,5.0,光通信设备,optics,candidate,★★☆,,,,多头排列; 红柱扩张; MA60上行(+2.9%/5日); 偏离MA20+15%,60.77,59.17,56.17,58.48,,-0.026329,-0.075695,-0.037683,,0.036531,-0.121606,-0.016754,-0.032975,-0.029538,,-0.009575,-0.04272,-0.008145,,True,pending
stock,2026-05-13,605117,德业股份,HOLD,3,,,,,0,5.0,储能逆变器/户用储能,new_energy,candidate,★★☆,,,,多头排列; MA60上行(+4.8%/5日),159.03,151.18,159.29,169.7,,-0.049362,0.001635,0.067094,,0.097655,-0.07879,-0.016754,-0.032975,-0.029538,,-0.032608,0.03461,0.096632,,True,pending
stock,2026-05-13,688012,中微公司,HOLD,2,,,,,0,5.0,半导体设备,semicon,core,★★★,,,,多头排列; 红柱扩张; RSI超买82; MA60上行(+1.1%/5日); 偏离MA20+17%,407.36,387.17,438.75,490.33,,-0.049563,0.077057,0.203677,,0.309235,-0.091762,-0.016754,-0.032975,-0.029538,,-0.032809,0.110032,0.233215,,True,pending
stock,2026-05-13,603986,兆易创新,HOLD,2,,,,,0,5.0,存储芯片,semicon,candidate,★★☆,,,,多头排列; 红柱扩张; RSI偏高74; MA60上行(+1.7%/5日); 偏离MA20+17%,364.8,356.19,400.0,445.02,,-0.023602,0.096491,0.219901,,0.274205,-0.052961,-0.016754,-0.032975,-0.029538,,-0.006848,0.129466,0.249439,,True,pending
stock,2026-05-13,300666,江丰电子,HOLD,2,,,,,0,5.0,高纯溅射靶材,semicon,candidate,★★☆,,,,多头排列; RSI偏高68; MA60上行(+3.5%/5日),185.94,180.0,201.26,213.68,,-0.031946,0.082392,0.149188,,0.195117,-0.031946,-0.016754,-0.032975,-0.029538,,-0.015192,0.115367,0.178726,,False,pending
stock,2026-05-13,688548,广钢气体,HOLD,2,,,,,0,3.99,半导体特种气体,semicon,watch,★☆☆,,,,多头排列; MA60上行(+2.8%/5日),29.36,30.05,33.02,34.16,,0.023501,0.124659,0.163488,,0.229564,-0.015327,-0.016754,-0.032975,-0.029538,,0.040255,0.157634,0.193026,,False,pending
stock,2026-05-13,301200,大族数控,HOLD,2,,,,,0,5.0,激光/数控切割设备,industrial_auto,watch,★☆☆,,,,多头排列; 红柱扩张; 放量1.8x; MA60上行(+2.4%/5日); 严重偏离MA20+22%,239.0,217.79,215.95,224.0,,-0.088745,-0.096444,-0.062762,,0.124686,-0.128033,-0.016754,-0.032975,-0.029538,,-0.071991,-0.063469,-0.033224,,True,pending
stock,2026-05-13,300308,中际旭创,HOLD,1,,,,,0,5.0,光模块,optics,core,★★★,,,,多头排列; 红柱扩张; RSI超买79; MA60上行(+4.6%/5日); 严重偏离MA20+21%,1050.96,1078.0,1045.0,1037.0,,0.025729,-0.005671,-0.013283,,0.046538,-0.05907,-0.016754,-0.032975,-0.029538,,0.042482,0.027304,0.016255,,True,pending
stock,2026-05-13,688498,源杰科技,HOLD,1,,,,,0,5.0,光芯片基材,optics,candidate,★★☆,,,,多头排列; RSI偏高72; MA60上行(+6.8%/5日); 偏离MA20+16%,1699.9,1128.195,1058.08,1114.94,,-0.336317,-0.377563,-0.344114,,-0.303017,-0.411683,-0.016754,-0.032975,-0.029538,,-0.319563,-0.344588,-0.314577,,True,pending
stock,2026-05-13,603259,药明康德,HOLD,1,,,,,0,3.18,CXO,pharma,watch,★☆☆,,,,站20/60线; MA60上行(+1.2%/5日),108.9,103.01,102.05,103.1,,-0.054086,-0.062902,-0.05326,,0.022681,-0.070707,-0.016754,-0.032975,-0.029538,,-0.037333,-0.029927,-0.023722,,True,pending
stock,2026-05-13,600276,恒瑞医药,HOLD,1,,,,,0,0.86,创新药,pharma,watch,★☆☆,,,,MACD金叉; 放量1.6x; MA60偏弱(-0.5%/5日),55.86,54.32,52.43,50.95,,-0.027569,-0.061404,-0.087898,,0.015754,-0.098102,-0.016754,-0.032975,-0.029538,,-0.010815,-0.028429,-0.058361,,True,pending
stock,2026-05-13,688041,海光信息,HOLD,1,,,,,0,5.0,国产CPU/GPU,semicon,core,★★★,,,,多头排列; RSI偏高74; MA60上行(+3.0%/5日); 严重偏离MA20+20%,348.88,325.2,303.63,316.74,,-0.067874,-0.129701,-0.092123,,0.013758,-0.16424,-0.016754,-0.032975,-0.029538,,-0.051121,-0.096726,-0.062586,,True,pending
stock,2026-05-13,600183,生益科技,HOLD,1,,,,,0,5.0,PCB基板/覆铜板,pcb,core,★★★,,,,多头排列; 红柱扩张; RSI超买86; MA60上行(+2.4%/5日); 严重偏离MA20+24%,94.18,93.32,98.95,100.56,,-0.009131,0.050648,0.067743,,0.141431,-0.069335,-0.016754,-0.032975,-0.029538,,0.007622,0.083623,0.09728,,True,pending
stock,2026-05-13,600030,中信证券,HOLD,1,,,,,0,1.58,综合券商,finance,candidate,★★☆,,,,站20/60线,27.17,26.66,26.16,26.08,,-0.018771,-0.037173,-0.040118,,0.005889,-0.047479,-0.016754,-0.032975,-0.029538,,-0.002017,-0.004198,-0.01058,,True,pending
stock,2026-05-13,603288,海天味业,HOLD,1,,,,,0,-4.66,调味品,food_bev,watch,★☆☆,,,,跌破60线; RSI超卖19; MA60上行(+0.6%/5日),37.74,37.35,36.38,35.88,,-0.010334,-0.036036,-0.049285,,0.005564,-0.064918,-0.016754,-0.032975,-0.029538,,0.00642,-0.003061,-0.019747,,True,pending
stock,2026-05-13,688120,华海清科,HOLD,1,,,,,0,5.0,CMP研磨设备,semicon,candidate,★★☆,,,,多头排列; 红柱扩张; RSI超买82; 放量2.1x; MA60上行(+1.6%/5日); 严重偏离MA20+29%,254.0,250.5,273.0,298.0,,-0.01378,0.074803,0.173228,,0.232244,-0.054449,-0.016754,-0.032975,-0.029538,,0.002974,0.107778,0.202766,,True,pending
stock,2026-05-13,688409,富创精密,HOLD,1,,,,,0,5.0,半导体精密零部件,semicon,watch,★☆☆,,,,多头排列; 红柱扩张; RSI偏高76; MA60上行(+2.4%/5日); 偏离MA20+19%,133.35,142.03,169.85,187.5,,0.065092,0.273716,0.406074,,0.411924,-0.010124,-0.016754,-0.032975,-0.029538,,0.081845,0.306691,0.435612,,False,pending
stock,2026-05-13,603929,亚翔集成,HOLD,1,,,,,0,2.47,半导体洁净室工程,semicon,watch,★☆☆,,,,站20/60线; 绿柱扩张; MA60上行(+2.5%/5日),198.58,186.55,183.26,188.7,,-0.06058,-0.077148,-0.049753,,0.008913,-0.143771,-0.016754,-0.032975,-0.029538,,-0.043827,-0.044173,-0.020215,,True,pending
stock,2026-05-13,600879,航天电子,HOLD,1,,,,,0,5.0,军工电子/惯导,defense,candidate,★★☆,,,,站20/60线,26.01,24.1,23.56,23.0,,-0.073433,-0.094195,-0.115725,,-0.000769,-0.140715,-0.016754,-0.032975,-0.029538,,-0.05668,-0.06122,-0.086187,,True,pending
stock,2026-05-13,000333,美的集团,HOLD,0,,,,,0,1.3,家电/工业机器人,consumer,core,★★★,,,,多头排列; MACD死叉,80.48,81.81,82.83,81.5,,0.016526,0.0292,0.012674,,0.036779,-0.00497,-0.016754,-0.032975,-0.029538,,0.033279,0.062175,0.042212,,False,pending
stock,2026-05-13,000651,格力电器,HOLD,0,,,,,0,4.76,家电,consumer,candidate,★★☆,,,,多头排列; RSI超买85,40.34,40.22,39.71,39.51,,-0.002975,-0.015617,-0.020575,,0.008428,-0.03768,-0.016754,-0.032975,-0.029538,,0.013779,0.017358,0.008963,,False,pending
stock,2026-05-13,688981,中芯国际,HOLD,0,,,,,0,5.0,半导体代工,semicon,core,★★★,,,,站20/60线; RSI偏高69,122.39,117.9,117.62,133.81,,-0.036686,-0.038974,0.093308,,0.12452,-0.079337,-0.016754,-0.032975,-0.029538,,-0.019932,-0.005999,0.122846,,True,pending
stock,2026-05-13,603993,洛阳钼业,HOLD,0,,,,,0,5.0,铜/钴矿,commodity,core,★★★,,,,红柱扩张; MA60下行趋势(-1.5%/5日),21.02,20.05,18.31,17.96,,-0.046147,-0.128925,-0.145576,,0.000476,-0.164129,-0.016754,-0.032975,-0.029538,,-0.029393,-0.09595,-0.116038,,True,pending
stock,2026-05-13,000338,潍柴动力,HOLD,0,,,,,0,5.01,重型发动机/氢燃料,machinery,candidate,★★☆,,,,多头排列; RSI超买79; MA60上行(+3.1%/5日); 偏离MA20+15%,34.31,34.2,33.3,32.61,,-0.003206,-0.029437,-0.049548,,0.038764,-0.083358,-0.016754,-0.032975,-0.029538,,0.013547,0.003537,-0.02001,,True,pending
stock,2026-05-13,688777,中控技术,HOLD,0,,,,,0,4.99,工业自动化DCS,industrial_auto,candidate,★★☆,,,,站20/60线; MA60偏弱(-0.7%/5日),79.08,75.43,84.05,87.97,,-0.046156,0.062848,0.112418,,0.155665,-0.056651,-0.016754,-0.032975,-0.029538,,-0.029402,0.095823,0.141956,,True,pending
stock,2026-05-13,600487,亨通光电,HOLD,0,,,,,0,5.0,光纤光缆/海底电缆,optics,core,★★★,,,,站20/60线; RSI偏高72; MA60上行(+6.8%/5日); 偏离MA20+14%,75.19,74.0,71.8,75.78,,-0.015827,-0.045086,0.007847,,0.039101,-0.115308,-0.016754,-0.032975,-0.029538,,0.000927,-0.012111,0.037385,,True,pending
stock,2026-05-13,002008,大族激光,HOLD,0,,,,,0,5.0,工业激光设备,industrial_auto,candidate,★★☆,,,,多头排列; 红柱扩张; RSI超买92; MA60上行(+9.6%/5日); 严重偏离MA20+44%,148.13,149.03,138.33,144.34,,0.006076,-0.066158,-0.025586,,0.055154,-0.097347,-0.016754,-0.032975,-0.029538,,0.022829,-0.033183,0.003952,,True,pending
stock,2026-05-13,688331,荣昌生物,HOLD,0,,,,,0,-14.04,ADC创新药,pharma,candidate,★★☆,,,,跌破60线; 绿柱扩张; RSI超卖13; MA60上行(+1.6%/5日),119.09,115.8,111.98,116.66,,-0.027626,-0.059703,-0.020405,,0.060542,-0.070451,-0.016754,-0.032975,-0.029538,,-0.010873,-0.026728,0.009133,,True,pending
stock,2026-05-13,688167,炬光科技,HOLD,0,,,,,0,5.0,高功率半导体激光器,optics,watch,★☆☆,,,,多头排列; 红柱扩张; RSI偏高75; MA60上行(+4.8%/5日); 严重偏离MA20+30%,514.0,503.98,495.88,486.21,,-0.019494,-0.035253,-0.054066,,0.068093,-0.132296,-0.016754,-0.032975,-0.029538,,-0.002741,-0.002278,-0.024528,,True,pending
stock,2026-05-13,600105,永鼎股份,HOLD,0,,,,,0,5.0,光纤光缆/新能源电缆,optics,watch,★☆☆,,,,多头排列; RSI偏高70; MA60上行(+6.2%/5日); 偏离MA20+16%,51.84,53.99,51.55,50.63,,0.041474,-0.005594,-0.023341,,0.08777,-0.114969,-0.016754,-0.032975,-0.029538,,0.058227,0.027381,0.006197,,True,pending
stock,2026-05-13,600893,航发动力,HOLD,0,,,,,0,4.27,航空发动机,defense,candidate,★★☆,,,,跌破60线; 红柱扩张; 放量1.8x,51.31,48.56,46.46,47.15,,-0.053596,-0.094523,-0.081076,,0.007211,-0.114013,-0.016754,-0.032975,-0.029538,,-0.036842,-0.061549,-0.051538,,True,pending
stock,2026-05-13,002384,东山精密,HOLD,-1,,,,,0,5.0,PCB/光模块封装,optics,candidate,★★☆,,,,多头排列; RSI超买94; MA60上行(+10.1%/5日); 严重偏离MA20+21%,220.51,214.89,211.25,223.0,,-0.025486,-0.041994,0.011292,,0.024897,-0.110607,-0.016754,-0.032975,-0.029538,,-0.008733,-0.009019,0.04083,,True,pending
stock,2026-05-13,688256,寒武纪,HOLD,-1,,,,,0,5.0,AI推理芯片,semicon,candidate,★☆☆,,,,多头排列; 红柱扩张; RSI超买82; MA60上行(+4.8%/5日); 严重偏离MA20+30%,1314.1,1260.58,1216.99,1362.41,,-0.040727,-0.073898,0.036763,,0.062324,-0.105852,-0.016754,-0.032975,-0.029538,,-0.023974,-0.040924,0.066301,,True,pending
stock,2026-05-13,600031,三一重工,HOLD,-1,,,,,0,4.58,工程机械,machinery,watch,★★☆,,,,MA60偏弱(-0.4%/5日),21.42,20.61,19.39,19.4,,-0.037815,-0.094771,-0.094304,,0.006069,-0.11578,-0.016754,-0.032975,-0.029538,,-0.021062,-0.061796,-0.064767,,True,pending
stock,2026-05-13,300750,宁德时代,HOLD,-1,,,,,0,-0.55,动力电池,battery,core,★★★,,,,跌破20线; 绿柱扩张; MA60上行(+2.1%/5日),434.77,427.0,417.23,414.75,,-0.017872,-0.040343,-0.046047,,0.036065,-0.064333,-0.016754,-0.032975,-0.029538,,-0.001118,-0.007368,-0.01651,,True,pending
stock,2026-05-13,002028,思源电气,HOLD,-1,,,,,0,-0.15,特高压/变电设备,power_equip,watch,★★☆,,,,跌破60线; MACD即将金叉🔔,207.43,202.8,192.57,205.3,,-0.022321,-0.071639,-0.010269,,0.017982,-0.098009,-0.016754,-0.032975,-0.029538,,-0.005567,-0.038664,0.019269,,True,pending
stock,2026-05-13,600522,中天科技,HOLD,-1,,,,,0,4.99,海缆/光纤/电力电缆,optics,core,★★★,,,,多头排列; RSI超买78; MA60上行(+6.0%/5日); 严重偏离MA20+26%,43.47,44.1,43.95,45.41,,0.014493,0.011042,0.044628,,0.090407,-0.077295,-0.016754,-0.032975,-0.029538,,0.031246,0.044017,0.074166,,True,pending
stock,2026-05-13,688048,长光华芯,HOLD,-1,,,,,0,5.0,半导体激光芯片,optics,candidate,★★☆,,,,多头排列; RSI超买78; MA60上行(+11.4%/5日); 严重偏离MA20+21%,434.99,448.1,408.02,393.98,,0.030139,-0.062001,-0.094278,,0.065243,-0.183889,-0.016754,-0.032975,-0.029538,,0.046892,-0.029026,-0.06474,,True,pending
stock,2026-05-13,601872,招商轮船,HOLD,-1,,,,,0,-0.72,VLCC油轮/干散货,shipping,candidate,★★☆,,,,跌破20线; 绿柱扩张; MA60上行(+3.6%/5日),18.01,18.0,17.05,17.73,,-0.000555,-0.053304,-0.015547,,0.048862,-0.089395,-0.016754,-0.032975,-0.029538,,0.016198,-0.020329,0.013991,,True,pending
stock,2026-05-13,300274,阳光电源,HOLD,-2,,,,,0,4.78,逆变器,new_energy,core,★★★,,,,跌破60线; 红柱扩张; MA60偏弱(-0.5%/5日),142.93,135.03,152.25,167.2,,-0.055272,0.065207,0.169803,,0.210383,-0.083328,-0.016754,-0.032975,-0.029538,,-0.038518,0.098182,0.199341,,True,pending
stock,2026-05-13,600887,伊利股份,HOLD,-2,,,,,0,5.01,乳制品/食品,consumer,candidate,★★☆,,,,RSI超买86,27.93,27.78,27.29,27.12,,-0.005371,-0.022914,-0.029001,,0.002148,-0.044039,-0.016754,-0.032975,-0.029538,,0.011383,0.010061,0.000537,,False,pending
stock,2026-05-13,600309,万华化学,HOLD,-2,,,,,0,-5.17,MDI/聚氨酯,chemical,candidate,★★★,,,,跌破60线; 绿柱扩张; RSI偏低33,83.51,81.99,79.9,79.0,,-0.018201,-0.043228,-0.054006,,0.025626,-0.072087,-0.016754,-0.032975,-0.029538,,-0.001448,-0.010253,-0.024468,,True,pending
stock,2026-05-13,601088,中国神华,HOLD,-2,,,,,0,-2.92,煤炭/电力,commodity,watch,★★☆,,,,跌破60线; 绿柱扩张; MA60上行(+0.7%/5日),44.93,45.17,45.85,46.0,,0.005342,0.020476,0.023815,,0.045404,-0.008903,-0.016754,-0.032975,-0.029538,,0.022095,0.053451,0.053353,,True,pending
stock,2026-05-13,002594,比亚迪,HOLD,-2,,,,,0,-3.41,电动车/刀片电池,new_energy,candidate,★★★,,,,跌破60线; 绿柱扩张; MA60上行(+0.9%/5日),98.52,98.73,94.51,93.36,,0.002132,-0.040702,-0.052375,,0.015022,-0.052984,-0.016754,-0.032975,-0.029538,,0.018885,-0.007727,-0.022837,,True,pending
stock,2026-05-13,601012,隆基绿能,HOLD,-2,,,,,0,-1.91,光伏组件,new_energy,watch,★☆☆,,,,跌破60线; MACD即将金叉🔔; RSI偏低27; MA60下行趋势(-0.8%/5日),16.78,16.3,15.14,15.35,,-0.028605,-0.097735,-0.085221,,0.015495,-0.121573,-0.016754,-0.032975,-0.029538,,-0.011852,-0.06476,-0.055683,,True,pending
stock,2026-05-13,603256,宏和科技,HOLD,-2,,,,,0,5.0,高端电子玻纤布,pcb,watch,★☆☆,,,,站20/60线; RSI超买88; MA60上行(+10.0%/5日); 严重偏离MA20+25%,147.0,141.83,131.48,145.0,,-0.03517,-0.105578,-0.013605,,0.061156,-0.13,-0.016754,-0.032975,-0.029538,,-0.018417,-0.072603,0.015932,,True,pending
stock,2026-05-13,601899,紫金矿业,REDUCE,-3,,,,,0,0.43,铜金矿,commodity,watch,★☆☆,,,,跌破60线; 红柱扩张; MA60下行趋势(-1.2%/5日),34.6,33.52,31.3,30.39,,-0.031214,-0.095376,-0.121676,,0.004624,-0.13526,-0.016754,-0.032975,-0.029538,,-0.01446,-0.062401,-0.092138,,True,pending
stock,2026-05-13,600519,贵州茅台,REDUCE,-3,,,,,0,-4.5,高端白酒,consumer,candidate,★★☆,,,,跌破60线; 绿柱扩张; RSI偏低31; MA60偏弱(-0.5%/5日),1345.11,1342.17,1323.0,1315.0,,-0.002186,-0.016437,-0.022385,,0.017805,-0.025359,-0.016754,-0.032975,-0.029538,,0.014568,0.016538,0.007153,,True,pending
stock,2026-05-13,601888,中国中免,REDUCE,-3,,,,,0,-6.76,免税零售,consumer,candidate,★★☆,,,,跌破60线; 绿柱扩张; RSI超卖17; MA60下行趋势(-3.1%/5日),61.4,60.8,58.11,57.81,,-0.009772,-0.053583,-0.058469,,0.020847,-0.071173,-0.016754,-0.032975,-0.029538,,0.006982,-0.020608,-0.028931,,True,pending
stock,2026-05-13,600438,通威股份,REDUCE,-3,,,,,0,-2.09,光伏电池/硅料,new_energy,candidate,★★☆,,,,跌破60线; RSI偏低30; MA60下行趋势(-0.9%/5日),17.24,16.94,16.07,16.15,,-0.017401,-0.067865,-0.063225,,0.034803,-0.096868,-0.016754,-0.032975,-0.029538,,-0.000648,-0.03489,-0.033687,,True,pending
stock,2026-05-13,002714,牧原股份,REDUCE,-3,,,,,0,-4.65,生猪养殖,agriculture,candidate,★★☆,,,,跌破60线; 绿柱扩张; RSI偏低35; MA60偏弱(-0.5%/5日),42.37,42.63,40.43,39.54,,0.006136,-0.045787,-0.066793,,0.028322,-0.070097,-0.016754,-0.032975,-0.029538,,0.02289,-0.012812,-0.037255,,True,pending
stock,2026-05-13,000858,五粮液,REDUCE,-4,,,,,0,-10.32,高端白酒,consumer,candidate,★★☆,,,,跌破60线; 绿柱扩张; RSI超卖7; MA60下行趋势(-1.3%/5日); 连跌3日且MA60偏弱,89.02,88.99,85.57,85.47,,-0.000337,-0.038755,-0.039879,,0.025388,-0.050326,-0.016754,-0.032975,-0.029538,,0.016417,-0.00578,-0.010341,,True,pending
stock,2026-05-13,600426,华鲁恒升,REDUCE,-4,,,,,0,-6.0,煤化工/化肥,chemical,candidate,★★☆,,,,跌破60线; 绿柱扩张; MA60偏弱(-0.3%/5日),34.51,33.97,33.2,32.13,,-0.015648,-0.03796,-0.068966,,0.021153,-0.091568,-0.016754,-0.032975,-0.029538,,0.001106,-0.004985,-0.039428,,True,pending
stock,2026-05-13,601318,中国平安,REDUCE,-4,,,,,0,-0.88,保险/金融科技,finance,candidate,★★☆,,,,跌破60线; MA60下行趋势(-1.0%/5日),58.15,56.9,54.89,54.11,,-0.021496,-0.056062,-0.069475,,0.006363,-0.07687,-0.016754,-0.032975,-0.029538,,-0.004743,-0.023087,-0.039938,,True,pending
stock,2026-05-13,300760,迈瑞医疗,REDUCE,-4,,,,,0,1.6,医疗器械,pharma,candidate,★★☆,,,,跌破60线; MA60下行趋势(-1.0%/5日),165.95,161.24,156.33,154.8,,-0.028382,-0.057969,-0.067189,,0.003254,-0.071407,-0.016754,-0.032975,-0.029538,,-0.011628,-0.024994,-0.037651,,True,pending
stock,2026-05-13,600988,赤峰黄金,REDUCE,-4,,,,,0,-2.55,黄金矿采选,commodity,candidate,★★☆,,,,跌破60线; 绿柱扩张; MA60偏弱(-0.4%/5日),40.84,39.68,36.66,35.68,,-0.028404,-0.102351,-0.126347,,0.002938,-0.155975,-0.016754,-0.032975,-0.029538,,-0.01165,-0.069376,-0.096809,,True,pending
stock,2026-05-13,002865,钧达股份,REDUCE,-4,,,,,0,5.0,TOPCon光伏电池片,new_energy,watch,★☆☆,,,,RSI偏高73; MA60偏弱(-0.7%/5日); 严重偏离MA20+24%,101.38,100.28,99.5,98.86,,-0.01085,-0.018544,-0.024857,,0.091241,-0.101894,-0.016754,-0.032975,-0.029538,,0.005903,0.014431,0.004681,,True,pending
stock,2026-05-13,000568,泸州老窖,SELL_STOP,-5,,,,,0,-7.79,高端白酒,food_bev,candidate,★★☆,,,,跌破60线; 绿柱扩张; RSI偏低27; MA60下行趋势(-2.1%/5日); 连跌3日且MA60偏弱,92.81,94.35,89.97,92.2,,0.016593,-0.0306,-0.006573,,0.036418,-0.031462,-0.016754,-0.032975,-0.029538,,0.033347,0.002375,0.022965,,True,pending
stock,2026-05-13,603799,华友钴业,REDUCE,-6,,,,,0,-3.86,钴/三元前驱体,battery_materials,candidate,★★☆,,,,跌破60线; 绿柱扩张; MA60下行趋势(-1.0%/5日); 连跌3日且MA60偏弱; MA60跌破3日未满4日确认，降级为减仓,62.71,59.81,57.81,58.09,,-0.046245,-0.078137,-0.073672,,-0.006697,-0.114655,-0.016754,-0.032975,-0.029538,,-0.029491,-0.045163,-0.044135,,True,pending
stock,2026-05-14,300502,新易盛,HOLD,5,,,,,0,5.0,光模块,optics,core,★★★,,,,多头排列; 红柱扩张; MA60上行(+3.3%/5日); ★★★core偏离MA20+10%，追高风险降为观察,617.9,610.05,572.5,566.0,,-0.012704,-0.073475,-0.083994,,0.019065,-0.093203,-0.011193,-0.012558,-0.026757,,-0.001511,-0.060916,-0.057237,,True,pending
stock,2026-05-14,601138,工业富联,BUY_WATCH,5,,,,,3,5.0,AI服务器/精密制造,consumer_elec,candidate,★★☆,,,,多头排列; 红柱扩张; 放量1.6x; MA60上行(+1.7%/5日),68.6,67.62,68.56,65.5,,-0.014286,-0.000583,-0.04519,,0.046064,-0.053207,-0.011193,-0.012558,-0.026757,,-0.003093,0.011975,-0.018432,,True,pending
stock,2026-05-14,000333,美的集团,HOLD,5,,,,,0,2.55,家电/工业机器人,consumer,core,★★★,,,,多头排列; MACD金叉; 高风险板块(consumer)，买入阈值+1，等待更强信号,81.81,82.57,81.0,81.5,,0.00929,-0.009901,-0.003789,,0.019924,-0.021147,-0.011193,-0.012558,-0.026757,,0.020483,0.002658,0.022968,,False,pending
stock,2026-05-14,300757,罗博特科,BUY_WATCH,5,,,,,3,5.0,光伏/新能源自动化装备,industrial_auto,candidate,★★☆,,,,多头排列; MACD金叉; 放量1.6x; MA60上行(+2.8%/5日); 偏离MA20+15%,589.0,589.98,558.64,524.0,,0.001664,-0.051545,-0.110357,,0.052632,-0.115942,-0.011193,-0.012558,-0.026757,,0.012857,-0.038986,-0.0836,,True,pending
stock,2026-05-14,300394,天孚通信,HOLD,3,,,,,0,5.0,光通信器件,optics,core,★★☆,,,,多头排列; 红柱扩张; MA60上行(+2.6%/5日); 偏离MA20+14%,392.0,399.99,363.0,337.21,,0.020383,-0.07398,-0.13977,,0.056327,-0.142908,-0.011193,-0.012558,-0.026757,,0.031576,-0.061421,-0.113013,,True,pending
stock,2026-05-14,688012,中微公司,HOLD,3,,,,,0,5.0,半导体设备,semicon,core,★★★,,,,多头排列; RSI偏高75; MA60上行(+1.0%/5日),387.17,432.9,479.51,475.8,,0.118113,0.2385,0.228918,,0.377509,-0.044399,-0.011193,-0.012558,-0.026757,,0.129307,0.251058,0.255675,,False,pending
stock,2026-05-14,002475,立讯精密,HOLD,3,,,,,0,5.0,消费电子精密制造,consumer_elec,core,★★★,,,,站20/60线; MA60上行(+3.7%/5日),75.4,74.0,72.4,67.87,,-0.018568,-0.039788,-0.099867,,0.018568,-0.103846,-0.011193,-0.012558,-0.026757,,-0.007374,-0.027229,-0.07311,,True,pending
stock,2026-05-14,002463,沪电股份,HOLD,3,,,,,0,4.01,高多层PCB,pcb,core,★★★,,,,站20/60线; MA60上行(+4.2%/5日),107.02,102.99,102.6,103.7,,-0.037657,-0.041301,-0.031022,,0.024855,-0.08148,-0.011193,-0.012558,-0.026757,,-0.026463,-0.028742,-0.004265,,True,pending
stock,2026-05-14,601869,长飞光纤,HOLD,3,,,,,0,5.0,光纤光缆,optics,core,★★★,,,,多头排列; 绿柱扩张; MA60上行(+7.2%/5日),404.7,374.45,397.9,375.8,,-0.074747,-0.016803,-0.071411,,0.00425,-0.093996,-0.011193,-0.012558,-0.026757,,-0.063554,-0.004244,-0.044654,,True,pending
stock,2026-05-14,600498,烽火通信,HOLD,3,,,,,0,5.0,光通信设备,optics,candidate,★★☆,,,,多头排列; MA60上行(+3.2%/5日),59.17,54.29,56.61,54.04,,-0.082474,-0.043265,-0.086699,,0.03059,-0.097854,-0.011193,-0.012558,-0.026757,,-0.071281,-0.030707,-0.059942,,True,pending
stock,2026-05-14,688548,广钢气体,HOLD,3,,,,,0,4.99,半导体特种气体,semicon,watch,★☆☆,,,,多头排列; MACD即将金叉🔔; MA60上行(+3.0%/5日),30.05,31.77,34.78,30.75,,0.057238,0.157404,0.023295,,0.201331,-0.037937,-0.011193,-0.012558,-0.026757,,0.068431,0.169963,0.050052,,False,pending
stock,2026-05-14,301200,大族数控,HOLD,3,,,,,0,5.0,激光/数控切割设备,industrial_auto,watch,★☆☆,,,,多头排列; 红柱扩张; MA60上行(+2.6%/5日),218.39,221.35,218.31,249.46,,0.013554,-0.000366,0.142268,,0.230826,-0.045744,-0.011193,-0.012558,-0.026757,,0.024747,0.012192,0.169025,,False,pending
stock,2026-05-14,688498,源杰科技,HOLD,2,,,,,0,5.0,光芯片基材,optics,candidate,★★☆,,,,站20/60线; MA60上行(+6.8%/5日),1635.0,1075.73,1068.0,1038.04,,-0.342061,-0.346789,-0.365113,,-0.30369,-0.38833,-0.011193,-0.012558,-0.026757,,-0.330868,-0.33423,-0.338356,,True,pending
stock,2026-05-14,603986,兆易创新,HOLD,2,,,,,0,5.0,存储芯片,semicon,candidate,★★☆,,,,多头排列; MA60上行(+1.9%/5日); 偏离MA20+12%,356.19,375.34,404.56,431.9,,0.053763,0.135798,0.212555,,0.305006,-0.030068,-0.011193,-0.012558,-0.026757,,0.064957,0.148357,0.239312,,False,pending
stock,2026-05-14,688981,中芯国际,HOLD,2,,,,,0,3.74,半导体代工,semicon,core,★★★,,,,站20/60线,117.9,119.02,118.82,127.22,,0.0095,0.007803,0.07905,,0.167345,-0.044275,-0.011193,-0.012558,-0.026757,,0.020693,0.020362,0.105807,,True,pending
stock,2026-05-14,300476,胜宏科技,HOLD,2,,,,,0,5.0,PCB,pcb,candidate,★★☆,,,,站20/60线; MA60上行(+3.3%/5日),354.83,340.22,336.98,331.4,,-0.041175,-0.050306,-0.066032,,0.019925,-0.082885,-0.011193,-0.012558,-0.026757,,-0.029981,-0.037747,-0.039275,,True,pending
stock,2026-05-14,300666,江丰电子,HOLD,2,,,,,0,5.0,高纯溅射靶材,semicon,candidate,★★☆,,,,站20/60线; MA60上行(+3.6%/5日),180.0,189.86,213.93,191.02,,0.054778,0.1885,0.061222,,0.234556,0.006167,-0.011193,-0.012558,-0.026757,,0.065971,0.201058,0.087979,,False,pending
stock,2026-05-14,688521,芯原股份,HOLD,2,,,,,0,4.67,半导体IP/芯片设计平台,semicon,candidate,★★☆,,,,站20/60线; MA60上行(+1.9%/5日),265.91,252.6,299.91,273.54,,-0.050055,0.127863,0.028694,,0.141552,-0.067354,-0.011193,-0.012558,-0.026757,,-0.038861,0.140421,0.055451,,True,pending
stock,2026-05-14,605117,德业股份,HOLD,2,,,,,0,1.91,储能逆变器/户用储能,new_energy,candidate,★★☆,,,,站20/60线; MA60上行(+4.7%/5日),151.18,150.33,157.63,168.65,,-0.005622,0.042664,0.115558,,0.15465,-0.030956,-0.011193,-0.012558,-0.026757,,0.005571,0.055223,0.142315,,True,pending
stock,2026-05-14,300308,中际旭创,HOLD,1,,,,,0,5.0,光模块,optics,core,★★★,,,,多头排列; 红柱扩张; RSI超买80; MA60上行(+5.2%/5日); 严重偏离MA20+22%,1078.0,1049.87,1030.0,993.34,,-0.026095,-0.044527,-0.078534,,0.020288,-0.082672,-0.011193,-0.012558,-0.026757,,-0.014901,-0.031968,-0.051777,,True,pending
stock,2026-05-14,688041,海光信息,HOLD,1,,,,,0,5.0,国产CPU/GPU,semicon,core,★★★,,,,站20/60线; RSI偏高68; MA60上行(+3.0%/5日),325.2,303.01,312.02,307.0,,-0.068235,-0.040529,-0.055966,,0.045203,-0.103383,-0.011193,-0.012558,-0.026757,,-0.057042,-0.02797,-0.029209,,True,pending
stock,2026-05-14,600183,生益科技,HOLD,1,,,,,0,5.0,PCB基板/覆铜板,pcb,core,★★★,,,,多头排列; 红柱扩张; RSI超买82; MA60上行(+2.8%/5日); 严重偏离MA20+21%,93.32,89.95,100.78,98.19,,-0.036112,0.07994,0.052186,,0.15195,-0.060759,-0.011193,-0.012558,-0.026757,,-0.024919,0.092498,0.078943,,True,pending
stock,2026-05-14,000338,潍柴动力,HOLD,1,,,,,0,5.0,重型发动机/氢燃料,machinery,candidate,★★☆,,,,多头排列; RSI偏高78; MA60上行(+3.0%/5日); 偏离MA20+13%,34.2,34.77,33.15,32.28,,0.016667,-0.030702,-0.05614,,0.042105,-0.080409,-0.011193,-0.012558,-0.026757,,0.02786,-0.018143,-0.029383,,True,pending
stock,2026-05-14,600522,中天科技,HOLD,1,,,,,0,5.01,海缆/光纤/电力电缆,optics,core,★★★,,,,多头排列; RSI偏高78; MA60上行(+6.3%/5日); 严重偏离MA20+25%,44.1,40.99,44.55,41.9,,-0.070522,0.010204,-0.049887,,0.07483,-0.090476,-0.011193,-0.012558,-0.026757,,-0.059328,0.022763,-0.02313,,True,pending
stock,2026-05-14,688195,腾景科技,HOLD,1,,,,,0,3.45,精密光学元件,optics,candidate,★★☆,,,,站20/60线; 绿柱扩张; MA60上行(+4.4%/5日),367.0,348.92,331.08,320.97,,-0.049264,-0.097875,-0.125422,,0.03951,-0.130817,-0.011193,-0.012558,-0.026757,,-0.038071,-0.085316,-0.098665,,True,pending
stock,2026-05-14,600487,亨通光电,HOLD,1,,,,,0,5.0,光纤光缆/海底电缆,optics,core,★★★,,,,站20/60线; RSI偏高72; MA60上行(+6.5%/5日),74.0,69.8,75.47,69.9,,-0.056757,0.019865,-0.055405,,0.055811,-0.101081,-0.011193,-0.012558,-0.026757,,-0.045564,0.032423,-0.028648,,True,pending
stock,2026-05-14,600105,永鼎股份,HOLD,1,,,,,0,5.0,光纤光缆/新能源电缆,optics,watch,★☆☆,,,,多头排列; 红柱扩张; RSI偏高74; MA60上行(+6.5%/5日); 偏离MA20+18%,53.99,51.5,50.47,46.29,,-0.04612,-0.065197,-0.142619,,0.028153,-0.150213,-0.011193,-0.012558,-0.026757,,-0.034926,-0.052639,-0.115862,,True,pending
stock,2026-05-14,688002,睿创微纳,HOLD,1,,,,,0,1.47,红外热成像/军工电子,defense,candidate,★★☆,,,,站20/60线; 绿柱扩张; MA60上行(+2.3%/5日),139.99,134.66,133.26,129.38,,-0.038074,-0.048075,-0.075791,,0.007072,-0.085006,-0.011193,-0.012558,-0.026757,,-0.026881,-0.035516,-0.049034,,True,pending
stock,2026-05-14,688120,华海清科,HOLD,0,,,,,0,5.0,CMP研磨设备,semicon,candidate,★★☆,,,,多头排列; 红柱扩张; RSI超买81; MA60上行(+2.1%/5日); 严重偏离MA20+25%,250.5,267.51,277.6,280.0,,0.067904,0.108184,0.117764,,0.249461,-0.007226,-0.011193,-0.012558,-0.026757,,0.079097,0.120742,0.144521,,False,pending
stock,2026-05-14,002008,大族激光,HOLD,0,,,,,0,5.0,工业激光设备,industrial_auto,candidate,★★☆,,,,多头排列; 红柱扩张; RSI超买92; MA60上行(+10.3%/5日); 严重偏离MA20+40%,149.23,143.1,136.79,142.59,,-0.041078,-0.083361,-0.044495,,0.021845,-0.104001,-0.011193,-0.012558,-0.026757,,-0.029884,-0.070803,-0.017738,,True,pending
stock,2026-05-14,688331,荣昌生物,HOLD,0,,,,,0,-15.96,ADC创新药,pharma,candidate,★★☆,,,,跌破60线; 绿柱扩张; RSI超卖14; MA60上行(+1.4%/5日),115.8,114.66,112.47,121.99,,-0.009845,-0.028756,0.053454,,0.090674,-0.044041,-0.011193,-0.012558,-0.026757,,0.001349,-0.016198,0.080211,,True,pending
stock,2026-05-14,688167,炬光科技,HOLD,0,,,,,0,5.0,高功率半导体激光器,optics,watch,★☆☆,,,,多头排列; 红柱扩张; RSI偏高72; MA60上行(+4.8%/5日); 严重偏离MA20+26%,503.98,513.97,476.66,460.48,,0.019822,-0.054209,-0.086313,,0.051629,-0.115044,-0.011193,-0.012558,-0.026757,,0.031015,-0.04165,-0.059556,,True,pending
stock,2026-05-14,688409,富创精密,HOLD,0,,,,,0,5.0,半导体精密零部件,semicon,watch,★☆☆,,,,多头排列; 红柱扩张; RSI超买80; 放量1.6x; MA60上行(+2.9%/5日); 严重偏离MA20+23%,142.03,162.27,174.9,163.58,,0.142505,0.23143,0.151729,,0.325635,-0.003661,-0.011193,-0.012558,-0.026757,,0.153698,0.243988,0.178486,,False,pending
stock,2026-05-14,688072,拓荆科技,HOLD,0,,,,,0,5.0,半导体薄膜设备,semicon,candidate,★★☆,,,,站20/60线; RSI偏高75; MA60上行(+3.6%/5日); 偏离MA20+14%,493.0,529.94,554.93,606.2,,0.074929,0.125619,0.229615,,0.415822,-0.042475,-0.011193,-0.012558,-0.026757,,0.086122,0.138177,0.256372,,False,pending
stock,2026-05-14,002384,东山精密,HOLD,-1,,,,,0,5.0,PCB/光模块封装,optics,candidate,★★☆,,,,站20/60线; RSI超买85; MA60上行(+10.0%/5日); 偏离MA20+16%,214.89,203.35,222.08,206.97,,-0.053702,0.033459,-0.036856,,0.0497,-0.087347,-0.011193,-0.012558,-0.026757,,-0.042509,0.046017,-0.010099,,True,pending
stock,2026-05-14,688256,寒武纪,HOLD,-1,,,,,0,5.0,AI推理芯片,semicon,candidate,★☆☆,,,,多头排列; RSI超买79; MA60上行(+5.0%/5日); 严重偏离MA20+22%,1260.58,1209.0,1319.2,1290.9,,-0.040918,0.046502,0.024052,,0.107427,-0.067889,-0.011193,-0.012558,-0.026757,,-0.029724,0.059061,0.050809,,True,pending
stock,2026-05-14,300750,宁德时代,HOLD,-1,,,,,0,-2.45,动力电池,battery,core,★★★,,,,跌破20线; 绿柱扩张; MA60上行(+1.9%/5日),427.0,423.6,417.92,411.63,,-0.007963,-0.021265,-0.035995,,0.010539,-0.047307,-0.011193,-0.012558,-0.026757,,0.003231,-0.008706,-0.009238,,True,pending
stock,2026-05-14,600887,伊利股份,HOLD,-1,,,,,0,4.86,乳制品/食品,consumer,candidate,★★☆,,,,站20/60线; RSI超买82,27.78,27.61,27.23,26.76,,-0.00612,-0.019798,-0.036717,,0.007559,-0.038877,-0.011193,-0.012558,-0.026757,,0.005074,-0.00724,-0.00996,,False,pending
stock,2026-05-14,000651,格力电器,HOLD,-1,,,,,0,4.1,家电,consumer,candidate,★★☆,,,,站20/60线; RSI超买83,40.22,40.28,39.56,38.86,,0.001492,-0.01641,-0.033814,,0.011437,-0.034809,-0.011193,-0.012558,-0.026757,,0.012685,-0.003851,-0.007057,,False,pending
stock,2026-05-14,601088,中国神华,HOLD,-1,,,,,0,-2.24,煤炭/电力,commodity,watch,★★☆,,,,跌破60线; MA60上行(+0.7%/5日),45.17,45.7,46.07,45.26,,0.011733,0.019925,0.001992,,0.039849,-0.008855,-0.011193,-0.012558,-0.026757,,0.022927,0.032483,0.028749,,True,pending
stock,2026-05-14,002028,思源电气,HOLD,-1,,,,,0,-2.49,特高压/变电设备,power_equip,watch,★★☆,,,,跌破60线; MACD即将金叉🔔,202.8,190.0,194.99,198.82,,-0.063116,-0.038511,-0.019625,,0.033531,-0.077416,-0.011193,-0.012558,-0.026757,,-0.051923,-0.025952,0.007132,,True,pending
stock,2026-05-14,688048,长光华芯,HOLD,-1,,,,,0,5.0,半导体激光芯片,optics,candidate,★★☆,,,,多头排列; RSI超买79; MA60上行(+11.6%/5日); 严重偏离MA20+22%,448.1,418.31,401.71,356.97,,-0.066481,-0.103526,-0.20337,,0.026557,-0.207766,-0.011193,-0.012558,-0.026757,,-0.055288,-0.090967,-0.176613,,True,pending
stock,2026-05-14,688777,中控技术,HOLD,-1,,,,,0,1.75,工业自动化DCS,industrial_auto,candidate,★★☆,,,,站20/60线; MA60下行趋势(-1.0%/5日),75.43,79.06,87.16,84.85,,0.048124,0.155508,0.124884,,0.211587,-0.011004,-0.011193,-0.012558,-0.026757,,0.059317,0.168067,0.151641,,False,pending
stock,2026-05-14,601872,招商轮船,HOLD,-1,,,,,0,-0.72,VLCC油轮/干散货,shipping,candidate,★★☆,,,,跌破20线; 绿柱扩张; MA60上行(+3.5%/5日),18.0,17.44,17.48,17.8,,-0.031111,-0.028889,-0.011111,,0.049444,-0.088889,-0.011193,-0.012558,-0.026757,,-0.019918,-0.01633,0.015646,,True,pending
stock,2026-05-14,603929,亚翔集成,HOLD,-1,,,,,0,-2.25,半导体洁净室工程,semicon,watch,★☆☆,,,,跌破20线; 绿柱扩张; MA60上行(+2.5%/5日),188.2,189.05,182.85,176.9,,0.004516,-0.028427,-0.060043,,0.064559,-0.096546,-0.011193,-0.012558,-0.026757,,0.01571,-0.015869,-0.033285,,True,pending
stock,2026-05-14,603256,宏和科技,HOLD,-1,,,,,0,5.0,高端电子玻纤布,pcb,watch,★☆☆,,,,站20/60线; RSI超买80; MA60上行(+9.7%/5日); 偏离MA20+18%,141.83,134.1,137.21,144.88,,-0.054502,-0.032574,0.021505,,0.099838,-0.098287,-0.011193,-0.012558,-0.026757,,-0.043309,-0.020016,0.048262,,True,pending
stock,2026-05-14,600879,航天电子,HOLD,-1,,,,,0,-1.66,军工电子/惯导,defense,candidate,★★☆,,,,跌破20线,24.1,23.13,23.43,22.37,,-0.040249,-0.027801,-0.071784,,0.013693,-0.072614,-0.011193,-0.012558,-0.026757,,-0.029056,-0.015242,-0.045027,,True,pending
stock,2026-05-14,603259,药明康德,HOLD,-2,,,,,0,-2.23,CXO,pharma,watch,★☆☆,,,,跌破20线; MACD死叉; MA60上行(+1.0%/5日),103.01,103.13,101.79,104.23,,0.001165,-0.011844,0.011844,,0.04485,-0.017571,-0.011193,-0.012558,-0.026757,,0.012358,0.000715,0.038601,,True,pending
stock,2026-05-14,600309,万华化学,HOLD,-2,,,,,0,-6.49,MDI/聚氨酯,chemical,candidate,★★★,,,,跌破60线; 绿柱扩张; RSI偏低29,81.99,81.81,79.5,77.49,,-0.002195,-0.03037,-0.054885,,0.022686,-0.054885,-0.011193,-0.012558,-0.026757,,0.008998,-0.017811,-0.028128,,True,pending
stock,2026-05-14,002594,比亚迪,HOLD,-2,,,,,0,-2.91,电动车/刀片电池,new_energy,candidate,★★★,,,,跌破60线; 绿柱扩张; MA60上行(+0.9%/5日),98.73,96.3,96.0,93.51,,-0.024613,-0.027651,-0.052871,,-0.00709,-0.054998,-0.011193,-0.012558,-0.026757,,-0.013419,-0.015093,-0.026114,,True,pending
stock,2026-05-14,603288,海天味业,HOLD,-2,,,,,0,-5.27,调味品,food_bev,watch,★☆☆,,,,跌破60线; 绿柱扩张; RSI超卖11; 连跌5日,37.35,36.81,36.19,35.34,,-0.014458,-0.031058,-0.053815,,-0.000535,-0.055154,-0.011193,-0.012558,-0.026757,,-0.003265,-0.018499,-0.027058,,True,pending
stock,2026-05-14,600893,航发动力,HOLD,-2,,,,,0,-0.86,航空发动机,defense,candidate,★★☆,,,,跌破60线,48.56,47.12,47.63,45.59,,-0.029654,-0.019152,-0.061161,,0.010914,-0.063839,-0.011193,-0.012558,-0.026757,,-0.018461,-0.006593,-0.034404,,True,pending
stock,2026-05-14,300274,阳光电源,HOLD,-3,,,,,0,-0.84,逆变器,new_energy,core,★★★,,,,跌破60线; MA60偏弱(-0.5%/5日),135.03,152.95,157.38,165.38,,0.132711,0.165519,0.224765,,0.281197,-0.029697,-0.011193,-0.012558,-0.026757,,0.143904,0.178077,0.251522,,True,pending
stock,2026-05-14,600031,三一重工,HOLD,-3,,,,,0,0.78,工程机械,machinery,watch,★★☆,,,,跌破60线; MA60偏弱(-0.6%/5日),20.61,20.46,19.31,18.96,,-0.007278,-0.063076,-0.080058,,0.017952,-0.081029,-0.011193,-0.012558,-0.026757,,0.003915,-0.050518,-0.053301,,True,pending
stock,2026-05-14,600276,恒瑞医药,HOLD,-3,,,,,0,-1.88,创新药,pharma,watch,★☆☆,,,,跌破60线; MA60偏弱(-0.5%/5日),54.32,53.99,51.59,51.45,,-0.006075,-0.050258,-0.052835,,0.024669,-0.072533,-0.011193,-0.012558,-0.026757,,0.005118,-0.037699,-0.026078,,True,pending
stock,2026-05-14,600519,贵州茅台,HOLD,-3,,,,,0,-4.35,高端白酒,consumer,candidate,★★☆,,,,跌破60线; RSI偏低30; MA60偏弱(-0.7%/5日); 连跌3日且MA60偏弱,1342.17,1332.95,1324.3,1311.0,,-0.006869,-0.013314,-0.023224,,0.00038,-0.023224,-0.011193,-0.012558,-0.026757,,0.004324,-0.000756,0.003533,,True,pending
stock,2026-05-14,000858,五粮液,HOLD,-3,,,,,0,-9.61,高端白酒,consumer,candidate,★★☆,,,,跌破60线; RSI超卖7; MA60下行趋势(-1.4%/5日); 连跌4日且MA60偏弱,88.99,86.87,85.78,85.35,,-0.023823,-0.036071,-0.040903,,-0.010226,-0.050006,-0.011193,-0.012558,-0.026757,,-0.01263,-0.023513,-0.014146,,True,pending
stock,2026-05-14,601888,中国中免,HOLD,-3,,,,,0,-7.15,免税零售,consumer,candidate,★★☆,,,,跌破60线; 绿柱扩张; RSI超卖17; MA60下行趋势(-3.2%/5日),60.8,59.0,58.36,57.1,,-0.029605,-0.040132,-0.060855,,-0.001645,-0.062007,-0.011193,-0.012558,-0.026757,,-0.018412,-0.027573,-0.034098,,True,pending
stock,2026-05-14,601012,隆基绿能,HOLD,-3,,,,,0,-4.48,光伏组件,new_energy,watch,★☆☆,,,,跌破60线; 绿柱扩张; RSI超卖22; MA60下行趋势(-0.8%/5日),16.3,15.6,15.24,14.79,,-0.042945,-0.065031,-0.092638,,-0.001227,-0.095706,-0.011193,-0.012558,-0.026757,,-0.031752,-0.052472,-0.065881,,True,pending
stock,2026-05-14,600030,中信证券,HOLD,-3,,,,,0,-0.41,综合券商,finance,candidate,★★☆,,,,跌破20线; MACD死叉,26.66,26.35,26.27,26.22,,-0.011628,-0.014629,-0.016504,,0.016129,-0.029257,-0.011193,-0.012558,-0.026757,,-0.000435,-0.00207,0.010253,,True,pending
stock,2026-05-14,002865,钧达股份,HOLD,-3,,,,,0,5.0,TOPCon光伏电池片,new_energy,watch,★☆☆,,,,站20/60线; RSI偏高70; MA60偏弱(-0.4%/5日); 严重偏离MA20+20%,100.28,97.21,95.12,97.66,,-0.030614,-0.051456,-0.026127,,0.037694,-0.092042,-0.011193,-0.012558,-0.026757,,-0.019421,-0.038897,0.00063,,True,pending
stock,2026-05-14,601899,紫金矿业,REDUCE,-4,,,,,0,-2.77,铜金矿,commodity,watch,★☆☆,,,,跌破60线; MA60下行趋势(-1.0%/5日),33.52,31.84,31.16,29.99,,-0.050119,-0.070406,-0.10531,,-0.015513,-0.107399,-0.011193,-0.012558,-0.026757,,-0.038926,-0.057847,-0.078553,,True,pending
stock,2026-05-14,600426,华鲁恒升,REDUCE,-4,,,,,0,-7.01,煤化工/化肥,chemical,candidate,★★☆,,,,跌破60线; 绿柱扩张; MA60偏弱(-0.3%/5日),33.97,34.31,32.08,31.37,,0.010009,-0.055637,-0.076538,,0.030026,-0.077127,-0.011193,-0.012558,-0.026757,,0.021202,-0.043079,-0.049781,,True,pending
stock,2026-05-14,603993,洛阳钼业,REDUCE,-4,,,,,0,1.35,铜/钴矿,commodity,core,★★★,,,,跌破60线; MA60下行趋势(-1.1%/5日),20.05,18.88,18.18,17.64,,-0.058354,-0.093267,-0.1202,,-0.010474,-0.123691,-0.011193,-0.012558,-0.026757,,-0.047161,-0.080708,-0.093442,,True,pending
stock,2026-05-14,600438,通威股份,REDUCE,-4,,,,,0,-3.66,光伏电池/硅料,new_energy,candidate,★★☆,,,,跌破60线; 绿柱扩张; RSI偏低26; MA60下行趋势(-0.9%/5日),16.94,16.25,16.11,15.59,,-0.040732,-0.048996,-0.079693,,-0.002361,-0.080874,-0.011193,-0.012558,-0.026757,,-0.029539,-0.036438,-0.052936,,True,pending
stock,2026-05-14,002714,牧原股份,REDUCE,-4,,,,,0,-3.85,生猪养殖,agriculture,candidate,★★☆,,,,跌破60线; 绿柱扩张; MA60偏弱(-0.5%/5日),42.63,42.5,40.3,39.49,,-0.003049,-0.054656,-0.073657,,0.011729,-0.075768,-0.011193,-0.012558,-0.026757,,0.008144,-0.042098,-0.0469,,True,pending
stock,2026-05-14,601318,中国平安,REDUCE,-4,,,,,0,-3.01,保险/金融科技,finance,candidate,★★☆,,,,跌破60线; MA60下行趋势(-1.1%/5日),56.9,55.5,54.48,53.76,,-0.024605,-0.042531,-0.055185,,0.004218,-0.056591,-0.011193,-0.012558,-0.026757,,-0.013411,-0.029972,-0.028428,,True,pending
stock,2026-05-14,000568,泸州老窖,REDUCE,-4,,,,,0,-5.6,高端白酒,food_bev,candidate,★★☆,,,,跌破60线; RSI偏低33; MA60下行趋势(-2.2%/5日); 连跌4日且MA60偏弱,94.35,91.0,90.33,91.42,,-0.035506,-0.042607,-0.031055,,-0.004981,-0.047271,-0.011193,-0.012558,-0.026757,,-0.024313,-0.030049,-0.004298,,True,pending
stock,2026-05-14,688111,金山办公,REDUCE,-4,,,,,0,0.21,AI办公软件,software,candidate,★★☆,,,,跌破60线; MA60下行趋势(-1.8%/5日),255.65,251.3,255.29,243.9,,-0.017015,-0.001408,-0.045961,,0.020145,-0.046744,-0.011193,-0.012558,-0.026757,,-0.005822,0.01115,-0.019204,,True,pending
stock,2026-05-14,300760,迈瑞医疗,REDUCE,-5,,,,,0,-1.37,医疗器械,pharma,candidate,★★☆,,,,跌破60线; MA60下行趋势(-1.1%/5日); 连跌3日且MA60偏弱,161.24,160.37,158.15,158.26,,-0.005396,-0.019164,-0.018482,,0.028839,-0.044282,-0.011193,-0.012558,-0.026757,,0.005797,-0.006605,0.008275,,True,pending
stock,2026-05-14,600988,赤峰黄金,REDUCE,-5,,,,,0,-4.96,黄金矿采选,commodity,candidate,★★☆,,,,跌破60线; 绿柱扩张; MA60偏弱(-0.4%/5日); 连跌3日且MA60偏弱,39.68,37.64,36.26,34.5,,-0.051411,-0.08619,-0.130544,,-0.020665,-0.1313,-0.011193,-0.012558,-0.026757,,-0.040218,-0.073631,-0.103787,,True,pending
stock,2026-05-14,603799,华友钴业,SELL_STOP,-6,,,,,0,-7.83,钴/三元前驱体,battery_materials,candidate,★★☆,,,,跌破60线; 绿柱扩张; MA60下行趋势(-1.0%/5日); 连跌4日且MA60偏弱,60.31,58.15,57.6,56.46,,-0.035815,-0.044935,-0.063837,,-0.004643,-0.079423,-0.011193,-0.012558,-0.026757,,-0.024622,-0.032376,-0.03708,,True,pending
stock,2026-05-15,300502,新易盛,HOLD,4,,,,,0,5.0,光模块,optics,core,★★★,,,,多头排列; MA60上行(+3.7%/5日),610.05,599.92,587.97,,,-0.016605,-0.036194,,,0.011835,-0.081534,-0.005365,-0.001829,,,-0.011241,-0.034364,,,True,pending
stock,2026-05-15,300666,江丰电子,HOLD,4,,,,,0,5.0,高纯溅射靶材,semicon,candidate,★★☆,,,,多头排列; 红柱扩张; MA60上行(+3.7%/5日),189.86,201.26,213.68,,,0.060044,0.125461,,,0.170441,-0.018856,-0.005365,-0.001829,,,0.065409,0.12729,,,False,pending
stock,2026-05-15,300394,天孚通信,HOLD,3,,,,,0,5.0,光通信器件,optics,core,★★☆,,,,多头排列; 红柱扩张; MA60上行(+2.9%/5日); 偏离MA20+16%,399.99,384.95,358.99,,,-0.037601,-0.102503,,,-0.014475,-0.160029,-0.005365,-0.001829,,,-0.032236,-0.100673,,,True,pending
stock,2026-05-15,000988,华工科技,HOLD,3,,,,,0,5.0,激光/光模块,optics,core,★★★,,,,站20/60线; MA60上行(+5.1%/5日),133.98,147.38,163.42,,,0.100015,0.219734,,,0.275414,0.022765,-0.005365,-0.001829,,,0.10538,0.221564,,,False,pending
stock,2026-05-15,002371,北方华创,HOLD,3,,,,,0,5.0,半导体设备,semicon,core,★★★,,,,多头排列; 红柱扩张; RSI超买79; 放量1.8x; MA60上行(+1.9%/5日); 偏离MA20+14%,592.0,597.97,656.0,,,0.010084,0.108108,,,0.218919,-0.017736,-0.005365,-0.001829,,,0.015449,0.109937,,,False,pending
stock,2026-05-15,300274,阳光电源,HOLD,3,,,,,0,5.0,逆变器,new_energy,core,★★★,,,,红柱扩张; 放量2.3x,152.95,152.25,167.2,,,-0.004577,0.093168,,,0.131089,-0.032298,-0.005365,-0.001829,,,0.000788,0.094997,,,False,pending
stock,2026-05-15,002475,立讯精密,HOLD,3,,,,,0,5.0,消费电子精密制造,consumer_elec,core,★★★,,,,站20/60线; MA60上行(+3.8%/5日),74.0,72.9,70.07,,,-0.014865,-0.053108,,,0.015,-0.086892,-0.005365,-0.001829,,,-0.0095,-0.051279,,,True,pending
stock,2026-05-15,601138,工业富联,HOLD,3,,,,,0,4.38,AI服务器/精密制造,consumer_elec,candidate,★★☆,,,,多头排列; MA60上行(+1.9%/5日),67.62,68.98,68.15,,,0.020112,0.007838,,,0.038598,-0.039485,-0.005365,-0.001829,,,0.025477,0.009667,,,False,pending
stock,2026-05-15,000333,美的集团,HOLD,3,,,,,0,3.09,家电/工业机器人,consumer,core,★★★,,,,多头排列; 红柱扩张; RSI偏高70,82.57,82.83,81.5,,,0.003149,-0.012959,,,0.010537,-0.030156,-0.005365,-0.001829,,,0.008513,-0.011129,,,False,pending
stock,2026-05-15,688041,海光信息,HOLD,3,,,,,0,2.13,国产CPU/GPU,semicon,core,★★★,,,,站20/60线; MA60上行(+3.0%/5日),303.01,303.63,316.74,,,0.002046,0.045312,,,0.121745,-0.037722,-0.005365,-0.001829,,,0.007411,0.047141,,,True,pending
stock,2026-05-15,300757,罗博特科,HOLD,3,,,,,0,5.0,光伏/新能源自动化装备,industrial_auto,candidate,★★☆,,,,多头排列; 红柱扩张; MA60上行(+2.9%/5日); 偏离MA20+14%,589.98,582.0,566.48,,,-0.013526,-0.039832,,,0.013594,-0.117411,-0.005365,-0.001829,,,-0.008161,-0.038002,,,True,pending
stock,2026-05-15,688548,广钢气体,HOLD,3,,,,,0,5.0,半导体特种气体,semicon,watch,★☆☆,,,,多头排列; MACD即将金叉🔔; MA60上行(+3.2%/5日),31.77,33.02,34.16,,,0.039345,0.075228,,,0.136292,-0.034939,-0.005365,-0.001829,,,0.04471,0.077058,,,False,pending
stock,2026-05-15,301200,大族数控,HOLD,3,,,,,0,5.0,激光/数控切割设备,industrial_auto,watch,★☆☆,,,,多头排列; 红柱扩张; MA60上行(+3.1%/5日),221.95,215.95,224.0,,,-0.027033,0.009236,,,0.211084,-0.047263,-0.005365,-0.001829,,,-0.021668,0.011066,,,False,pending
stock,2026-05-15,300308,中际旭创,HOLD,2,,,,,0,5.0,光模块,optics,core,★★★,,,,多头排列; RSI偏高72; MA60上行(+5.9%/5日); 偏离MA20+17%,1049.87,1045.0,1037.0,,,-0.004639,-0.012259,,,0.023936,-0.058093,-0.005365,-0.001829,,,0.000726,-0.010429,,,True,pending
stock,2026-05-15,688012,中微公司,HOLD,2,,,,,0,5.0,半导体设备,semicon,core,★★★,,,,多头排列; 红柱扩张; RSI超买79; 放量2.1x; MA60上行(+1.3%/5日); 严重偏离MA20+22%,432.9,438.75,490.33,,,0.013514,0.132663,,,0.231994,-0.011088,-0.005365,-0.001829,,,0.018878,0.134493,,,False,pending
stock,2026-05-15,603986,兆易创新,HOLD,2,,,,,0,5.0,存储芯片,semicon,candidate,★★☆,,,,多头排列; 红柱扩张; RSI偏高69; MA60上行(+2.3%/5日); 偏离MA20+17%,375.34,400.0,445.02,,,0.0657,0.185645,,,0.238424,0.012469,-0.005365,-0.001829,,,0.071065,0.187474,,,False,pending
stock,2026-05-15,688981,中芯国际,HOLD,2,,,,,0,3.91,半导体代工,semicon,core,★★★,,,,站20/60线,119.02,117.62,133.81,,,-0.011763,0.124265,,,0.15636,-0.053268,-0.005365,-0.001829,,,-0.006398,0.126094,,,True,pending
stock,2026-05-15,600183,生益科技,HOLD,2,,,,,0,5.0,PCB基板/覆铜板,pcb,core,★★★,,,,多头排列; RSI偏高72; MA60上行(+3.1%/5日); 偏离MA20+15%,89.95,98.95,100.56,,,0.100056,0.117954,,,0.195108,0.003113,-0.005365,-0.001829,,,0.10542,0.119784,,,False,pending
stock,2026-05-15,300476,胜宏科技,HOLD,2,,,,,0,0.93,PCB,pcb,candidate,★★☆,,,,站20/60线; MA60上行(+3.2%/5日),340.22,346.2,334.2,,,0.017577,-0.017694,,,0.036153,-0.043501,-0.005365,-0.001829,,,0.022942,-0.015865,,,True,pending
stock,2026-05-15,600522,中天科技,HOLD,2,,,,,0,5.0,海缆/光纤/电力电缆,optics,core,★★★,,,,站20/60线; MA60上行(+6.2%/5日); 偏离MA20+14%,40.99,43.95,45.41,,,0.072213,0.107831,,,0.15638,0.007319,-0.005365,-0.001829,,,0.077577,0.109661,,,False,pending
stock,2026-05-15,600498,烽火通信,HOLD,2,,,,,0,1.69,光通信设备,optics,candidate,★★☆,,,,站20/60线; MA60上行(+3.0%/5日),54.29,56.17,58.48,,,0.034629,0.077178,,,0.123227,-0.016762,-0.005365,-0.001829,,,0.039993,0.079007,,,False,pending
stock,2026-05-15,688048,长光华芯,HOLD,2,,,,,0,5.0,半导体激光芯片,optics,candidate,★★☆,,,,站20/60线; MA60上行(+11.1%/5日),418.31,408.02,393.98,,,-0.024599,-0.058163,,,0.015969,-0.151347,-0.005365,-0.001829,,,-0.019234,-0.056333,,,True,pending
stock,2026-05-15,688072,拓荆科技,HOLD,2,,,,,0,5.0,半导体薄膜设备,semicon,candidate,★★☆,,,,多头排列; 红柱扩张; RSI偏高78; 放量1.7x; MA60上行(+3.9%/5日); 严重偏离MA20+20%,529.94,525.21,634.88,,,-0.008926,0.198022,,,0.31713,-0.041401,-0.005365,-0.001829,,,-0.003561,0.199852,,,False,pending
stock,2026-05-15,000338,潍柴动力,HOLD,1,,,,,0,5.0,重型发动机/氢燃料,machinery,candidate,★★☆,,,,多头排列; RSI偏高77; MA60上行(+3.1%/5日); 偏离MA20+13%,34.77,33.3,32.61,,,-0.042278,-0.062123,,,-0.020708,-0.095485,-0.005365,-0.001829,,,-0.036913,-0.060293,,,True,pending
stock,2026-05-15,688120,华海清科,HOLD,1,,,,,0,5.0,CMP研磨设备,semicon,candidate,★★☆,,,,多头排列; 红柱扩张; RSI超买84; 放量2.0x; MA60上行(+2.8%/5日); 严重偏离MA20+31%,267.51,273.0,298.0,,,0.020523,0.113977,,,0.170012,-0.016859,-0.005365,-0.001829,,,0.025887,0.115806,,,False,pending
stock,2026-05-15,688331,荣昌生物,HOLD,1,,,,,0,-15.93,ADC创新药,pharma,candidate,★★☆,,,,跌破60线; RSI超卖14; MA60上行(+1.3%/5日),114.66,111.98,116.66,,,-0.023373,0.017443,,,0.101518,-0.034537,-0.005365,-0.001829,,,-0.018009,0.019272,,,True,pending
stock,2026-05-15,600105,永鼎股份,HOLD,1,,,,,0,5.01,光纤光缆/新能源电缆,optics,watch,★☆☆,,,,站20/60线; MA60上行(+6.5%/5日),51.5,51.55,50.63,,,0.000971,-0.016893,,,0.020194,-0.109126,-0.005365,-0.001829,,,0.006336,-0.015064,,,True,pending
stock,2026-05-15,603256,宏和科技,HOLD,1,,,,,0,5.0,高端电子玻纤布,pcb,watch,★☆☆,,,,站20/60线; RSI偏高70; MA60上行(+9.2%/5日),134.1,131.48,145.0,,,-0.019538,0.081283,,,0.163236,-0.046309,-0.005365,-0.001829,,,-0.014173,0.083112,,,False,pending
stock,2026-05-15,688498,源杰科技,HOLD,0,,,,,0,3.71,光芯片基材,optics,candidate,★★☆,,,,站20/60线; MACD死叉; MA60上行(+6.9%/5日),1559.0,1058.08,1114.94,,,-0.321309,-0.284836,,,-0.279666,-0.358512,-0.005365,-0.001829,,,-0.315944,-0.283007,,,True,pending
stock,2026-05-15,002384,东山精密,HOLD,0,,,,,0,5.0,PCB/光模块封装,optics,candidate,★★☆,,,,站20/60线; MACD死叉; MA60上行(+9.8%/5日),203.35,211.25,223.0,,,0.038849,0.096631,,,0.10927,-0.026309,-0.005365,-0.001829,,,0.044214,0.098461,,,False,pending
stock,2026-05-15,688256,寒武纪,HOLD,0,,,,,0,5.0,AI推理芯片,semicon,candidate,★☆☆,,,,站20/60线; RSI偏高73; MA60上行(+5.3%/5日); 偏离MA20+15%,1209.0,1216.99,1362.41,,,0.006609,0.12689,,,0.154673,-0.028122,-0.005365,-0.001829,,,0.011973,0.128719,,,False,pending
stock,2026-05-15,601088,中国神华,HOLD,0,,,,,0,-1.05,煤炭/电力,commodity,watch,★★☆,,,,跌破60线; MACD即将金叉🔔; MA60上行(+0.7%/5日),45.7,45.85,46.0,,,0.003282,0.006565,,,0.02779,-0.015317,-0.005365,-0.001829,,,0.008647,0.008394,,,True,pending
stock,2026-05-15,600487,亨通光电,HOLD,0,,,,,0,3.04,光纤光缆/海底电缆,optics,core,★★★,,,,站20/60线; MACD死叉; MA60上行(+6.1%/5日),69.8,71.8,75.78,,,0.028653,0.085673,,,0.119341,-0.046991,-0.005365,-0.001829,,,0.034018,0.087503,,,True,pending
stock,2026-05-15,605117,德业股份,HOLD,0,,,,,0,1.16,储能逆变器/户用储能,new_energy,candidate,★★☆,,,,站20/60线; MACD死叉; MA60上行(+4.6%/5日),150.33,159.29,169.7,,,0.059602,0.12885,,,0.161179,-0.025477,-0.005365,-0.001829,,,0.064967,0.130679,,,True,pending
stock,2026-05-15,688167,炬光科技,HOLD,0,,,,,0,5.0,高功率半导体激光器,optics,watch,★☆☆,,,,多头排列; 红柱扩张; RSI偏高72; MA60上行(+4.9%/5日); 严重偏离MA20+26%,513.97,495.88,486.21,,,-0.035197,-0.054011,,,0.01539,-0.132245,-0.005365,-0.001829,,,-0.029832,-0.052182,,,True,pending
stock,2026-05-15,688409,富创精密,HOLD,0,,,,,0,5.0,半导体精密零部件,semicon,watch,★☆☆,,,,多头排列; 红柱扩张; RSI超买84; 放量1.8x; MA60上行(+3.8%/5日); 严重偏离MA20+38%,162.27,169.85,187.5,,,0.046712,0.155482,,,0.160288,-0.040242,-0.005365,-0.001829,,,0.052077,0.157311,,,False,pending
stock,2026-05-15,603259,药明康德,HOLD,-1,,,,,0,-1.95,CXO,pharma,watch,★☆☆,,,,跌破20线; 绿柱扩张; MA60上行(+0.9%/5日),103.13,102.05,103.1,,,-0.010472,-0.000291,,,0.043634,-0.018714,-0.005365,-0.001829,,,-0.005108,0.001538,,,True,pending
stock,2026-05-15,300750,宁德时代,HOLD,-1,,,,,0,-3.27,动力电池,battery,core,★★★,,,,跌破20线; 绿柱扩张; MA60上行(+1.7%/5日),423.6,417.23,414.75,,,-0.015038,-0.020892,,,0.00949,-0.03966,-0.005365,-0.001829,,,-0.009673,-0.019063,,,True,pending
stock,2026-05-15,600887,伊利股份,HOLD,-1,,,,,0,3.98,乳制品/食品,consumer,candidate,★★☆,,,,站20/60线; RSI超买85,27.61,27.29,27.12,,,-0.01159,-0.017747,,,0.001449,-0.032959,-0.005365,-0.001829,,,-0.006225,-0.015918,,,False,pending
stock,2026-05-15,000651,格力电器,HOLD,-1,,,,,0,3.87,家电,consumer,candidate,★★☆,,,,站20/60线; RSI超买84,40.28,39.71,39.51,,,-0.014151,-0.019116,,,0.007944,-0.036246,-0.005365,-0.001829,,,-0.008786,-0.017287,,,False,pending
stock,2026-05-15,600309,万华化学,HOLD,-1,,,,,0,-6.17,MDI/聚氨酯,chemical,candidate,★★★,,,,跌破60线; RSI偏低27,81.81,79.9,79.0,,,-0.023347,-0.034348,,,-0.005867,-0.052805,-0.005365,-0.001829,,,-0.017982,-0.032519,,,True,pending
stock,2026-05-15,601869,长飞光纤,HOLD,-1,,,,,0,-2.09,光纤光缆,optics,core,★★★,,,,跌破20线; 绿柱扩张; MA60上行(+6.8%/5日),374.45,399.48,397.95,,,0.066845,0.062759,,,0.085379,-0.018561,-0.005365,-0.001829,,,0.072209,0.064588,,,True,pending
stock,2026-05-15,688195,腾景科技,HOLD,-1,,,,,0,-1.78,精密光学元件,optics,candidate,★★☆,,,,跌破20线; 绿柱扩张; MA60上行(+4.1%/5日),348.92,349.09,349.07,,,0.000487,0.00043,,,0.022584,-0.085779,-0.005365,-0.001829,,,0.005852,0.002259,,,True,pending
stock,2026-05-15,688777,中控技术,HOLD,-1,,,,,0,5.0,工业自动化DCS,industrial_auto,candidate,★★☆,,,,多头排列; RSI偏高68; MA60下行趋势(-1.2%/5日),79.06,84.05,87.97,,,0.063117,0.112699,,,0.155958,-0.014799,-0.005365,-0.001829,,,0.068481,0.114529,,,False,pending
stock,2026-05-15,002008,大族激光,HOLD,-1,,,,,0,5.0,工业激光设备,industrial_auto,candidate,★★☆,,,,多头排列; RSI超买84; MA60上行(+10.7%/5日); 严重偏离MA20+31%,143.3,138.33,144.34,,,-0.034682,0.007258,,,0.064131,-0.066923,-0.005365,-0.001829,,,-0.029318,0.009087,,,True,pending
stock,2026-05-15,601872,招商轮船,HOLD,-1,,,,,0,-3.67,VLCC油轮/干散货,shipping,candidate,★★☆,,,,跌破20线; 绿柱扩张; MA60上行(+3.2%/5日),17.44,17.05,17.73,,,-0.022362,0.016628,,,0.083142,-0.059633,-0.005365,-0.001829,,,-0.016998,0.018458,,,True,pending
stock,2026-05-15,603929,亚翔集成,HOLD,-1,,,,,0,-0.92,半导体洁净室工程,semicon,watch,★☆☆,,,,跌破20线; 绿柱扩张; MA60上行(+2.6%/5日),190.7,183.26,188.7,,,-0.039014,-0.010488,,,0.026114,-0.10839,-0.005365,-0.001829,,,-0.03365,-0.008658,,,True,pending
stock,2026-05-15,688002,睿创微纳,HOLD,-1,,,,,0,-2.96,红外热成像/军工电子,defense,candidate,★★☆,,,,跌破20线; 绿柱扩张; MA60上行(+2.1%/5日),134.66,134.1,135.04,,,-0.004159,0.002822,,,0.033715,-0.04879,-0.005365,-0.001829,,,0.001206,0.004651,,,True,pending
stock,2026-05-15,002463,沪电股份,HOLD,-2,,,,,0,-0.04,高多层PCB,pcb,core,★★★,,,,跌破20线; MACD死叉; MA60上行(+4.0%/5日),102.99,104.26,103.58,,,0.012331,0.005729,,,0.064958,-0.045538,-0.005365,-0.001829,,,0.017696,0.007558,,,True,pending
stock,2026-05-15,600426,华鲁恒升,HOLD,-2,,,,,0,-5.51,煤化工/化肥,chemical,candidate,★★☆,,,,跌破60线,34.31,33.2,32.13,,,-0.032352,-0.063538,,,0.00408,-0.086272,-0.005365,-0.001829,,,-0.026987,-0.061709,,,True,pending
stock,2026-05-15,002594,比亚迪,HOLD,-2,,,,,0,-5.12,电动车/刀片电池,new_energy,candidate,★★★,,,,跌破60线; 绿柱扩张; MA60上行(+0.8%/5日),96.3,94.51,93.36,,,-0.018588,-0.03053,,,-0.001038,-0.031153,-0.005365,-0.001829,,,-0.013223,-0.0287,,,True,pending
stock,2026-05-15,002028,思源电气,HOLD,-2,,,,,0,-8.97,特高压/变电设备,power_equip,watch,★★☆,,,,跌破60线; 绿柱扩张; RSI偏低31,190.0,192.57,205.3,,,0.013526,0.080526,,,0.103158,-0.015263,-0.005365,-0.001829,,,0.018891,0.082356,,,True,pending
stock,2026-05-15,603288,海天味业,HOLD,-2,,,,,0,-6.28,调味品,food_bev,watch,★☆☆,,,,跌破60线; 绿柱扩张; RSI超卖11; 连跌6日,36.81,36.38,35.88,,,-0.011682,-0.025265,,,0.00489,-0.041293,-0.005365,-0.001829,,,-0.006317,-0.023436,,,True,pending
stock,2026-05-15,688521,芯原股份,HOLD,-2,,,,,0,-0.49,半导体IP/芯片设计平台,semicon,candidate,★★☆,,,,跌破20线; MACD死叉; MA60上行(+2.0%/5日),252.6,259.5,294.79,,,0.027316,0.167023,,,0.201702,-0.018211,-0.005365,-0.001829,,,0.032681,0.168852,,,True,pending
stock,2026-05-15,600893,航发动力,HOLD,-2,,,,,0,-3.5,航空发动机,defense,candidate,★★☆,,,,跌破60线,47.12,46.46,47.15,,,-0.014007,0.000637,,,0.03438,-0.035229,-0.005365,-0.001829,,,-0.008642,0.002466,,,True,pending
stock,2026-05-15,600031,三一重工,HOLD,-3,,,,,0,0.15,工程机械,machinery,watch,★★☆,,,,跌破60线; MA60偏弱(-0.7%/5日),20.46,19.39,19.4,,,-0.052297,-0.051808,,,-0.002933,-0.074291,-0.005365,-0.001829,,,-0.046933,-0.049979,,,True,pending
stock,2026-05-15,600438,通威股份,HOLD,-3,,,,,0,-7.63,光伏电池/硅料,new_energy,candidate,★★☆,,,,跌破60线; 绿柱扩张; RSI超卖15; MA60下行趋势(-1.0%/5日),16.25,16.07,16.15,,,-0.011077,-0.006154,,,0.013538,-0.041846,-0.005365,-0.001829,,,-0.005712,-0.004324,,,True,pending
stock,2026-05-15,601012,隆基绿能,HOLD,-3,,,,,0,-8.53,光伏组件,new_energy,watch,★☆☆,,,,跌破60线; 绿柱扩张; RSI超卖17; MA60下行趋势(-0.9%/5日),15.6,15.14,15.35,,,-0.029487,-0.016026,,,0.003205,-0.055128,-0.005365,-0.001829,,,-0.024123,-0.014196,,,True,pending
stock,2026-05-15,600030,中信证券,HOLD,-3,,,,,0,-1.63,综合券商,finance,candidate,★★☆,,,,跌破20线; 绿柱扩张; 连跌3日且MA60偏弱,26.35,26.16,26.08,,,-0.007211,-0.010247,,,0.028083,-0.017837,-0.005365,-0.001829,,,-0.001846,-0.008417,,,True,pending
stock,2026-05-15,002865,钧达股份,HOLD,-3,,,,,0,5.0,TOPCon光伏电池片,new_energy,watch,★☆☆,,,,站20/60线; RSI偏高69; MA60偏弱(-0.3%/5日); 连跌3日且MA60偏弱; 偏离MA20+15%,97.21,99.5,98.86,,,0.023557,0.016974,,,0.070466,-0.035079,-0.005365,-0.001829,,,0.028922,0.018803,,,False,pending
stock,2026-05-15,600519,贵州茅台,REDUCE,-4,,,,,0,-4.64,高端白酒,consumer,candidate,★★☆,,,,跌破60线; RSI偏低29; MA60下行趋势(-0.9%/5日); 连跌4日且MA60偏弱,1332.95,1323.0,1315.0,,,-0.007465,-0.013466,,,0.0073,-0.016467,-0.005365,-0.001829,,,-0.0021,-0.011637,,,True,pending
stock,2026-05-15,000858,五粮液,REDUCE,-4,,,,,0,-11.35,高端白酒,consumer,candidate,★★☆,,,,跌破60线; 绿柱扩张; RSI超卖6; MA60下行趋势(-1.5%/5日); 连跌5日,86.87,85.57,85.47,,,-0.014965,-0.016116,,,0.004374,-0.026822,-0.005365,-0.001829,,,-0.0096,-0.014287,,,True,pending
stock,2026-05-15,601888,中国中免,REDUCE,-4,,,,,0,-9.56,免税零售,consumer,candidate,★★☆,,,,跌破60线; 绿柱扩张; RSI超卖15; MA60下行趋势(-3.4%/5日); 连跌3日且MA60偏弱,59.0,58.11,57.81,,,-0.015085,-0.020169,,,0.004576,-0.03339,-0.005365,-0.001829,,,-0.00972,-0.01834,,,True,pending
stock,2026-05-15,603993,洛阳钼业,REDUCE,-4,,,,,0,-4.61,铜/钴矿,commodity,core,★★★,,,,跌破60线; MA60下行趋势(-1.0%/5日),18.88,18.31,17.96,,,-0.030191,-0.048729,,,-0.013771,-0.069386,-0.005365,-0.001829,,,-0.024826,-0.046899,,,True,pending
stock,2026-05-15,002714,牧原股份,REDUCE,-4,,,,,0,-3.76,生猪养殖,agriculture,candidate,★★☆,,,,跌破60线; 绿柱扩张; MA60偏弱(-0.6%/5日),42.5,40.43,39.54,,,-0.048706,-0.069647,,,-0.004,-0.072941,-0.005365,-0.001829,,,-0.043341,-0.067818,,,True,pending
stock,2026-05-15,000568,泸州老窖,REDUCE,-4,,,,,0,-8.81,高端白酒,food_bev,candidate,★★☆,,,,跌破60线; 绿柱扩张; RSI偏低29; MA60下行趋势(-2.3%/5日),91.0,89.97,92.2,,,-0.011319,0.013187,,,0.031648,-0.012198,-0.005365,-0.001829,,,-0.005954,0.015016,,,True,pending
stock,2026-05-15,600988,赤峰黄金,REDUCE,-4,,,,,0,-9.8,黄金矿采选,commodity,candidate,★★☆,,,,跌破60线; 绿柱扩张; 连跌4日且MA60偏弱,37.64,36.66,35.68,,,-0.026036,-0.052072,,,-0.012221,-0.084219,-0.005365,-0.001829,,,-0.020671,-0.050243,,,True,pending
stock,2026-05-15,688111,金山办公,REDUCE,-4,,,,,0,-1.57,AI办公软件,software,candidate,★★☆,,,,跌破60线; MA60下行趋势(-1.7%/5日),251.3,253.19,248.6,,,0.007521,-0.010744,,,0.025468,-0.030243,-0.005365,-0.001829,,,0.012886,-0.008915,,,True,pending
stock,2026-05-15,601899,紫金矿业,REDUCE,-5,,,,,0,-7.73,铜金矿,commodity,watch,★☆☆,,,,跌破60线; MACD死叉; RSI偏低31; MA60下行趋势(-1.0%/5日),31.84,31.3,30.39,,,-0.01696,-0.04554,,,-0.014133,-0.060302,-0.005365,-0.001829,,,-0.011595,-0.043711,,,True,pending
stock,2026-05-15,600276,恒瑞医药,REDUCE,-5,,,,,0,-2.3,创新药,pharma,watch,★☆☆,,,,跌破60线; MACD死叉; MA60偏弱(-0.4%/5日),53.99,52.43,50.95,,,-0.028894,-0.056307,,,-0.003519,-0.066864,-0.005365,-0.001829,,,-0.02353,-0.054477,,,True,pending
stock,2026-05-15,300760,迈瑞医疗,REDUCE,-5,,,,,0,-1.92,医疗器械,pharma,candidate,★★☆,,,,跌破60线; MA60下行趋势(-1.2%/5日); 连跌4日且MA60偏弱,160.37,156.33,154.8,,,-0.025192,-0.034732,,,0.03442,-0.039097,-0.005365,-0.001829,,,-0.019827,-0.032903,,,True,pending
stock,2026-05-15,603799,华友钴业,SELL_STOP,-6,,,,,0,-10.38,钴/三元前驱体,battery_materials,candidate,★★☆,,,,跌破60线; 绿柱扩张; MA60下行趋势(-1.1%/5日); 连跌5日,58.65,57.81,58.09,,,-0.014322,-0.009548,,,0.011594,-0.053367,-0.005365,-0.001829,,,-0.008958,-0.007719,,,True,pending
stock,2026-05-15,601318,中国平安,SELL_STOP,-6,,,,,0,-5.3,保险/金融科技,finance,candidate,★★☆,,,,跌破60线; MACD死叉; RSI偏低34; MA60下行趋势(-1.2%/5日); 连跌3日且MA60偏弱,55.5,54.89,54.11,,,-0.010991,-0.025045,,,-0.000721,-0.032793,-0.005365,-0.001829,,,-0.005626,-0.023216,,,True,pending
stock,2026-05-15,600879,航天电子,REDUCE,-6,,,,,0,-6.05,军工电子/惯导,defense,candidate,★★☆,,,,跌破60线; MACD死叉; MA60偏弱(-0.3%/5日); 连跌3日且MA60偏弱; MA60跌破1日未满4日确认，降级为减仓,23.13,23.56,23.0,,,0.018591,-0.00562,,,0.045828,-0.033722,-0.005365,-0.001829,,,0.023955,-0.003791,,,True,pending
stock,2026-05-18,000333,美的集团,HOLD,4,,,,,0,2.79,家电/工业机器人,consumer,core,★★★,,,,多头排列; 红柱扩张,82.58,81.0,81.5,,,-0.019133,-0.013078,,,0.006902,-0.030274,0.004005,-0.010431,,,-0.023138,-0.002647,,,True,pending
stock,2026-05-18,300757,罗博特科,HOLD,4,,,,,0,5.0,光伏/新能源自动化装备,industrial_auto,candidate,★★☆,,,,多头排列; 红柱扩张; MA60上行(+2.9%/5日),579.82,558.64,524.0,,,-0.036529,-0.096271,,,0.007192,-0.101945,0.004005,-0.010431,,,-0.040534,-0.08584,,,True,pending
stock,2026-05-18,605117,德业股份,HOLD,4,,,,,0,5.0,储能逆变器/户用储能,new_energy,candidate,★★☆,,,,多头排列; MACD即将金叉🔔; MA60上行(+4.4%/5日),158.18,157.63,168.65,,,-0.003477,0.06619,,,0.103553,-0.013782,0.004005,-0.010431,,,-0.007482,0.076622,,,False,pending
stock,2026-05-18,688548,广钢气体,HOLD,4,,,,,0,5.0,半导体特种气体,semicon,watch,★☆☆,,,,多头排列; MACD金叉; MA60上行(+3.3%/5日),32.79,34.78,30.75,,,0.060689,-0.062214,,,0.100945,-0.064959,0.004005,-0.010431,,,0.056684,-0.051783,,,True,pending
stock,2026-05-18,300502,新易盛,HOLD,3,,,,,0,4.15,光模块,optics,core,★★★,,,,站20/60线; MA60上行(+3.9%/5日),596.8,572.5,566.0,,,-0.040717,-0.051609,,,0.011277,-0.061143,0.004005,-0.010431,,,-0.044723,-0.041177,,,True,pending
stock,2026-05-18,300394,天孚通信,HOLD,3,,,,,0,5.0,光通信器件,optics,core,★★☆,,,,多头排列; MA60上行(+2.9%/5日),383.28,363.0,337.21,,,-0.052912,-0.120199,,,-0.016385,-0.123408,0.004005,-0.010431,,,-0.056917,-0.109768,,,True,pending
stock,2026-05-18,000988,华工科技,HOLD,3,,,,,0,5.0,激光/光模块,optics,core,★★★,,,,多头排列; 红柱扩张; RSI偏高72; MA60上行(+5.0%/5日); 偏离MA20+16%,147.38,158.4,153.96,,,0.074773,0.044646,,,0.159452,-0.000679,0.004005,-0.010431,,,0.070767,0.055078,,,False,pending
stock,2026-05-18,601138,工业富联,HOLD,3,,,,,0,5.01,AI服务器/精密制造,consumer_elec,candidate,★★☆,,,,多头排列; MA60上行(+2.0%/5日),68.71,68.56,65.5,,,-0.002183,-0.046718,,,0.011498,-0.053995,0.004005,-0.010431,,,-0.006188,-0.036287,,,True,pending
stock,2026-05-18,601869,长飞光纤,HOLD,3,,,,,0,3.29,光纤光缆,optics,core,★★★,,,,站20/60线; MA60上行(+6.5%/5日),397.29,397.9,375.8,,,0.001535,-0.054091,,,0.022981,-0.058622,0.004005,-0.010431,,,-0.00247,-0.04366,,,True,pending
stock,2026-05-18,300274,阳光电源,HOLD,2,,,,,0,5.0,逆变器,new_energy,core,★★★,,,,红柱扩张,151.61,157.38,165.38,,,0.038058,0.090825,,,0.141086,0.013917,0.004005,-0.010431,,,0.034053,0.101256,,,False,pending
stock,2026-05-18,000338,潍柴动力,HOLD,2,,,,,0,5.0,重型发动机/氢燃料,machinery,candidate,★★☆,,,,站20/60线; MA60上行(+2.8%/5日),33.22,33.15,32.28,,,-0.002107,-0.028296,,,0.024985,-0.053281,0.004005,-0.010431,,,-0.006113,-0.017865,,,True,pending
stock,2026-05-18,600522,中天科技,HOLD,2,,,,,0,4.99,海缆/光纤/电力电缆,optics,core,★★★,,,,多头排列; RSI偏高70; MA60上行(+6.0%/5日); 偏离MA20+19%,43.67,44.55,41.9,,,0.020151,-0.040531,,,0.085413,-0.0545,0.004005,-0.010431,,,0.016146,-0.0301,,,True,pending
stock,2026-05-18,600498,烽火通信,HOLD,2,,,,,0,4.04,光通信设备,optics,candidate,★★☆,,,,站20/60线; MA60上行(+2.8%/5日),56.0,56.61,54.04,,,0.010893,-0.035,,,0.088929,-0.046786,0.004005,-0.010431,,,0.006887,-0.024569,,,True,pending
stock,2026-05-18,300666,江丰电子,HOLD,2,,,,,0,5.0,高纯溅射靶材,semicon,candidate,★★☆,,,,多头排列; 红柱扩张; RSI偏高72; MA60上行(+3.7%/5日); 偏离MA20+15%,198.79,213.93,191.02,,,0.076161,-0.039086,,,0.117863,-0.049751,0.004005,-0.010431,,,0.072155,-0.028655,,,False,pending
stock,2026-05-18,688498,源杰科技,HOLD,1,,,,,0,0.94,光芯片基材,optics,candidate,★★☆,,,,站20/60线; 绿柱扩张; MA60上行(+6.7%/5日),1054.11,1068.0,1038.04,,,0.013177,-0.015245,,,0.065354,-0.051257,0.004005,-0.010431,,,0.009172,-0.004814,,,True,pending
stock,2026-05-18,688012,中微公司,HOLD,1,,,,,0,5.0,半导体设备,semicon,core,★★★,,,,多头排列; 红柱扩张; RSI超买82; MA60上行(+1.5%/5日); 严重偏离MA20+21%,436.5,479.51,475.8,,,0.098534,0.090034,,,0.221833,-0.019244,0.004005,-0.010431,,,0.094528,0.100466,,,False,pending
stock,2026-05-18,603986,兆易创新,HOLD,1,,,,,0,5.0,存储芯片,semicon,candidate,★★☆,,,,多头排列; 红柱扩张; RSI偏高77; MA60上行(+2.5%/5日); 严重偏离MA20+22%,398.8,404.56,431.9,,,0.014443,0.082999,,,0.165572,-0.047091,0.004005,-0.010431,,,0.010438,0.09343,,,False,pending
stock,2026-05-18,600183,生益科技,HOLD,1,,,,,0,5.0,PCB基板/覆铜板,pcb,core,★★★,,,,多头排列; 红柱扩张; RSI超买80; MA60上行(+3.6%/5日); 严重偏离MA20+24%,98.95,100.78,98.19,,,0.018494,-0.007681,,,0.086407,-0.049823,0.004005,-0.010431,,,0.014489,0.002751,,,False,pending
stock,2026-05-18,002463,沪电股份,HOLD,1,,,,,0,0.17,高多层PCB,pcb,core,★★★,,,,站20/60线; 绿柱扩张; MA60上行(+3.8%/5日),103.79,102.6,103.7,,,-0.011465,-0.000867,,,0.056749,-0.052895,0.004005,-0.010431,,,-0.015471,0.009564,,,True,pending
stock,2026-05-18,688120,华海清科,HOLD,1,,,,,0,5.0,CMP研磨设备,semicon,candidate,★★☆,,,,多头排列; 红柱扩张; RSI超买90; 放量1.7x; MA60上行(+3.4%/5日); 严重偏离MA20+29%,268.98,277.6,280.0,,,0.032047,0.04097,,,0.163618,-0.022232,0.004005,-0.010431,,,0.028042,0.051401,,,False,pending
stock,2026-05-18,600487,亨通光电,HOLD,1,,,,,0,4.09,光纤光缆/海底电缆,optics,core,★★★,,,,站20/60线; 绿柱扩张; MA60上行(+5.8%/5日),71.58,75.47,69.9,,,0.054345,-0.02347,,,0.091506,-0.07069,0.004005,-0.010431,,,0.050339,-0.013039,,,True,pending
stock,2026-05-18,600105,永鼎股份,HOLD,1,,,,,0,5.0,光纤光缆/新能源电缆,optics,watch,★☆☆,,,,站20/60线; MA60上行(+6.3%/5日),51.22,50.47,46.29,,,-0.014643,-0.096251,,,0.005076,-0.104256,0.004005,-0.010431,,,-0.018648,-0.08582,,,True,pending
stock,2026-05-18,301200,大族数控,HOLD,1,,,,,0,5.0,激光/数控切割设备,industrial_auto,watch,★☆☆,,,,站20/60线; MA60上行(+3.3%/5日),216.1,218.31,249.46,,,0.010227,0.154373,,,0.243869,-0.009718,0.004005,-0.010431,,,0.006221,0.164804,,,False,pending
stock,2026-05-18,300308,中际旭创,HOLD,0,,,,,0,5.0,光模块,optics,core,★★★,,,,站20/60线; RSI偏高70; MA60上行(+6.1%/5日); 偏离MA20+14%,1042.67,1030.0,993.34,,,-0.012151,-0.047311,,,0.027171,-0.051589,0.004005,-0.010431,,,-0.016157,-0.03688,,,True,pending
stock,2026-05-18,002384,东山精密,HOLD,0,,,,,0,5.0,PCB/光模块封装,optics,candidate,★★☆,,,,站20/60线; 绿柱扩张; RSI偏高68; MA60上行(+9.5%/5日),210.94,222.08,206.97,,,0.052811,-0.018821,,,0.069356,-0.061344,0.004005,-0.010431,,,0.048806,-0.008389,,,True,pending
stock,2026-05-18,688256,寒武纪,HOLD,0,,,,,0,5.0,AI推理芯片,semicon,candidate,★☆☆,,,,站20/60线; RSI偏高74; MA60上行(+5.5%/5日); 偏离MA20+14%,1211.54,1319.2,1290.9,,,0.088862,0.065503,,,0.152253,-0.03016,0.004005,-0.010431,,,0.084857,0.075935,,,False,pending
stock,2026-05-18,002371,北方华创,HOLD,0,,,,,0,5.0,半导体设备,semicon,core,★★★,,,,多头排列; RSI超买81; MA60上行(+1.9%/5日); 偏离MA20+13%,594.89,619.7,662.99,,,0.041705,0.114475,,,0.212997,-0.022508,0.004005,-0.010431,,,0.0377,0.124906,,,False,pending
stock,2026-05-18,002475,立讯精密,HOLD,0,,,,,0,3.7,消费电子精密制造,consumer_elec,core,★★★,,,,站20/60线; MACD死叉; MA60上行(+3.7%/5日),72.38,72.4,67.87,,,0.000276,-0.06231,,,0.008428,-0.066455,0.004005,-0.010431,,,-0.003729,-0.051879,,,True,pending
stock,2026-05-18,000651,格力电器,HOLD,0,,,,,0,2.31,家电,consumer,candidate,★★☆,,,,站20/60线; RSI偏高76,39.76,39.56,38.86,,,-0.00503,-0.022636,,,0.003521,-0.023642,0.004005,-0.010431,,,-0.009036,-0.012204,,,True,pending
stock,2026-05-18,688041,海光信息,HOLD,0,,,,,0,0.91,国产CPU/GPU,semicon,core,★★★,,,,站20/60线; MACD死叉; MA60上行(+2.7%/5日),301.8,312.02,307.0,,,0.033863,0.01723,,,0.126243,-0.033863,0.004005,-0.010431,,,0.029858,0.027661,,,True,pending
stock,2026-05-18,300476,胜宏科技,HOLD,0,,,,,0,1.52,PCB,pcb,candidate,★★☆,,,,站20/60线; MACD死叉; MA60上行(+2.9%/5日),344.75,336.98,331.4,,,-0.022538,-0.038724,,,0.013575,-0.05607,0.004005,-0.010431,,,-0.026543,-0.028292,,,True,pending
stock,2026-05-18,601088,中国神华,HOLD,0,,,,,0,-0.94,煤炭/电力,commodity,watch,★★☆,,,,跌破60线; MACD即将金叉🔔; MA60上行(+0.7%/5日),45.75,46.07,45.26,,,0.006995,-0.01071,,,0.026667,-0.016393,0.004005,-0.010431,,,0.002989,-0.000279,,,True,pending
stock,2026-05-18,688777,中控技术,HOLD,0,,,,,0,5.0,工业自动化DCS,industrial_auto,candidate,★★☆,,,,多头排列; 红柱扩张; RSI偏高76; MA60下行趋势(-1.1%/5日),83.44,87.16,84.85,,,0.044583,0.016898,,,0.095278,0.011985,0.004005,-0.010431,,,0.040578,0.02733,,,False,pending
stock,2026-05-18,688521,芯原股份,HOLD,0,,,,,0,1.61,半导体IP/芯片设计平台,semicon,candidate,★★☆,,,,站20/60线; 绿柱扩张; 缩量弱势0.6x; MA60上行(+1.9%/5日),258.19,299.91,273.54,,,0.161586,0.059452,,,0.175685,-0.020954,0.004005,-0.010431,,,0.157581,0.069884,,,True,pending
stock,2026-05-18,688331,荣昌生物,HOLD,0,,,,,0,-17.11,ADC创新药,pharma,candidate,★★☆,,,,跌破60线; RSI超卖15; 缩量弱势0.6x; MA60上行(+1.1%/5日),111.92,112.47,121.99,,,0.004914,0.089975,,,0.128485,-0.010901,0.004005,-0.010431,,,0.000909,0.100406,,,True,pending
stock,2026-05-18,688167,炬光科技,HOLD,0,,,,,0,5.0,高功率半导体激光器,optics,watch,★☆☆,,,,站20/60线; RSI偏高75; MA60上行(+4.5%/5日); 偏离MA20+19%,490.97,476.66,460.48,,,-0.029146,-0.062102,,,0.048944,-0.091594,0.004005,-0.010431,,,-0.033152,-0.05167,,,True,pending
stock,2026-05-18,688409,富创精密,HOLD,0,,,,,0,5.0,半导体精密零部件,semicon,watch,★☆☆,,,,多头排列; 红柱扩张; RSI超买85; 放量1.6x; MA60上行(+4.7%/5日); 严重偏离MA20+38%,167.78,174.9,163.58,,,0.042437,-0.025033,,,0.122184,-0.027894,0.004005,-0.010431,,,0.038431,-0.014601,,,False,pending
stock,2026-05-18,688072,拓荆科技,HOLD,0,,,,,0,5.0,半导体薄膜设备,semicon,candidate,★★☆,,,,多头排列; RSI超买80; MA60上行(+4.0%/5日); 偏离MA20+17%,521.85,554.93,606.2,,,0.06339,0.161636,,,0.337549,-0.02654,0.004005,-0.010431,,,0.059385,0.172068,,,False,pending
stock,2026-05-18,300750,宁德时代,HOLD,-1,,,,,0,-5.32,动力电池,battery,core,★★★,,,,跌破20线; 绿柱扩张; MA60上行(+1.5%/5日),414.91,417.92,411.63,,,0.007255,-0.007905,,,0.030633,-0.019546,0.004005,-0.010431,,,0.003249,0.002526,,,True,pending
stock,2026-05-18,600887,伊利股份,HOLD,-1,,,,,0,2.46,乳制品/食品,consumer,candidate,★★☆,,,,站20/60线; RSI偏高77; 缩量弱势0.6x,27.26,27.23,26.76,,,-0.001101,-0.018342,,,0.012472,-0.020543,0.004005,-0.010431,,,-0.005106,-0.007911,,,False,pending
stock,2026-05-18,688981,中芯国际,HOLD,-1,,,,,0,1.62,半导体代工,semicon,core,★★★,,,,站20/60线; MACD死叉,116.91,118.82,127.22,,,0.016337,0.088187,,,0.17723,-0.036182,0.004005,-0.010431,,,0.012332,0.098619,,,True,pending
stock,2026-05-18,600309,万华化学,HOLD,-1,,,,,0,-8.41,MDI/聚氨酯,chemical,candidate,★★★,,,,跌破60线; 绿柱扩张; RSI超卖23,79.69,79.5,77.49,,,-0.002384,-0.027607,,,0.013553,-0.027607,0.004005,-0.010431,,,-0.00639,-0.017176,,,True,pending
stock,2026-05-18,688048,长光华芯,HOLD,-1,,,,,0,5.0,半导体激光芯片,optics,candidate,★★☆,,,,站20/60线; MACD死叉; 缩量弱势0.6x; MA60上行(+10.6%/5日),405.31,401.71,356.97,,,-0.008882,-0.119267,,,-0.004589,-0.124127,0.004005,-0.010431,,,-0.012887,-0.108835,,,True,pending
stock,2026-05-18,002008,大族激光,HOLD,-1,,,,,0,5.0,工业激光设备,industrial_auto,candidate,★★☆,,,,站20/60线; RSI偏高74; MA60上行(+10.5%/5日); 严重偏离MA20+22%,137.19,136.79,142.59,,,-0.002916,0.039361,,,0.111524,-0.025366,0.004005,-0.010431,,,-0.006921,0.049793,,,False,pending
stock,2026-05-18,603929,亚翔集成,HOLD,-1,,,,,0,-4.48,半导体洁净室工程,semicon,watch,★☆☆,,,,跌破20线; 绿柱扩张; MA60上行(+2.3%/5日),182.57,182.85,176.9,,,0.001534,-0.031057,,,0.057567,-0.068686,0.004005,-0.010431,,,-0.002472,-0.020625,,,True,pending
stock,2026-05-18,603256,宏和科技,HOLD,-1,,,,,0,5.0,高端电子玻纤布,pcb,watch,★☆☆,,,,站20/60线; MACD死叉; RSI偏高69; MA60上行(+8.5%/5日),130.92,137.21,144.88,,,0.048045,0.10663,,,0.191491,-0.023144,0.004005,-0.010431,,,0.044039,0.117061,,,False,pending
stock,2026-05-18,688002,睿创微纳,HOLD,-1,,,,,0,-4.39,红外热成像/军工电子,defense,candidate,★★☆,,,,跌破20线; 绿柱扩张; MA60上行(+1.9%/5日),133.41,133.26,129.38,,,-0.001124,-0.030208,,,0.039877,-0.039877,0.004005,-0.010431,,,-0.00513,-0.019776,,,True,pending
stock,2026-05-18,603259,药明康德,HOLD,-2,,,,,0,-3.26,CXO,pharma,watch,★☆☆,,,,跌破20线; 绿柱扩张; 缩量弱势0.5x; MA60上行(+0.7%/5日),101.56,101.79,104.23,,,0.002265,0.02629,,,0.059768,-0.003545,0.004005,-0.010431,,,-0.001741,0.036721,,,True,pending
stock,2026-05-18,002594,比亚迪,HOLD,-2,,,,,0,-6.86,电动车/刀片电池,new_energy,candidate,★★★,,,,跌破60线; 绿柱扩张; MA60上行(+0.7%/5日),94.32,96.0,93.51,,,0.017812,-0.008588,,,0.019932,-0.010814,0.004005,-0.010431,,,0.013806,0.001844,,,True,pending
stock,2026-05-18,002028,思源电气,HOLD,-2,,,,,0,-7.36,特高压/变电设备,power_equip,watch,★★☆,,,,跌破60线; 绿柱扩张; RSI偏低31,192.04,194.99,198.82,,,0.015361,0.035305,,,0.091439,-0.014893,0.004005,-0.010431,,,0.011356,0.045736,,,True,pending
stock,2026-05-18,603288,海天味业,HOLD,-2,,,,,0,-7.16,调味品,food_bev,watch,★☆☆,,,,跌破60线; 绿柱扩张; RSI超卖11; 连跌7日,36.29,36.19,35.34,,,-0.002756,-0.026178,,,0.019289,-0.027556,0.004005,-0.010431,,,-0.006761,-0.015747,,,True,pending
stock,2026-05-18,688195,腾景科技,HOLD,-2,,,,,0,-3.1,精密光学元件,optics,candidate,★★☆,,,,跌破20线; 绿柱扩张; 缩量弱势0.5x; MA60上行(+3.7%/5日),344.6,331.08,320.97,,,-0.039234,-0.068572,,,0.027278,-0.074318,0.004005,-0.010431,,,-0.043239,-0.058141,,,True,pending
stock,2026-05-18,601872,招商轮船,HOLD,-2,,,,,0,-5.57,VLCC油轮/干散货,shipping,candidate,★★☆,,,,跌破60线; 绿柱扩张; MA60上行(+3.0%/5日),17.06,17.48,17.8,,,0.024619,0.043376,,,0.107268,-0.003517,0.004005,-0.010431,,,0.020614,0.053808,,,True,pending
stock,2026-05-18,600426,华鲁恒升,HOLD,-3,,,,,0,-8.77,煤化工/化肥,chemical,candidate,★★☆,,,,跌破60线; 绿柱扩张; RSI偏低34; MA60偏弱(-0.5%/5日),33.17,32.08,31.37,,,-0.032861,-0.054266,,,-0.003316,-0.054869,0.004005,-0.010431,,,-0.036866,-0.043835,,,True,pending
stock,2026-05-18,600438,通威股份,HOLD,-3,,,,,0,-9.01,光伏电池/硅料,new_energy,candidate,★★☆,,,,跌破60线; 绿柱扩张; RSI超卖15; MA60下行趋势(-1.2%/5日),15.99,16.11,15.59,,,0.007505,-0.025016,,,0.030019,-0.026266,0.004005,-0.010431,,,0.003499,-0.014584,,,True,pending
stock,2026-05-18,601012,隆基绿能,HOLD,-3,,,,,0,-11.55,光伏组件,new_energy,watch,★☆☆,,,,跌破60线; 绿柱扩张; RSI超卖15; MA60下行趋势(-1.2%/5日),15.07,15.24,14.79,,,0.011281,-0.01858,,,0.038487,-0.021898,0.004005,-0.010431,,,0.007275,-0.008149,,,True,pending
stock,2026-05-18,002714,牧原股份,HOLD,-3,,,,,0,-8.3,生猪养殖,agriculture,candidate,★★☆,,,,跌破60线; 绿柱扩张; RSI偏低35; MA60偏弱(-0.8%/5日),40.46,40.3,39.49,,,-0.003955,-0.023974,,,0.014582,-0.026199,0.004005,-0.010431,,,-0.00796,-0.013543,,,True,pending
stock,2026-05-18,000568,泸州老窖,HOLD,-3,,,,,0,-9.31,高端白酒,food_bev,candidate,★★☆,,,,跌破60线; 绿柱扩张; RSI超卖22; MA60下行趋势(-2.4%/5日),89.98,90.33,91.42,,,0.00389,0.016004,,,0.043343,0.000556,0.004005,-0.010431,,,-0.000116,0.026435,,,True,pending
stock,2026-05-18,002865,钧达股份,HOLD,-3,,,,,0,5.0,TOPCon光伏电池片,new_energy,watch,★☆☆,,,,站20/60线; RSI偏高74; MA60偏弱(-0.4%/5日); 连跌4日且MA60偏弱; 偏离MA20+16%,99.85,95.12,97.66,,,-0.047371,-0.021933,,,0.03355,-0.060591,0.004005,-0.010431,,,-0.051376,-0.011502,,,True,pending
stock,2026-05-18,601899,紫金矿业,REDUCE,-4,,,,,0,-9.75,铜金矿,commodity,watch,★☆☆,,,,跌破60线; 绿柱扩张; RSI偏低32; MA60下行趋势(-1.2%/5日),31.08,31.16,29.99,,,0.002574,-0.035071,,,0.009974,-0.037323,0.004005,-0.010431,,,-0.001431,-0.024639,,,True,pending
stock,2026-05-18,600276,恒瑞医药,REDUCE,-4,,,,,0,-5.19,创新药,pharma,watch,★☆☆,,,,跌破60线; 绿柱扩张; RSI偏低31; MA60偏弱(-0.5%/5日); 连跌3日且MA60偏弱,52.24,51.59,51.45,,,-0.012443,-0.015123,,,0.012825,-0.035605,0.004005,-0.010431,,,-0.016448,-0.004691,,,True,pending
stock,2026-05-18,600519,贵州茅台,REDUCE,-4,,,,,0,-4.88,高端白酒,consumer,candidate,★★☆,,,,跌破60线; 绿柱扩张; RSI超卖24; MA60下行趋势(-1.0%/5日); 连跌5日,1323.0,1324.3,1311.0,,,0.000983,-0.00907,,,0.007551,-0.00907,0.004005,-0.010431,,,-0.003023,0.001361,,,True,pending
stock,2026-05-18,000858,五粮液,REDUCE,-4,,,,,0,-12.04,高端白酒,consumer,candidate,★★☆,,,,跌破60线; 绿柱扩张; RSI超卖3; MA60下行趋势(-1.6%/5日); 连跌6日,85.53,85.78,85.35,,,0.002923,-0.002105,,,0.02011,-0.011575,0.004005,-0.010431,,,-0.001082,0.008327,,,True,pending
stock,2026-05-18,601888,中国中免,REDUCE,-4,,,,,0,-10.63,免税零售,consumer,candidate,★★☆,,,,跌破60线; 绿柱扩张; RSI超卖14; MA60下行趋势(-3.7%/5日); 连跌4日且MA60偏弱,57.96,58.36,57.1,,,0.006901,-0.014838,,,0.022602,-0.016046,0.004005,-0.010431,,,0.002896,-0.004406,,,True,pending
stock,2026-05-18,600988,赤峰黄金,REDUCE,-4,,,,,0,-12.39,黄金矿采选,commodity,candidate,★★☆,,,,跌破60线; 绿柱扩张; 连跌5日,36.47,36.26,34.5,,,-0.005758,-0.054017,,,0.019468,-0.05484,0.004005,-0.010431,,,-0.009764,-0.043586,,,True,pending
stock,2026-05-18,600893,航发动力,REDUCE,-4,,,,,0,-4.88,航空发动机,defense,candidate,★★☆,,,,跌破60线; MACD死叉,46.27,47.63,45.59,,,0.029393,-0.014696,,,0.053382,-0.017506,0.004005,-0.010431,,,0.025387,-0.004265,,,True,pending
stock,2026-05-18,688111,金山办公,REDUCE,-4,,,,,0,-1.31,AI办公软件,software,candidate,★★☆,,,,跌破60线; MA60下行趋势(-1.7%/5日),252.33,255.29,243.9,,,0.011731,-0.033409,,,0.021282,-0.034201,0.004005,-0.010431,,,0.007725,-0.022977,,,True,pending
stock,2026-05-18,600030,中信证券,REDUCE,-5,,,,,0,-2.68,综合券商,finance,candidate,★★☆,,,,跌破60线; 绿柱扩张; MA60偏弱(-0.4%/5日); 连跌4日且MA60偏弱,26.08,26.27,26.22,,,0.007285,0.005368,,,0.038727,-0.007669,0.004005,-0.010431,,,0.00328,0.015799,,,True,pending
stock,2026-05-18,601318,中国平安,REDUCE,-5,,,,,0,-6.53,保险/金融科技,finance,candidate,★★☆,,,,跌破60线; 绿柱扩张; RSI偏低31; MA60下行趋势(-1.4%/5日); 连跌4日且MA60偏弱,54.67,54.48,53.76,,,-0.003475,-0.016645,,,0.012072,-0.018109,0.004005,-0.010431,,,-0.007481,-0.006214,,,True,pending
stock,2026-05-18,600879,航天电子,REDUCE,-5,,,,,0,-4.78,军工电子/惯导,defense,candidate,★★☆,,,,跌破60线; 绿柱扩张; MA60偏弱(-0.6%/5日); 连跌4日且MA60偏弱,23.42,23.43,22.37,,,0.000427,-0.044833,,,0.025192,-0.045687,0.004005,-0.010431,,,-0.003578,-0.034402,,,True,pending
stock,2026-05-18,600031,三一重工,REDUCE,-6,,,,,0,-5.27,工程机械,machinery,watch,★★☆,,,,跌破60线; MACD死叉; MA60下行趋势(-1.0%/5日); 观察池暂缓止损，降为减仓（watch池止损成本高）,19.34,19.31,18.96,,,-0.001551,-0.019648,,,0.034643,-0.020683,0.004005,-0.010431,,,-0.005557,-0.009217,,,True,pending
stock,2026-05-18,603993,洛阳钼业,REDUCE,-6,,,,,0,-7.73,铜/钴矿,commodity,core,★★★,,,,跌破60线; MACD死叉; MA60下行趋势(-1.2%/5日); MA60跌破3日未满4日确认，降级为减仓,18.25,18.18,17.64,,,-0.003836,-0.033425,,,0.020274,-0.03726,0.004005,-0.010431,,,-0.007841,-0.022993,,,True,pending
stock,2026-05-18,603799,华友钴业,SELL_STOP,-7,,,,,0,-11.17,钴/三元前驱体,battery_materials,candidate,★★☆,,,,跌破60线; 绿柱扩张; 缩量弱势0.5x; MA60下行趋势(-1.3%/5日); 连跌6日,58.03,57.6,56.46,,,-0.00741,-0.027055,,,0.022402,-0.043253,0.004005,-0.010431,,,-0.011415,-0.016624,,,True,pending
stock,2026-05-18,300760,迈瑞医疗,SELL_STOP,-7,,,,,0,-4.65,医疗器械,pharma,candidate,★★☆,,,,跌破60线; MACD死叉; MA60下行趋势(-1.4%/5日); 连跌5日,155.98,158.15,158.26,,,0.013912,0.014617,,,0.063534,-0.012053,0.004005,-0.010431,,,0.009907,0.025049,,,True,pending
stock,2026-05-19,600487,亨通光电,HOLD,4,,,,,0,5.0,光纤光缆/海底电缆,optics,core,★★★,,,,多头排列; MA60上行(+5.6%/5日),75.41,75.78,,,,0.004907,,,,0.036069,-0.079963,-0.000449,,,,0.005356,,,,True,pending
stock,2026-05-19,601869,长飞光纤,HOLD,3,,,,,0,2.84,光纤光缆,optics,core,★★★,,,,多头排列; 绿柱扩张; MA60上行(+6.1%/5日),397.02,397.95,,,,0.002342,,,,0.023676,-0.057982,-0.000449,,,,0.002792,,,,True,pending
stock,2026-05-19,688521,芯原股份,HOLD,3,,,,,0,5.0,半导体IP/芯片设计平台,semicon,candidate,★★☆,,,,多头排列; MACD金叉; RSI偏高69; MA60上行(+2.0%/5日); 偏离MA20+16%,297.73,294.79,,,,-0.009875,,,,0.019548,-0.08941,-0.000449,,,,-0.009426,,,,True,pending
stock,2026-05-19,300394,天孚通信,HOLD,2,,,,,0,4.72,光通信器件,optics,core,★★☆,,,,站20/60线; MA60上行(+2.9%/5日),365.92,358.99,,,,-0.018939,,,,0.008417,-0.081821,-0.000449,,,,-0.018489,,,,True,pending
stock,2026-05-19,002371,北方华创,HOLD,2,,,,,0,5.0,半导体设备,semicon,core,★★★,,,,多头排列; 红柱扩张; RSI超买84; MA60上行(+2.0%/5日); 偏离MA20+16%,617.42,656.0,,,,0.062486,,,,0.168734,-0.005539,-0.000449,,,,0.062935,,,,False,pending
stock,2026-05-19,601138,工业富联,HOLD,2,,,,,0,4.2,AI服务器/精密制造,consumer_elec,candidate,★★☆,,,,站20/60线; MA60上行(+2.1%/5日),68.57,68.15,,,,-0.006125,,,,0.013563,-0.052064,-0.000449,,,,-0.005676,,,,True,pending
stock,2026-05-19,000333,美的集团,HOLD,2,,,,,0,0.48,家电/工业机器人,consumer,core,★★★,,,,站20/60线,80.83,81.5,,,,0.008289,,,,0.028702,-0.009279,-0.000449,,,,0.008738,,,,True,pending
stock,2026-05-19,000338,潍柴动力,HOLD,2,,,,,0,5.0,重型发动机/氢燃料,machinery,candidate,★★☆,,,,站20/60线; MA60上行(+2.8%/5日),33.19,32.61,,,,-0.017475,,,,0.025911,-0.052425,-0.000449,,,,-0.017026,,,,True,pending
stock,2026-05-19,600522,中天科技,HOLD,2,,,,,0,5.0,海缆/光纤/电力电缆,optics,core,★★★,,,,多头排列; RSI偏高74; MA60上行(+5.9%/5日); 偏离MA20+19%,44.64,45.41,,,,0.017249,,,,0.061828,-0.0625,-0.000449,,,,0.017698,,,,True,pending
stock,2026-05-19,600498,烽火通信,HOLD,2,,,,,0,4.45,光通信设备,optics,candidate,★★☆,,,,站20/60线; MA60上行(+2.7%/5日),56.67,58.48,,,,0.031939,,,,0.076054,-0.050644,-0.000449,,,,0.032389,,,,True,pending
stock,2026-05-19,300757,罗博特科,HOLD,2,,,,,0,5.0,光伏/新能源自动化装备,industrial_auto,candidate,★★☆,,,,站20/60线; MA60上行(+3.1%/5日),560.95,566.48,,,,0.009858,,,,0.041073,-0.071735,-0.000449,,,,0.010307,,,,True,pending
stock,2026-05-19,605117,德业股份,HOLD,2,,,,,0,4.18,储能逆变器/户用储能,new_energy,candidate,★★☆,,,,多头排列; 绿柱扩张; MA60上行(+4.2%/5日),157.17,169.7,,,,0.079723,,,,0.110645,0.000255,-0.000449,,,,0.080172,,,,False,pending
stock,2026-05-19,688548,广钢气体,HOLD,2,,,,,0,5.0,半导体特种气体,semicon,watch,★☆☆,,,,多头排列; 红柱扩张; MA60上行(+3.6%/5日); 偏离MA20+16%,34.39,34.16,,,,-0.006688,,,,0.049724,-0.108462,-0.000449,,,,-0.006239,,,,True,pending
stock,2026-05-19,688498,源杰科技,HOLD,1,,,,,0,1.58,光芯片基材,optics,candidate,★★☆,,,,站20/60线; 绿柱扩张; MA60上行(+6.4%/5日),1069.39,1114.94,,,,0.042594,,,,0.050131,-0.040808,-0.000449,,,,0.043044,,,,True,pending
stock,2026-05-19,002384,东山精密,HOLD,1,,,,,0,5.0,PCB/光模块封装,optics,candidate,★★☆,,,,多头排列; RSI偏高72; MA60上行(+9.4%/5日); 偏离MA20+14%,222.82,223.0,,,,0.000808,,,,0.012342,-0.083745,-0.000449,,,,0.001257,,,,True,pending
stock,2026-05-19,000988,华工科技,HOLD,1,,,,,0,5.0,激光/光模块,optics,core,★★★,,,,多头排列; 红柱扩张; RSI超买78; MA60上行(+5.2%/5日); 严重偏离MA20+23%,159.33,163.42,,,,0.02567,,,,0.072491,-0.039792,-0.000449,,,,0.026119,,,,False,pending
stock,2026-05-19,688012,中微公司,HOLD,1,,,,,0,5.0,半导体设备,semicon,core,★★★,,,,多头排列; 红柱扩张; RSI超买84; MA60上行(+1.9%/5日); 严重偏离MA20+29%,475.9,490.33,,,,0.030321,,,,0.120677,-0.012398,-0.000449,,,,0.030771,,,,False,pending
stock,2026-05-19,688041,海光信息,HOLD,1,,,,,0,2.75,国产CPU/GPU,semicon,core,★★★,,,,站20/60线; 绿柱扩张; MA60上行(+2.4%/5日),310.57,316.74,,,,0.019867,,,,0.094439,-0.014715,-0.000449,,,,0.020316,,,,False,pending
stock,2026-05-19,600183,生益科技,HOLD,1,,,,,0,5.0,PCB基板/覆铜板,pcb,core,★★★,,,,多头排列; 红柱扩张; RSI超买86; MA60上行(+3.9%/5日); 严重偏离MA20+23%,100.89,100.56,,,,-0.003271,,,,0.065517,-0.032015,-0.000449,,,,-0.002822,,,,False,pending
stock,2026-05-19,688048,长光华芯,HOLD,1,,,,,0,4.13,半导体激光芯片,optics,candidate,★★☆,,,,站20/60线; 绿柱扩张; MA60上行(+10.2%/5日),402.0,393.98,,,,-0.01995,,,,-0.0001,-0.116915,-0.000449,,,,-0.019501,,,,True,pending
stock,2026-05-19,300666,江丰电子,HOLD,1,,,,,0,5.0,高纯溅射靶材,semicon,candidate,★★☆,,,,多头排列; 红柱扩张; RSI偏高76; MA60上行(+3.9%/5日); 严重偏离MA20+21%,213.9,213.68,,,,-0.001029,,,,0.038897,-0.116877,-0.000449,,,,-0.000579,,,,True,pending
stock,2026-05-19,301200,大族数控,HOLD,1,,,,,0,5.0,激光/数控切割设备,industrial_auto,watch,★☆☆,,,,站20/60线; MA60上行(+3.5%/5日),218.22,224.0,,,,0.026487,,,,0.231784,-0.003391,-0.000449,,,,0.026936,,,,False,pending
stock,2026-05-19,300308,中际旭创,HOLD,0,,,,,0,5.0,光模块,optics,core,★★★,,,,站20/60线; RSI偏高70; MA60上行(+6.2%/5日); 偏离MA20+12%,1033.8,1037.0,,,,0.003095,,,,0.035984,-0.039137,-0.000449,,,,0.003545,,,,False,pending
stock,2026-05-19,300502,新易盛,HOLD,0,,,,,0,0.37,光模块,optics,core,★★★,,,,站20/60线; MACD死叉; MA60上行(+4.0%/5日),576.22,587.97,,,,0.020392,,,,0.047395,-0.019003,-0.000449,,,,0.020841,,,,True,pending
stock,2026-05-19,603986,兆易创新,HOLD,0,,,,,0,5.0,存储芯片,semicon,candidate,★★☆,,,,多头排列; 红柱扩张; RSI超买81; MA60上行(+2.8%/5日); 严重偏离MA20+21%,403.21,445.02,,,,0.103693,,,,0.152824,0.011384,-0.000449,,,,0.104142,,,,False,pending
stock,2026-05-19,688256,寒武纪,HOLD,0,,,,,0,5.0,AI推理芯片,semicon,candidate,★☆☆,,,,多头排列; 红柱扩张; RSI偏高77; MA60上行(+5.6%/5日); 严重偏离MA20+21%,1320.0,1362.41,,,,0.032129,,,,0.057576,-0.026515,-0.000449,,,,0.032578,,,,False,pending
stock,2026-05-19,002475,立讯精密,HOLD,0,,,,,0,2.74,消费电子精密制造,consumer_elec,core,★★★,,,,站20/60线; 绿柱扩张; 缩量弱势0.6x; MA60上行(+3.5%/5日),72.3,70.07,,,,-0.030844,,,,0.009544,-0.065422,-0.000449,,,,-0.030394,,,,True,pending
stock,2026-05-19,000651,格力电器,HOLD,0,,,,,0,1.52,家电,consumer,candidate,★★☆,,,,站20/60线; RSI偏高72,39.54,39.51,,,,-0.000759,,,,0.004552,-0.018209,-0.000449,,,,-0.00031,,,,True,pending
stock,2026-05-19,688981,中芯国际,HOLD,0,,,,,0,2.41,半导体代工,semicon,core,★★★,,,,站20/60线; 绿柱扩张,118.64,133.81,,,,0.127866,,,,0.160064,-0.009609,-0.000449,,,,0.128315,,,,False,pending
stock,2026-05-19,601088,中国神华,HOLD,0,,,,,0,-0.22,煤炭/电力,commodity,watch,★★☆,,,,跌破60线; MACD即将金叉🔔; MA60上行(+0.6%/5日),46.11,46.0,,,,-0.002386,,,,0.018651,-0.024073,-0.000449,,,,-0.001936,,,,True,pending
stock,2026-05-19,688120,华海清科,HOLD,0,,,,,0,5.0,CMP研磨设备,semicon,candidate,★★☆,,,,多头排列; 红柱扩张; RSI超买91; MA60上行(+3.8%/5日); 严重偏离MA20+30%,277.54,298.0,,,,0.073719,,,,0.127729,0.008864,-0.000449,,,,0.074168,,,,False,pending
stock,2026-05-19,002008,大族激光,HOLD,0,,,,,0,5.0,工业激光设备,industrial_auto,candidate,★★☆,,,,站20/60线; RSI偏高75; MA60上行(+10.3%/5日); 偏离MA20+19%,136.93,144.34,,,,0.054115,,,,0.113635,-0.010589,-0.000449,,,,0.054564,,,,False,pending
stock,2026-05-19,688331,荣昌生物,HOLD,0,,,,,0,-14.88,ADC创新药,pharma,candidate,★★☆,,,,跌破60线; RSI超卖17; MA60上行(+0.9%/5日); 连跌5日,112.32,116.66,,,,0.03864,,,,0.124466,-0.007301,-0.000449,,,,0.039089,,,,True,pending
stock,2026-05-19,601872,招商轮船,HOLD,0,,,,,0,-2.63,VLCC油轮/干散货,shipping,candidate,★★☆,,,,跌破20线; MA60上行(+2.8%/5日),17.52,17.73,,,,0.011986,,,,0.078196,-0.02968,-0.000449,,,,0.012436,,,,True,pending
stock,2026-05-19,688167,炬光科技,HOLD,0,,,,,0,5.0,高功率半导体激光器,optics,watch,★☆☆,,,,站20/60线; RSI偏高73; MA60上行(+4.3%/5日); 偏离MA20+14%,477.11,486.21,,,,0.019073,,,,0.079416,-0.044246,-0.000449,,,,0.019522,,,,False,pending
stock,2026-05-19,600105,永鼎股份,HOLD,0,,,,,0,5.0,光纤光缆/新能源电缆,optics,watch,★☆☆,,,,站20/60线; MACD死叉; MA60上行(+6.2%/5日),50.8,50.63,,,,-0.003346,,,,0.013386,-0.09685,-0.000449,,,,-0.002897,,,,True,pending
stock,2026-05-19,688072,拓荆科技,HOLD,0,,,,,0,5.0,半导体薄膜设备,semicon,candidate,★★☆,,,,多头排列; 红柱扩张; RSI超买83; MA60上行(+4.2%/5日); 严重偏离MA20+22%,554.98,634.88,,,,0.143969,,,,0.257703,0.019911,-0.000449,,,,0.144418,,,,False,pending
stock,2026-05-19,300274,阳光电源,HOLD,-1,,,,,0,5.0,逆变器,new_energy,core,★★★,,,,红柱扩张; RSI偏高71; 偏离MA20+13%,157.44,167.2,,,,0.061992,,,,0.098831,-0.008511,-0.000449,,,,0.062441,,,,False,pending
stock,2026-05-19,300750,宁德时代,HOLD,-1,,,,,0,-4.05,动力电池,battery,core,★★★,,,,跌破20线; 绿柱扩张; MA60上行(+1.4%/5日),418.75,414.75,,,,-0.009552,,,,0.021182,-0.017504,-0.000449,,,,-0.009103,,,,True,pending
stock,2026-05-19,002463,沪电股份,HOLD,-1,,,,,0,-1.53,高多层PCB,pcb,core,★★★,,,,跌破20线; 绿柱扩张; MA60上行(+3.7%/5日),102.49,103.58,,,,0.010635,,,,0.070153,-0.007708,-0.000449,,,,0.011084,,,,True,pending
stock,2026-05-19,300476,胜宏科技,HOLD,-1,,,,,0,-1.19,PCB,pcb,candidate,★★☆,,,,跌破20线; 绿柱扩张; MA60上行(+2.7%/5日),337.28,334.2,,,,-0.009132,,,,0.036023,-0.021584,-0.000449,,,,-0.008683,,,,True,pending
stock,2026-05-19,688195,腾景科技,HOLD,-1,,,,,0,-6.74,精密光学元件,optics,candidate,★★☆,,,,跌破20线; 绿柱扩张; MA60上行(+3.5%/5日),332.6,349.07,,,,0.049519,,,,0.064342,-0.037883,-0.000449,,,,0.049968,,,,True,pending
stock,2026-05-19,688777,中控技术,HOLD,-1,,,,,0,5.0,工业自动化DCS,industrial_auto,candidate,★★☆,,,,多头排列; 红柱扩张; RSI超买78; MA60偏弱(-0.8%/5日); 偏离MA20+14%,87.15,87.97,,,,0.009409,,,,0.048652,-0.031096,-0.000449,,,,0.009858,,,,False,pending
stock,2026-05-19,688409,富创精密,HOLD,-1,,,,,0,5.0,半导体精密零部件,semicon,watch,★☆☆,,,,多头排列; 红柱扩张; RSI超买86; MA60上行(+5.5%/5日); 严重偏离MA20+39%,173.4,187.5,,,,0.081315,,,,0.085813,-0.056632,-0.000449,,,,0.081764,,,,True,pending
stock,2026-05-19,603929,亚翔集成,HOLD,-1,,,,,0,-5.4,半导体洁净室工程,semicon,watch,★☆☆,,,,跌破20线; 绿柱扩张; MA60上行(+2.2%/5日),180.8,188.7,,,,0.043695,,,,0.06792,-0.027876,-0.000449,,,,0.044144,,,,True,pending
stock,2026-05-19,603256,宏和科技,HOLD,-1,,,,,0,5.0,高端电子玻纤布,pcb,watch,★☆☆,,,,站20/60线; 绿柱扩张; RSI偏高71; MA60上行(+8.0%/5日); 连跌5日,136.92,145.0,,,,0.059013,,,,0.139278,-0.021326,-0.000449,,,,0.059462,,,,False,pending
stock,2026-05-19,002865,钧达股份,HOLD,-1,,,,,0,5.0,TOPCon光伏电池片,new_energy,watch,★☆☆,,,,站20/60线; RSI偏高70; MA60偏弱(-0.3%/5日),94.96,98.86,,,,0.04107,,,,0.086773,-0.007477,-0.000449,,,,0.041519,,,,False,pending
stock,2026-05-19,688002,睿创微纳,HOLD,-1,,,,,0,-4.76,红外热成像/军工电子,defense,candidate,★★☆,,,,跌破20线; 绿柱扩张; MA60上行(+1.7%/5日),133.34,135.04,,,,0.012749,,,,0.040423,-0.033223,-0.000449,,,,0.013199,,,,True,pending
stock,2026-05-19,600887,伊利股份,HOLD,-2,,,,,0,1.91,乳制品/食品,consumer,candidate,★★☆,,,,站20/60线; RSI偏高76; 缩量弱势0.5x; 连跌5日,27.19,27.12,,,,-0.002574,,,,0.006988,-0.018021,-0.000449,,,,-0.002125,,,,False,pending
stock,2026-05-19,600426,华鲁恒升,HOLD,-2,,,,,0,-11.8,煤化工/化肥,chemical,candidate,★★☆,,,,跌破60线; 绿柱扩张; RSI超卖22; MA60偏弱(-0.6%/5日),32.11,32.13,,,,0.000623,,,,0.016817,-0.023669,-0.000449,,,,0.001072,,,,True,pending
stock,2026-05-19,002594,比亚迪,HOLD,-2,,,,,0,-4.74,电动车/刀片电池,new_energy,candidate,★★★,,,,跌破60线; 缩量弱势0.6x; MA60上行(+0.6%/5日),95.77,93.36,,,,-0.025164,,,,0.00449,-0.025791,-0.000449,,,,-0.024715,,,,True,pending
stock,2026-05-19,002028,思源电气,HOLD,-2,,,,,0,-5.53,特高压/变电设备,power_equip,watch,★★☆,,,,跌破60线; RSI偏低34; 缩量弱势0.6x,194.38,205.3,,,,0.056179,,,,0.0783,-0.006379,-0.000449,,,,0.056628,,,,True,pending
stock,2026-05-19,000568,泸州老窖,HOLD,-2,,,,,0,-8.01,高端白酒,food_bev,candidate,★★☆,,,,跌破60线; RSI超卖21; MA60下行趋势(-2.4%/5日),90.48,92.2,,,,0.01901,,,,0.037577,-0.004973,-0.000449,,,,0.019459,,,,True,pending
stock,2026-05-19,603288,海天味业,HOLD,-2,,,,,0,-6.91,调味品,food_bev,watch,★☆☆,,,,跌破60线; 绿柱扩张; RSI超卖3; 连跌8日,36.17,35.88,,,,-0.008018,,,,0.006082,-0.02433,-0.000449,,,,-0.007568,,,,True,pending
stock,2026-05-19,603259,药明康德,HOLD,-3,,,,,0,-2.97,CXO,pharma,watch,★☆☆,,,,跌破20线; 绿柱扩张; 缩量弱势0.6x,101.68,103.1,,,,0.013965,,,,0.058517,-0.004622,-0.000449,,,,0.014415,,,,True,pending
stock,2026-05-19,600519,贵州茅台,HOLD,-3,,,,,0,-4.39,高端白酒,consumer,candidate,★★☆,,,,跌破60线; RSI超卖3; MA60下行趋势(-1.1%/5日); 连跌6日,1322.5,1315.0,,,,-0.005671,,,,0.007932,-0.008696,-0.000449,,,,-0.005222,,,,True,pending
stock,2026-05-19,000858,五粮液,HOLD,-3,,,,,0,-10.68,高端白酒,consumer,candidate,★★☆,,,,跌破60线; RSI超卖3; MA60下行趋势(-1.7%/5日); 连跌7日,85.79,85.47,,,,-0.00373,,,,0.016435,-0.01457,-0.000449,,,,-0.003281,,,,True,pending
stock,2026-05-19,601888,中国中免,HOLD,-3,,,,,0,-8.99,免税零售,consumer,candidate,★★☆,,,,跌破60线; RSI超卖17; MA60下行趋势(-3.8%/5日); 连跌5日,58.37,57.81,,,,-0.009594,,,,0.010451,-0.022957,-0.000449,,,,-0.009145,,,,True,pending
stock,2026-05-19,600309,万华化学,HOLD,-3,,,,,0,-8.19,MDI/聚氨酯,chemical,candidate,★★★,,,,跌破60线; 绿柱扩张; RSI超卖12; MA60偏弱(-0.4%/5日); 连跌3日且MA60偏弱,79.37,79.0,,,,-0.004662,,,,0.017639,-0.023687,-0.000449,,,,-0.004212,,,,True,pending
stock,2026-05-19,600893,航发动力,HOLD,-3,,,,,0,-1.43,航空发动机,defense,candidate,★★☆,,,,跌破60线; 绿柱扩张,47.71,47.15,,,,-0.011738,,,,0.021589,-0.04716,-0.000449,,,,-0.011288,,,,True,pending
stock,2026-05-19,600276,恒瑞医药,REDUCE,-4,,,,,0,-5.85,创新药,pharma,watch,★☆☆,,,,跌破60线; 绿柱扩张; RSI偏低31; MA60偏弱(-0.6%/5日); 连跌4日且MA60偏弱,51.65,50.95,,,,-0.013553,,,,0.022072,-0.024589,-0.000449,,,,-0.013104,,,,True,pending
stock,2026-05-19,600438,通威股份,REDUCE,-4,,,,,0,-7.89,光伏电池/硅料,new_energy,candidate,★★☆,,,,跌破60线; 绿柱扩张; RSI超卖18; MA60下行趋势(-1.3%/5日); 连跌3日且MA60偏弱,16.09,16.15,,,,0.003729,,,,0.023617,-0.032318,-0.000449,,,,0.004178,,,,True,pending
stock,2026-05-19,601012,隆基绿能,REDUCE,-4,,,,,0,-9.65,光伏组件,new_energy,watch,★☆☆,,,,跌破60线; 绿柱扩张; RSI超卖18; MA60下行趋势(-1.4%/5日); 连跌3日且MA60偏弱,15.23,15.35,,,,0.007879,,,,0.027577,-0.032173,-0.000449,,,,0.008328,,,,True,pending
stock,2026-05-19,002714,牧原股份,REDUCE,-4,,,,,0,-8.42,生猪养殖,agriculture,candidate,★★☆,,,,跌破60线; 绿柱扩张; RSI偏低35; MA60下行趋势(-0.9%/5日),40.13,39.54,,,,-0.014702,,,,0.013207,-0.018191,-0.000449,,,,-0.014253,,,,True,pending
stock,2026-05-19,600030,中信证券,REDUCE,-4,,,,,0,-1.94,综合券商,finance,candidate,★★☆,,,,跌破20线; 绿柱扩张; MA60偏弱(-0.5%/5日); 连跌5日,26.27,26.08,,,,-0.007233,,,,0.031214,-0.010278,-0.000449,,,,-0.006783,,,,True,pending
stock,2026-05-19,600988,赤峰黄金,REDUCE,-4,,,,,0,-11.9,黄金矿采选,commodity,candidate,★★☆,,,,跌破60线; 绿柱扩张; 连跌6日,36.29,35.68,,,,-0.016809,,,,0.018738,-0.050152,-0.000449,,,,-0.01636,,,,True,pending
stock,2026-05-19,600879,航天电子,REDUCE,-4,,,,,0,-5.09,军工电子/惯导,defense,candidate,★★☆,,,,跌破60线; 绿柱扩张; MA60偏弱(-0.6%/5日),23.37,23.0,,,,-0.015832,,,,0.005563,-0.043646,-0.000449,,,,-0.015383,,,,True,pending
stock,2026-05-19,603799,华友钴业,REDUCE,-5,,,,,0,-10.84,钴/三元前驱体,battery_materials,candidate,★★☆,,,,跌破60线; 绿柱扩张; RSI偏低32; MA60下行趋势(-1.4%/5日); 连跌7日,57.4,58.09,,,,0.012021,,,,0.033624,-0.02439,-0.000449,,,,0.01247,,,,True,pending
stock,2026-05-19,601318,中国平安,REDUCE,-5,,,,,0,-6.65,保险/金融科技,finance,candidate,★★☆,,,,跌破60线; 绿柱扩张; RSI偏低30; MA60下行趋势(-1.6%/5日); 连跌5日,54.42,54.11,,,,-0.005696,,,,0.016722,-0.013598,-0.000449,,,,-0.005247,,,,True,pending
stock,2026-05-19,601899,紫金矿业,REDUCE,-6,,,,,0,-9.04,铜金矿,commodity,watch,★☆☆,,,,跌破60线; 绿柱扩张; RSI偏低33; 缩量弱势0.6x; MA60下行趋势(-1.4%/5日); 连跌3日且MA60偏弱; 观察池暂缓止损，降为减仓（watch池止损成本高）,31.1,30.39,,,,-0.02283,,,,0.004823,-0.037942,-0.000449,,,,-0.02238,,,,True,pending
stock,2026-05-19,600031,三一重工,REDUCE,-6,,,,,0,-5.07,工程机械,machinery,watch,★★☆,,,,跌破60线; 绿柱扩张; MA60下行趋势(-1.2%/5日); 连跌3日且MA60偏弱; 观察池暂缓止损，降为减仓（watch池止损成本高）,19.33,19.4,,,,0.003621,,,,0.035178,-0.020176,-0.000449,,,,0.004071,,,,True,pending
stock,2026-05-19,603993,洛阳钼业,SELL_STOP,-6,,,,,0,-7.59,铜/钴矿,commodity,core,★★★,,,,跌破60线; 绿柱扩张; MA60下行趋势(-1.4%/5日); 连跌3日且MA60偏弱,18.18,17.96,,,,-0.012101,,,,0.024202,-0.033553,-0.000449,,,,-0.011652,,,,True,pending
stock,2026-05-19,300760,迈瑞医疗,SELL_STOP,-6,,,,,0,-3.14,医疗器械,pharma,candidate,★★☆,,,,跌破60线; 绿柱扩张; MA60下行趋势(-1.5%/5日); 连跌6日,158.16,154.8,,,,-0.021244,,,,0.048875,-0.02567,-0.000449,,,,-0.020795,,,,True,pending
stock,2026-05-19,688111,金山办公,SELL_STOP,-6,,,,,0,-0.36,AI办公软件,software,candidate,★★☆,,,,跌破60线; MACD死叉; MA60下行趋势(-1.7%/5日),254.89,248.6,,,,-0.024677,,,,0.010004,-0.043901,-0.000449,,,,-0.024228,,,,True,pending
stock,2026-05-20,688981,中芯国际,HOLD,5,,,,,0,5.0,半导体代工,semicon,core,★★★,,,,多头排列; MACD金叉; RSI偏高68; 放量2.5x; MA60上行(+0.6%/5日); 偏离MA20+14%; ★★★core偏离MA20+14%，追高风险降为观察,133.69,127.22,,,,-0.048396,,,,0.029471,-0.049293,-0.013936,,,,-0.034459,,,,False,pending
stock,2026-05-20,605117,德业股份,BUY_WATCH,5,,,,,2,5.0,储能逆变器/户用储能,new_energy,candidate,★★☆,,,,多头排列; MACD金叉; RSI偏高70; 放量1.8x; MA60上行(+4.3%/5日),168.69,168.65,,,,-0.000237,,,,0.034798,-0.027684,-0.013936,,,,0.013699,,,,False,pending
stock,2026-05-20,600498,烽火通信,HOLD,4,,,,,0,5.01,光通信设备,optics,candidate,★★☆,,,,多头排列; 红柱扩张; MA60上行(+2.5%/5日),58.5,54.04,,,,-0.076239,,,,0.006838,-0.080342,-0.013936,,,,-0.062303,,,,True,pending
stock,2026-05-20,600487,亨通光电,HOLD,4,,,,,0,5.0,光纤光缆/海底电缆,optics,core,★★★,,,,多头排列; MA60上行(+5.4%/5日),75.74,69.9,,,,-0.077106,,,,0.003433,-0.083971,-0.013936,,,,-0.06317,,,,True,pending
stock,2026-05-20,688498,源杰科技,HOLD,3,,,,,0,5.0,光芯片基材,optics,candidate,★★☆,,,,多头排列; MA60上行(+6.3%/5日),1113.97,1038.04,,,,-0.068162,,,,0.008106,-0.079194,-0.013936,,,,-0.054225,,,,True,pending
stock,2026-05-20,688041,海光信息,HOLD,3,,,,,0,3.31,国产CPU/GPU,semicon,core,★★★,,,,多头排列; 绿柱扩张; MA60上行(+2.1%/5日),315.31,307.0,,,,-0.026355,,,,0.077987,-0.029526,-0.013936,,,,-0.012419,,,,False,pending
stock,2026-05-20,601869,长飞光纤,HOLD,3,,,,,0,2.5,光纤光缆,optics,core,★★★,,,,多头排列; 绿柱扩张; MA60上行(+5.7%/5日),397.3,375.8,,,,-0.054115,,,,0.011905,-0.058646,-0.013936,,,,-0.040179,,,,True,pending
stock,2026-05-20,688521,芯原股份,HOLD,3,,,,,0,5.0,半导体IP/芯片设计平台,semicon,candidate,★★☆,,,,多头排列; 红柱扩张; MA60上行(+2.0%/5日); 偏离MA20+14%,295.27,273.54,,,,-0.073594,,,,0.028042,-0.081823,-0.013936,,,,-0.059658,,,,True,pending
stock,2026-05-20,300394,天孚通信,HOLD,2,,,,,0,3.08,光通信器件,optics,core,★★☆,,,,站20/60线; MA60上行(+2.6%/5日),358.5,337.21,,,,-0.059386,,,,0.016932,-0.062817,-0.013936,,,,-0.04545,,,,True,pending
stock,2026-05-20,000333,美的集团,HOLD,2,,,,,0,1.08,家电/工业机器人,consumer,core,★★★,,,,站20/60线,81.47,81.5,,,,0.000368,,,,0.020621,0.000368,-0.013936,,,,0.014304,,,,False,pending
stock,2026-05-20,600522,中天科技,HOLD,2,,,,,0,5.0,海缆/光纤/电力电缆,optics,core,★★★,,,,多头排列; RSI偏高72; MA60上行(+5.8%/5日); 偏离MA20+18%,45.39,41.9,,,,-0.076889,,,,0.008372,-0.077991,-0.013936,,,,-0.062953,,,,True,pending
stock,2026-05-20,300666,江丰电子,HOLD,2,,,,,0,5.0,高纯溅射靶材,semicon,candidate,★★☆,,,,多头排列; 红柱扩张; RSI偏高74; MA60上行(+4.1%/5日); 偏离MA20+20%,214.9,191.02,,,,-0.111121,,,,0.034062,-0.120987,-0.013936,,,,-0.097185,,,,True,pending
stock,2026-05-20,300757,罗博特科,HOLD,2,,,,,0,5.0,光伏/新能源自动化装备,industrial_auto,candidate,★★☆,,,,站20/60线; MA60上行(+3.3%/5日),568.01,524.0,,,,-0.077481,,,,0.003151,-0.083273,-0.013936,,,,-0.063545,,,,True,pending
stock,2026-05-20,688548,广钢气体,HOLD,2,,,,,0,5.0,半导体特种气体,semicon,watch,★☆☆,,,,多头排列; 红柱扩张; MA60上行(+3.8%/5日); 偏离MA20+13%,34.19,30.75,,,,-0.100614,,,,-0.005557,-0.103247,-0.013936,,,,-0.086678,,,,True,pending
stock,2026-05-20,301200,大族数控,HOLD,2,,,,,0,5.0,激光/数控切割设备,industrial_auto,watch,★☆☆,,,,多头排列; MA60上行(+3.4%/5日),224.32,249.46,,,,0.112072,,,,0.198288,0.020417,-0.013936,,,,0.126008,,,,False,pending
stock,2026-05-20,300308,中际旭创,HOLD,1,,,,,0,5.0,光模块,optics,core,★★★,,,,站20/60线; RSI偏高76; MA60上行(+6.2%/5日),1035.56,993.34,,,,-0.04077,,,,0.028429,-0.04077,-0.013936,,,,-0.026834,,,,False,pending
stock,2026-05-20,300502,新易盛,HOLD,1,,,,,0,2.44,光模块,optics,core,★★★,,,,站20/60线; 绿柱扩张; MA60上行(+3.9%/5日),588.2,566.0,,,,-0.037742,,,,0.026063,-0.038983,-0.013936,,,,-0.023806,,,,True,pending
stock,2026-05-20,000988,华工科技,HOLD,1,,,,,0,5.0,激光/光模块,optics,core,★★★,,,,多头排列; 红柱扩张; RSI超买79; MA60上行(+5.5%/5日); 严重偏离MA20+25%,163.86,153.96,,,,-0.060417,,,,0.011839,-0.066337,-0.013936,,,,-0.046481,,,,True,pending
stock,2026-05-20,688012,中微公司,HOLD,1,,,,,0,5.0,半导体设备,semicon,core,★★★,,,,多头排列; 红柱扩张; RSI超买83; MA60上行(+2.3%/5日); 严重偏离MA20+29%,486.9,475.8,,,,-0.022797,,,,0.095358,-0.028548,-0.013936,,,,-0.008861,,,,False,pending
stock,2026-05-20,002371,北方华创,HOLD,1,,,,,0,5.0,半导体设备,semicon,core,★★★,,,,多头排列; 红柱扩张; RSI超买83; MA60上行(+2.3%/5日); 严重偏离MA20+21%,655.38,662.99,,,,0.011612,,,,0.101041,0.002014,-0.013936,,,,0.025548,,,,False,pending
stock,2026-05-20,688048,长光华芯,HOLD,1,,,,,0,0.93,半导体激光芯片,optics,candidate,★★☆,,,,站20/60线; 绿柱扩张; MA60上行(+9.7%/5日),392.27,356.97,,,,-0.089989,,,,0.011803,-0.095011,-0.013936,,,,-0.076053,,,,True,pending
stock,2026-05-20,688331,荣昌生物,HOLD,1,,,,,0,-9.45,ADC创新药,pharma,candidate,★★☆,,,,跌破60线; RSI超卖22; MA60上行(+0.8%/5日),116.35,121.99,,,,0.048474,,,,0.085518,0.014525,-0.013936,,,,0.062411,,,,True,pending
stock,2026-05-20,688072,拓荆科技,HOLD,1,,,,,0,5.0,半导体薄膜设备,semicon,candidate,★★☆,,,,多头排列; 红柱扩张; RSI超买86; 放量1.7x; MA60上行(+4.8%/5日); 严重偏离MA20+35%,627.98,606.2,,,,-0.034683,,,,0.1115,-0.042963,-0.013936,,,,-0.020747,,,,False,pending
stock,2026-05-20,002384,东山精密,HOLD,0,,,,,0,5.0,PCB/光模块封装,optics,candidate,★★☆,,,,多头排列; 绿柱扩张; RSI偏高74; MA60上行(+9.2%/5日); 偏离MA20+12%,223.04,206.97,,,,-0.07205,,,,0.008788,-0.084648,-0.013936,,,,-0.058114,,,,True,pending
stock,2026-05-20,603986,兆易创新,HOLD,0,,,,,0,5.0,存储芯片,semicon,candidate,★★☆,,,,多头排列; 红柱扩张; RSI超买84; MA60上行(+3.2%/5日); 严重偏离MA20+30%,445.02,431.9,,,,-0.029482,,,,0.044515,-0.039751,-0.013936,,,,-0.015546,,,,False,pending
stock,2026-05-20,688256,寒武纪,HOLD,0,,,,,0,5.0,AI推理芯片,semicon,candidate,★☆☆,,,,多头排列; 红柱扩张; RSI偏高78; MA60上行(+5.6%/5日); 严重偏离MA20+22%,1356.95,1290.9,,,,-0.048675,,,,0.021408,-0.053023,-0.013936,,,,-0.034739,,,,True,pending
stock,2026-05-20,601138,工业富联,HOLD,0,,,,,0,2.61,AI服务器/精密制造,consumer_elec,candidate,★★☆,,,,站20/60线; MACD死叉; MA60上行(+2.0%/5日),67.8,65.5,,,,-0.033923,,,,0.025074,-0.041298,-0.013936,,,,-0.019987,,,,True,pending
stock,2026-05-20,601088,中国神华,HOLD,0,,,,,0,-0.37,煤炭/电力,commodity,watch,★★☆,,,,跌破60线; MACD即将金叉🔔; MA60上行(+0.6%/5日),46.06,45.26,,,,-0.017369,,,,-0.005862,-0.023013,-0.013936,,,,-0.003433,,,,True,pending
stock,2026-05-20,000338,潍柴动力,HOLD,0,,,,,0,3.24,重型发动机/氢燃料,machinery,candidate,★★☆,,,,站20/60线; MACD死叉; MA60上行(+2.6%/5日),32.68,32.28,,,,-0.01224,,,,0.041922,-0.013158,-0.013936,,,,0.001696,,,,False,pending
stock,2026-05-20,688195,腾景科技,HOLD,0,,,,,0,-0.21,精密光学元件,optics,candidate,★★☆,,,,跌破20线; MA60上行(+3.5%/5日),353.99,320.97,,,,-0.093279,,,,-0.005622,-0.09602,-0.013936,,,,-0.079343,,,,True,pending
stock,2026-05-20,688120,华海清科,HOLD,0,,,,,0,5.0,CMP研磨设备,semicon,candidate,★★☆,,,,多头排列; 红柱扩张; RSI超买92; MA60上行(+4.2%/5日); 严重偏离MA20+36%,296.0,280.0,,,,-0.054054,,,,0.057399,-0.054054,-0.013936,,,,-0.040118,,,,True,pending
stock,2026-05-20,688777,中控技术,HOLD,0,,,,,0,5.0,工业自动化DCS,industrial_auto,candidate,★★☆,,,,多头排列; 红柱扩张; RSI偏高73; MA60偏弱(-0.5%/5日); 偏离MA20+13%,87.87,84.85,,,,-0.034369,,,,0.040059,-0.039035,-0.013936,,,,-0.020433,,,,False,pending
stock,2026-05-20,002008,大族激光,HOLD,0,,,,,0,5.0,工业激光设备,industrial_auto,candidate,★★☆,,,,多头排列; RSI偏高77; MA60上行(+10.1%/5日); 严重偏离MA20+23%,144.97,142.59,,,,-0.016417,,,,0.051873,-0.034214,-0.013936,,,,-0.002481,,,,False,pending
stock,2026-05-20,601872,招商轮船,HOLD,0,,,,,0,-1.01,VLCC油轮/干散货,shipping,candidate,★★☆,,,,跌破20线; MA60上行(+2.8%/5日),17.76,17.8,,,,0.002252,,,,0.063626,-0.002252,-0.013936,,,,0.016188,,,,True,pending
stock,2026-05-20,688167,炬光科技,HOLD,0,,,,,0,5.0,高功率半导体激光器,optics,watch,★☆☆,,,,站20/60线; RSI偏高73; MA60上行(+4.0%/5日); 偏离MA20+16%,488.89,460.48,,,,-0.058111,,,,0.053407,-0.065229,-0.013936,,,,-0.044175,,,,True,pending
stock,2026-05-20,600105,永鼎股份,HOLD,0,,,,,0,5.01,光纤光缆/新能源电缆,optics,watch,★☆☆,,,,站20/60线; 绿柱扩张; 缩量弱势0.6x; MA60上行(+6.0%/5日),50.73,46.29,,,,-0.087522,,,,0.012419,-0.095604,-0.013936,,,,-0.073586,,,,True,pending
stock,2026-05-20,603929,亚翔集成,HOLD,0,,,,,0,-0.85,半导体洁净室工程,semicon,watch,★☆☆,,,,跌破20线; MA60上行(+2.2%/5日),189.28,176.9,,,,-0.065406,,,,0.018597,-0.071429,-0.013936,,,,-0.05147,,,,True,pending
stock,2026-05-20,603256,宏和科技,HOLD,0,,,,,0,5.0,高端电子玻纤布,pcb,watch,★☆☆,,,,多头排列; RSI偏高74; MA60上行(+7.7%/5日); 偏离MA20+14%,144.85,144.88,,,,0.000207,,,,0.076907,-0.023127,-0.013936,,,,0.014143,,,,False,pending
stock,2026-05-20,300274,阳光电源,HOLD,-1,,,,,0,5.0,逆变器,new_energy,core,★★★,,,,红柱扩张; RSI偏高78; 偏离MA20+19%,167.5,165.38,,,,-0.012657,,,,0.032836,-0.01791,-0.013936,,,,0.001279,,,,False,pending
stock,2026-05-20,603259,药明康德,HOLD,-1,,,,,0,-1.88,CXO,pharma,watch,★☆☆,,,,跌破20线,102.94,104.23,,,,0.012532,,,,0.045561,-0.00204,-0.013936,,,,0.026468,,,,True,pending
stock,2026-05-20,300750,宁德时代,HOLD,-1,,,,,0,-4.7,动力电池,battery,core,★★★,,,,跌破20线; 绿柱扩张; MA60上行(+1.3%/5日),415.03,411.63,,,,-0.008192,,,,0.030335,-0.008698,-0.013936,,,,0.005744,,,,True,pending
stock,2026-05-20,002475,立讯精密,HOLD,-1,,,,,0,-0.8,消费电子精密制造,consumer_elec,core,★★★,,,,跌破20线; 绿柱扩张; MA60上行(+3.2%/5日),70.29,67.87,,,,-0.034429,,,,0.038412,-0.038697,-0.013936,,,,-0.020493,,,,True,pending
stock,2026-05-20,600183,生益科技,HOLD,-1,,,,,0,5.0,PCB基板/覆铜板,pcb,core,★★★,,,,多头排列; RSI超买83; MA60上行(+4.0%/5日); 严重偏离MA20+21%,100.59,98.19,,,,-0.023859,,,,0.068695,-0.029128,-0.013936,,,,-0.009923,,,,False,pending
stock,2026-05-20,002463,沪电股份,HOLD,-1,,,,,0,-0.89,高多层PCB,pcb,core,★★★,,,,跌破20线; 绿柱扩张; MA60上行(+3.4%/5日),103.46,103.7,,,,0.00232,,,,0.06012,-0.004446,-0.013936,,,,0.016256,,,,True,pending
stock,2026-05-20,002028,思源电气,HOLD,-1,,,,,0,0.38,特高压/变电设备,power_equip,watch,★★☆,,,,跌破60线; MACD即将金叉🔔,205.52,198.82,,,,-0.0326,,,,0.019852,-0.033622,-0.013936,,,,-0.018664,,,,True,pending
stock,2026-05-20,603288,海天味业,HOLD,-1,,,,,0,-7.19,调味品,food_bev,watch,★☆☆,,,,跌破60线; RSI超卖3; 连跌9日,35.88,35.34,,,,-0.01505,,,,0.006968,-0.016444,-0.013936,,,,-0.001114,,,,True,pending
stock,2026-05-20,688409,富创精密,HOLD,-1,,,,,0,5.0,半导体精密零部件,semicon,watch,★☆☆,,,,多头排列; 红柱扩张; RSI超买84; MA60上行(+6.3%/5日); 严重偏离MA20+39%,180.18,163.58,,,,-0.09213,,,,0.043401,-0.09213,-0.013936,,,,-0.078194,,,,True,pending
stock,2026-05-20,002865,钧达股份,HOLD,-1,,,,,0,5.0,TOPCon光伏电池片,new_energy,watch,★☆☆,,,,多头排列; RSI偏高72; 偏离MA20+12%,98.96,97.66,,,,-0.013137,,,,0.042846,-0.02213,-0.013936,,,,0.0008,,,,False,pending
stock,2026-05-20,688002,睿创微纳,HOLD,-1,,,,,0,-3.61,红外热成像/军工电子,defense,candidate,★★☆,,,,跌破20线; 绿柱扩张; MA60上行(+1.6%/5日),135.07,129.38,,,,-0.042126,,,,0.027097,-0.045606,-0.013936,,,,-0.02819,,,,True,pending
stock,2026-05-20,600519,贵州茅台,HOLD,-2,,,,,0,-4.63,高端白酒,consumer,candidate,★★☆,,,,跌破60线; RSI超卖5; MA60下行趋势(-1.1%/5日),1315.15,1311.0,,,,-0.003156,,,,0.006364,-0.003156,-0.013936,,,,0.010781,,,,True,pending
stock,2026-05-20,000858,五粮液,HOLD,-2,,,,,0,-10.08,高端白酒,consumer,candidate,★★☆,,,,跌破60线; RSI超卖3; MA60下行趋势(-1.7%/5日),85.51,85.35,,,,-0.001871,,,,0.019764,-0.003274,-0.013936,,,,0.012065,,,,True,pending
stock,2026-05-20,600887,伊利股份,HOLD,-2,,,,,0,1.18,乳制品/食品,consumer,candidate,★★☆,,,,站20/60线; RSI偏高74; 缩量弱势0.5x; 连跌6日,27.08,26.76,,,,-0.011817,,,,0.008493,-0.014032,-0.013936,,,,0.002119,,,,True,pending
stock,2026-05-20,601888,中国中免,HOLD,-2,,,,,0,-9.29,免税零售,consumer,candidate,★★☆,,,,跌破60线; RSI超卖15; MA60下行趋势(-4.1%/5日),57.8,57.1,,,,-0.012111,,,,0.020415,-0.013322,-0.013936,,,,0.001825,,,,True,pending
stock,2026-05-20,000651,格力电器,HOLD,-2,,,,,0,1.19,家电,consumer,candidate,★★☆,,,,站20/60线; MACD死叉; RSI偏高70,39.54,38.86,,,,-0.017198,,,,0.001517,-0.018209,-0.013936,,,,-0.003262,,,,True,pending
stock,2026-05-20,300476,胜宏科技,HOLD,-2,,,,,0,-2.29,PCB,pcb,candidate,★★☆,,,,跌破20线; 绿柱扩张; 缩量弱势0.6x; MA60上行(+2.3%/5日),334.01,331.4,,,,-0.007814,,,,0.046166,-0.012006,-0.013936,,,,0.006122,,,,True,pending
stock,2026-05-20,600309,万华化学,HOLD,-2,,,,,0,-8.07,MDI/聚氨酯,chemical,candidate,★★★,,,,跌破60线; RSI超卖12; MA60偏弱(-0.6%/5日); 连跌4日且MA60偏弱,79.06,77.49,,,,-0.019858,,,,0.021629,-0.019858,-0.013936,,,,-0.005922,,,,True,pending
stock,2026-05-20,600426,华鲁恒升,HOLD,-2,,,,,0,-11.51,煤化工/化肥,chemical,candidate,★★☆,,,,跌破60线; 绿柱扩张; RSI超卖19; MA60偏弱(-0.7%/5日),32.05,31.37,,,,-0.021217,,,,0.011856,-0.021841,-0.013936,,,,-0.007281,,,,True,pending
stock,2026-05-20,002594,比亚迪,HOLD,-2,,,,,0,-6.85,电动车/刀片电池,new_energy,candidate,★★★,,,,跌破60线; 绿柱扩张; RSI偏低29,93.41,93.51,,,,0.001071,,,,0.029868,0.0,-0.013936,,,,0.015007,,,,True,pending
stock,2026-05-20,600438,通威股份,HOLD,-2,,,,,0,-7.06,光伏电池/硅料,new_energy,candidate,★★☆,,,,跌破60线; RSI超卖22; MA60下行趋势(-1.5%/5日),16.14,15.59,,,,-0.034077,,,,0.018587,-0.035316,-0.013936,,,,-0.020141,,,,True,pending
stock,2026-05-20,601012,隆基绿能,HOLD,-2,,,,,0,-8.28,光伏组件,new_energy,watch,★☆☆,,,,跌破60线; RSI超卖22; MA60下行趋势(-1.5%/5日),15.33,14.79,,,,-0.035225,,,,0.00848,-0.038487,-0.013936,,,,-0.021289,,,,True,pending
stock,2026-05-20,000568,泸州老窖,HOLD,-2,,,,,0,-5.58,高端白酒,food_bev,candidate,★★☆,,,,跌破60线; MACD即将金叉🔔; RSI偏低30; MA60下行趋势(-2.3%/5日),92.13,91.42,,,,-0.007707,,,,0.018995,-0.009986,-0.013936,,,,0.00623,,,,True,pending
stock,2026-05-20,600989,宝丰能源,HOLD,-2,,,,,0,-4.13,煤化工/新能源氢能,commodity,candidate,★★☆,,,,跌破60线; 绿柱扩张; MA60上行(+1.7%/5日),27.6,26.55,,,,-0.038043,,,,-0.007609,-0.039493,-0.013936,,,,-0.024107,,,,True,pending
stock,2026-05-20,603799,华友钴业,REDUCE,-4,,,,,0,-9.07,钴/三元前驱体,battery_materials,candidate,★★☆,,,,跌破60线; RSI偏低28; MA60下行趋势(-1.6%/5日); 连跌8日,57.98,56.46,,,,-0.026216,,,,0.023284,-0.03415,-0.013936,,,,-0.01228,,,,True,pending
stock,2026-05-20,600030,中信证券,REDUCE,-4,,,,,0,-2.8,综合券商,finance,candidate,★★☆,,,,跌破60线; 绿柱扩张; MA60偏弱(-0.5%/5日),26.04,26.22,,,,0.006912,,,,0.040323,0.006144,-0.013936,,,,0.020849,,,,True,pending
stock,2026-05-20,600988,赤峰黄金,REDUCE,-4,,,,,0,-12.69,黄金矿采选,commodity,candidate,★★☆,,,,跌破60线; 绿柱扩张; 连跌7日,35.69,34.5,,,,-0.033343,,,,0.035864,-0.034183,-0.013936,,,,-0.019407,,,,True,pending
stock,2026-05-20,600893,航发动力,REDUCE,-4,,,,,0,-2.46,航空发动机,defense,candidate,★★☆,,,,跌破60线; 绿柱扩张; MA60偏弱(-0.3%/5日),47.09,45.59,,,,-0.031854,,,,0.021448,-0.034615,-0.013936,,,,-0.017918,,,,True,pending
stock,2026-05-20,601899,紫金矿业,REDUCE,-5,,,,,0,-10.9,铜金矿,commodity,watch,★☆☆,,,,跌破60线; 绿柱扩张; RSI偏低33; MA60下行趋势(-1.6%/5日); 连跌4日且MA60偏弱,30.38,29.99,,,,-0.012837,,,,0.028637,-0.014812,-0.013936,,,,0.001099,,,,True,pending
stock,2026-05-20,600276,恒瑞医药,REDUCE,-5,,,,,0,-6.77,创新药,pharma,watch,★☆☆,,,,跌破60线; 绿柱扩张; RSI偏低31; MA60下行趋势(-0.8%/5日); 连跌5日,50.95,51.45,,,,0.009814,,,,0.036114,-0.001374,-0.013936,,,,0.02375,,,,True,pending
stock,2026-05-20,601318,中国平安,REDUCE,-5,,,,,0,-6.95,保险/金融科技,finance,candidate,★★☆,,,,跌破60线; 绿柱扩张; RSI偏低30; MA60下行趋势(-1.7%/5日); 连跌6日,54.1,53.76,,,,-0.006285,,,,0.022736,-0.007763,-0.013936,,,,0.007651,,,,True,pending
stock,2026-05-20,300760,迈瑞医疗,REDUCE,-5,,,,,0,-5.31,医疗器械,pharma,candidate,★★☆,,,,跌破60线; 绿柱扩张; MA60下行趋势(-1.5%/5日),154.82,158.26,,,,0.022219,,,,0.071502,-0.004651,-0.013936,,,,0.036155,,,,True,pending
stock,2026-05-20,600879,航天电子,REDUCE,-5,,,,,0,-6.7,军工电子/惯导,defense,candidate,★★☆,,,,跌破60线; 绿柱扩张; 缩量弱势0.5x; MA60偏弱(-0.7%/5日),23.0,22.37,,,,-0.027391,,,,0.021739,-0.028261,-0.013936,,,,-0.013455,,,,True,pending
stock,2026-05-20,688111,金山办公,REDUCE,-5,,,,,0,-2.91,AI办公软件,software,candidate,★★☆,,,,跌破60线; 绿柱扩张; MA60下行趋势(-1.8%/5日),248.64,243.9,,,,-0.019064,,,,0.035393,-0.019868,-0.013936,,,,-0.005128,,,,True,pending
stock,2026-05-20,600031,三一重工,REDUCE,-6,,,,,0,-4.54,工程机械,machinery,watch,★★☆,,,,跌破60线; 绿柱扩张; MA60下行趋势(-1.5%/5日); 连跌4日且MA60偏弱; 观察池暂缓止损，降为减仓（watch池止损成本高）,19.39,18.96,,,,-0.022176,,,,0.031975,-0.023208,-0.013936,,,,-0.00824,,,,True,pending
stock,2026-05-20,603993,洛阳钼业,SELL_STOP,-6,,,,,0,-8.36,铜/钴矿,commodity,core,★★★,,,,跌破60线; 绿柱扩张; MA60下行趋势(-1.6%/5日); 连跌4日且MA60偏弱,17.95,17.64,,,,-0.01727,,,,0.037326,-0.019499,-0.013936,,,,-0.003334,,,,True,pending
stock,2026-05-20,002714,牧原股份,SELL_STOP,-6,,,,,0,-9.5,生猪养殖,agriculture,candidate,★★☆,,,,跌破60线; 绿柱扩张; MA60下行趋势(-1.0%/5日); 连跌3日且MA60偏弱,39.46,39.49,,,,0.00076,,,,0.030411,-0.001521,-0.013936,,,,0.014696,,,,True,pending
stock,2026-05-21,688981,中芯国际,HOLD,6,,,,,0,5.0,半导体代工,semicon,core,★★★,,,,多头排列; 红柱扩张; 放量1.6x; MA60上行(+0.7%/5日); ★★★core偏离MA20+9%，追高风险降为观察,129.0,,,,,,,,,,,,,,,,,,,,pending
stock,2026-05-21,688041,海光信息,HOLD,3,,,,,0,1.02,国产CPU/GPU,semicon,core,★★★,,,,多头排列; 绿柱扩张; MA60上行(+1.8%/5日),310.53,,,,,,,,,,,,,,,,,,,,pending
stock,2026-05-21,600522,中天科技,HOLD,3,,,,,0,4.99,海缆/光纤/电力电缆,optics,core,★★★,,,,站20/60线; MA60上行(+5.4%/5日),42.29,,,,,,,,,,,,,,,,,,,,pending
stock,2026-05-21,605117,德业股份,HOLD,3,,,,,0,5.0,储能逆变器/户用储能,new_energy,candidate,★★☆,,,,多头排列; 红柱扩张; RSI偏高71; MA60上行(+4.3%/5日),169.93,,,,,,,,,,,,,,,,,,,,pending
stock,2026-05-21,601872,招商轮船,HOLD,3,,,,,0,0.0,VLCC油轮/干散货,shipping,candidate,★★☆,,,,站20/60线; MACD即将金叉🔔; MA60上行(+2.6%/5日),17.88,,,,,,,,,,,,,,,,,,,,pending
stock,2026-05-21,000988,华工科技,HOLD,2,,,,,0,5.0,激光/光模块,optics,core,★★★,,,,多头排列; RSI偏高74; MA60上行(+5.7%/5日); 偏离MA20+16%,155.4,,,,,,,,,,,,,,,,,,,,pending
stock,2026-05-21,688012,中微公司,HOLD,2,,,,,0,5.0,半导体设备,semicon,core,★★★,,,,多头排列; RSI偏高78; 放量1.6x; MA60上行(+2.9%/5日); 严重偏离MA20+24%,478.74,,,,,,,,,,,,,,,,,,,,pending
stock,2026-05-21,300666,江丰电子,HOLD,2,,,,,0,5.0,高纯溅射靶材,semicon,candidate,★★☆,,,,站20/60线; MA60上行(+3.8%/5日),193.24,,,,,,,,,,,,,,,,,,,,pending
stock,2026-05-21,688777,中控技术,HOLD,2,,,,,0,5.0,工业自动化DCS,industrial_auto,candidate,★★☆,,,,多头排列,85.28,,,,,,,,,,,,,,,,,,,,pending
stock,2026-05-21,688521,芯原股份,HOLD,2,,,,,0,5.0,半导体IP/芯片设计平台,semicon,candidate,★★☆,,,,站20/60线; MA60上行(+1.6%/5日),275.89,,,,,,,,,,,,,,,,,,,,pending
stock,2026-05-21,688331,荣昌生物,HOLD,2,,,,,0,-3.61,ADC创新药,pharma,candidate,★★☆,,,,跌破60线; MACD即将金叉🔔; RSI偏低33; 放量1.7x; MA60上行(+0.8%/5日),121.72,,,,,,,,,,,,,,,,,,,,pending
stock,2026-05-21,002384,东山精密,HOLD,1,,,,,0,3.15,PCB/光模块封装,optics,candidate,★★☆,,,,站20/60线; 绿柱扩张; MA60上行(+8.9%/5日),207.91,,,,,,,,,,,,,,,,,,,,pending
stock,2026-05-21,002371,北方华创,HOLD,1,,,,,0,5.0,半导体设备,semicon,core,★★★,,,,多头排列; 红柱扩张; RSI超买84; MA60上行(+2.6%/5日); 严重偏离MA20+21%,665.55,,,,,,,,,,,,,,,,,,,,pending
stock,2026-05-21,000338,潍柴动力,HOLD,1,,,,,0,1.6,重型发动机/氢燃料,machinery,candidate,★★☆,,,,站20/60线; 绿柱扩张; MA60上行(+2.2%/5日),32.45,,,,,,,,,,,,,,,,,,,,pending
stock,2026-05-21,002008,大族激光,HOLD,1,,,,,0,5.0,工业激光设备,industrial_auto,candidate,★★☆,,,,多头排列; RSI偏高76; MA60上行(+9.7%/5日); 偏离MA20+19%,143.22,,,,,,,,,,,,,,,,,,,,pending
stock,2026-05-21,688548,广钢气体,HOLD,1,,,,,0,1.3,半导体特种气体,semicon,watch,★☆☆,,,,站20/60线; MA60上行(+3.6%/5日),30.85,,,,,,,,,,,,,,,,,,,,pending
stock,2026-05-21,688167,炬光科技,HOLD,1,,,,,0,5.0,高功率半导体激光器,optics,watch,★☆☆,,,,站20/60线; MA60上行(+3.4%/5日),463.19,,,,,,,,,,,,,,,,,,,,pending
stock,2026-05-21,301200,大族数控,HOLD,1,,,,,0,5.0,激光/数控切割设备,industrial_auto,watch,★☆☆,,,,多头排列; 红柱扩张; RSI偏高77; 放量1.8x; MA60上行(+3.8%/5日); 严重偏离MA20+25%,253.58,,,,,,,,,,,,,,,,,,,,pending
stock,2026-05-21,688072,拓荆科技,HOLD,1,,,,,0,5.0,半导体薄膜设备,semicon,candidate,★★☆,,,,多头排列; 红柱扩张; RSI超买79; 放量2.0x; MA60上行(+5.4%/5日); 严重偏离MA20+28%,611.75,,,,,,,,,,,,,,,,,,,,pending
stock,2026-05-21,688002,睿创微纳,HOLD,1,,,,,0,-7.38,红外热成像/军工电子,defense,candidate,★★☆,,,,跌破20线; 绿柱扩张; RSI超卖25; MA60上行(+1.4%/5日),130.28,,,,,,,,,,,,,,,,,,,,pending
stock,2026-05-21,300394,天孚通信,HOLD,0,,,,,0,-1.65,光通信器件,optics,core,★★☆,,,,跌破20线; MA60上行(+2.0%/5日),340.14,,,,,,,,,,,,,,,,,,,,pending
stock,2026-05-21,603986,兆易创新,HOLD,0,,,,,0,5.0,存储芯片,semicon,candidate,★★☆,,,,多头排列; 红柱扩张; RSI超买79; MA60上行(+3.5%/5日); 严重偏离MA20+24%,433.01,,,,,,,,,,,,,,,,,,,,pending
stock,2026-05-21,688256,寒武纪,HOLD,0,,,,,0,5.0,AI推理芯片,semicon,candidate,★☆☆,,,,多头排列; RSI偏高73; MA60上行(+5.6%/5日); 偏离MA20+16%,1312.1,,,,,,,,,,,,,,,,,,,,pending
stock,2026-05-21,300750,宁德时代,HOLD,0,,,,,0,-4.82,动力电池,battery,core,★★★,,,,跌破20线; MA60上行(+1.2%/5日),413.99,,,,,,,,,,,,,,,,,,,,pending
stock,2026-05-21,600183,生益科技,HOLD,0,,,,,0,5.0,PCB基板/覆铜板,pcb,core,★★★,,,,多头排列; RSI超买79; MA60上行(+4.0%/5日); 偏离MA20+16%,98.63,,,,,,,,,,,,,,,,,,,,pending
stock,2026-05-21,002463,沪电股份,HOLD,0,,,,,0,-0.18,高多层PCB,pcb,core,★★★,,,,跌破20线; MA60上行(+3.3%/5日),104.55,,,,,,,,,,,,,,,,,,,,pending
stock,2026-05-21,601088,中国神华,HOLD,0,,,,,0,-2.39,煤炭/电力,commodity,watch,★★☆,,,,跌破60线; 绿柱扩张; RSI超卖23; MA60上行(+0.6%/5日),45.15,,,,,,,,,,,,,,,,,,,,pending
stock,2026-05-21,688120,华海清科,HOLD,0,,,,,0,5.0,CMP研磨设备,semicon,candidate,★★☆,,,,多头排列; RSI超买82; 放量1.6x; MA60上行(+4.5%/5日); 严重偏离MA20+27%,283.64,,,,,,,,,,,,,,,,,,,,pending
stock,2026-05-21,603256,宏和科技,HOLD,0,,,,,0,5.0,高端电子玻纤布,pcb,watch,★☆☆,,,,多头排列; 绿柱扩张; RSI偏高74; MA60上行(+7.3%/5日); 偏离MA20+12%,145.25,,,,,,,,,,,,,,,,,,,,pending
stock,2026-05-21,002865,钧达股份,HOLD,0,,,,,0,5.0,TOPCon光伏电池片,new_energy,watch,★☆☆,,,,站20/60线; RSI偏高73,97.65,,,,,,,,,,,,,,,,,,,,pending
stock,2026-05-21,600989,宝丰能源,HOLD,0,,,,,0,-7.69,煤化工/新能源氢能,commodity,candidate,★★☆,,,,跌破60线; 绿柱扩张; RSI超卖25; MA60上行(+1.5%/5日),26.67,,,,,,,,,,,,,,,,,,,,pending
stock,2026-05-21,300308,中际旭创,HOLD,-1,,,,,0,5.0,光模块,optics,core,★★★,,,,站20/60线; MACD死叉; RSI偏高76; MA60上行(+6.0%/5日),1002.5,,,,,,,,,,,,,,,,,,,,pending
stock,2026-05-21,300502,新易盛,HOLD,-1,,,,,0,-0.06,光模块,optics,core,★★★,,,,跌破20线; 绿柱扩张; MA60上行(+3.8%/5日),573.03,,,,,,,,,,,,,,,,,,,,pending
stock,2026-05-21,688498,源杰科技,HOLD,-1,,,,,0,-2.55,光芯片基材,optics,candidate,★★☆,,,,跌破20线; 绿柱扩张; MA60上行(+6.0%/5日),1035.81,,,,,,,,,,,,,,,,,,,,pending
stock,2026-05-21,603259,药明康德,HOLD,-1,,,,,0,-0.32,CXO,pharma,watch,★☆☆,,,,跌破20线,104.8,,,,,,,,,,,,,,,,,,,,pending
stock,2026-05-21,601138,工业富联,HOLD,-1,,,,,0,-0.5,AI服务器/精密制造,consumer_elec,candidate,★★☆,,,,跌破20线; 绿柱扩张; MA60上行(+1.8%/5日),65.93,,,,,,,,,,,,,,,,,,,,pending
stock,2026-05-21,000333,美的集团,HOLD,-1,,,,,0,1.3,家电/工业机器人,consumer,core,★★★,,,,站20/60线; MACD死叉,81.76,,,,,,,,,,,,,,,,,,,,pending
stock,2026-05-21,300476,胜宏科技,HOLD,-1,,,,,0,-1.84,PCB,pcb,candidate,★★☆,,,,跌破20线; 绿柱扩张; MA60上行(+2.2%/5日),335.11,,,,,,,,,,,,,,,,,,,,pending
stock,2026-05-21,002594,比亚迪,HOLD,-1,,,,,0,-5.95,电动车/刀片电池,new_energy,candidate,★★★,,,,跌破60线; RSI偏低31,93.77,,,,,,,,,,,,,,,,,,,,pending
stock,2026-05-21,600030,中信证券,HOLD,-1,,,,,0,-1.63,综合券商,finance,candidate,★★☆,,,,跌破20线; RSI偏低34; MA60偏弱(-0.6%/5日),26.35,,,,,,,,,,,,,,,,,,,,pending
stock,2026-05-21,601869,长飞光纤,HOLD,-1,,,,,0,-2.22,光纤光缆,optics,core,★★★,,,,跌破20线; 绿柱扩张; MA60上行(+5.2%/5日),378.67,,,,,,,,,,,,,,,,,,,,pending
stock,2026-05-21,688048,长光华芯,HOLD,-1,,,,,0,-8.58,半导体激光芯片,optics,candidate,★★☆,,,,跌破20线; 绿柱扩张; MA60上行(+8.7%/5日),360.33,,,,,,,,,,,,,,,,,,,,pending
stock,2026-05-21,688195,腾景科技,HOLD,-1,,,,,0,-9.06,精密光学元件,optics,candidate,★★☆,,,,跌破20线; 绿柱扩张; MA60上行(+3.2%/5日),323.69,,,,,,,,,,,,,,,,,,,,pending
stock,2026-05-21,600487,亨通光电,HOLD,-1,,,,,0,-1.76,光纤光缆/海底电缆,optics,core,★★★,,,,跌破20线; 绿柱扩张; MA60上行(+5.0%/5日),70.01,,,,,,,,,,,,,,,,,,,,pending
stock,2026-05-21,600105,永鼎股份,HOLD,-1,,,,,0,-3.94,光纤光缆/新能源电缆,optics,watch,★☆☆,,,,跌破20线; 绿柱扩张; MA60上行(+5.5%/5日),46.41,,,,,,,,,,,,,,,,,,,,pending
stock,2026-05-21,688409,富创精密,HOLD,-1,,,,,0,5.0,半导体精密零部件,semicon,watch,★☆☆,,,,站20/60线; RSI偏高74; MA60上行(+6.9%/5日); 严重偏离MA20+25%,166.45,,,,,,,,,,,,,,,,,,,,pending
stock,2026-05-21,603929,亚翔集成,HOLD,-1,,,,,0,-7.36,半导体洁净室工程,semicon,watch,★☆☆,,,,跌破20线; 绿柱扩张; MA60上行(+2.1%/5日),177.5,,,,,,,,,,,,,,,,,,,,pending
stock,2026-05-21,300274,阳光电源,HOLD,-2,,,,,0,5.0,逆变器,new_energy,core,★★★,,,,红柱扩张; RSI超买78; 偏离MA20+17%,166.6,,,,,,,,,,,,,,,,,,,,pending
stock,2026-05-21,002475,立讯精密,HOLD,-2,,,,,0,-3.08,消费电子精密制造,consumer_elec,core,★★★,,,,跌破20线; 绿柱扩张; MA60上行(+3.1%/5日); 连跌5日,68.88,,,,,,,,,,,,,,,,,,,,pending
stock,2026-05-21,600519,贵州茅台,HOLD,-2,,,,,0,-4.33,高端白酒,consumer,candidate,★★☆,,,,跌破60线; RSI超卖3; MA60下行趋势(-1.1%/5日),1314.3,,,,,,,,,,,,,,,,,,,,pending
stock,2026-05-21,000858,五粮液,HOLD,-2,,,,,0,-9.2,高端白酒,consumer,candidate,★★☆,,,,跌破60线; RSI超卖4; MA60下行趋势(-1.7%/5日),85.48,,,,,,,,,,,,,,,,,,,,pending
stock,2026-05-21,601888,中国中免,HOLD,-2,,,,,0,-9.01,免税零售,consumer,candidate,★★☆,,,,跌破60线; RSI超卖16; MA60下行趋势(-4.2%/5日),57.48,,,,,,,,,,,,,,,,,,,,pending
stock,2026-05-21,000651,格力电器,HOLD,-2,,,,,0,-0.33,家电,consumer,candidate,★★☆,,,,跌破20线; 绿柱扩张,39.05,,,,,,,,,,,,,,,,,,,,pending
stock,2026-05-21,600309,万华化学,HOLD,-2,,,,,0,-8.95,MDI/聚氨酯,chemical,candidate,★★★,,,,跌破60线; RSI超卖8; MA60偏弱(-0.7%/5日); 连跌5日,77.98,,,,,,,,,,,,,,,,,,,,pending
stock,2026-05-21,002028,思源电气,HOLD,-2,,,,,0,-1.85,特高压/变电设备,power_equip,watch,★★☆,,,,跌破60线; MACD即将金叉🔔; MA60偏弱(-0.3%/5日),200.13,,,,,,,,,,,,,,,,,,,,pending
stock,2026-05-21,000568,泸州老窖,HOLD,-2,,,,,0,-5.61,高端白酒,food_bev,candidate,★★☆,,,,跌破60线; MACD即将金叉🔔; RSI偏低30; MA60下行趋势(-2.2%/5日),91.69,,,,,,,,,,,,,,,,,,,,pending
stock,2026-05-21,603288,海天味业,HOLD,-2,,,,,0,-7.87,调味品,food_bev,watch,★☆☆,,,,跌破60线; 绿柱扩张; RSI超卖3; 连跌10日,35.43,,,,,,,,,,,,,,,,,,,,pending
stock,2026-05-21,600498,烽火通信,HOLD,-2,,,,,0,-0.72,光通信设备,optics,candidate,★★☆,,,,跌破20线; MACD死叉; MA60上行(+2.2%/5日),54.29,,,,,,,,,,,,,,,,,,,,pending
stock,2026-05-21,300757,罗博特科,HOLD,-2,,,,,0,-0.62,光伏/新能源自动化装备,industrial_auto,candidate,★★☆,,,,跌破20线; MACD死叉; MA60上行(+2.8%/5日),526.47,,,,,,,,,,,,,,,,,,,,pending
stock,2026-05-21,600426,华鲁恒升,HOLD,-3,,,,,0,-12.78,煤化工/化肥,chemical,candidate,★★☆,,,,跌破60线; 绿柱扩张; RSI超卖9; MA60下行趋势(-0.9%/5日),31.53,,,,,,,,,,,,,,,,,,,,pending
stock,2026-05-21,603799,华友钴业,HOLD,-3,,,,,0,-10.15,钴/三元前驱体,battery_materials,candidate,★★☆,,,,跌破60线; RSI偏低29; MA60下行趋势(-1.8%/5日),57.05,,,,,,,,,,,,,,,,,,,,pending
stock,2026-05-21,600438,通威股份,HOLD,-3,,,,,0,-9.51,光伏电池/硅料,new_energy,candidate,★★☆,,,,跌破60线; 绿柱扩张; RSI超卖21; MA60下行趋势(-1.6%/5日),15.67,,,,,,,,,,,,,,,,,,,,pending
stock,2026-05-21,601012,隆基绿能,HOLD,-3,,,,,0,-10.54,光伏组件,new_energy,watch,★☆☆,,,,跌破60线; 绿柱扩张; RSI超卖21; MA60下行趋势(-1.6%/5日),14.89,,,,,,,,,,,,,,,,,,,,pending
stock,2026-05-21,600887,伊利股份,REDUCE,-4,,,,,0,-0.11,乳制品/食品,consumer,candidate,★★☆,,,,跌破20线; MACD死叉; 连跌7日,26.79,,,,,,,,,,,,,,,,,,,,pending
stock,2026-05-21,300760,迈瑞医疗,REDUCE,-4,,,,,0,-2.88,医疗器械,pharma,candidate,★★☆,,,,跌破60线; MA60下行趋势(-1.5%/5日),158.5,,,,,,,,,,,,,,,,,,,,pending
stock,2026-05-21,600988,赤峰黄金,REDUCE,-4,,,,,0,-14.22,黄金矿采选,commodity,candidate,★★☆,,,,跌破60线; 绿柱扩张; 连跌8日,34.8,,,,,,,,,,,,,,,,,,,,pending
stock,2026-05-21,600879,航天电子,REDUCE,-4,,,,,0,-8.5,军工电子/惯导,defense,candidate,★★☆,,,,跌破60线; 绿柱扩张; MA60偏弱(-0.7%/5日),22.47,,,,,,,,,,,,,,,,,,,,pending
stock,2026-05-21,600893,航发动力,REDUCE,-4,,,,,0,-4.64,航空发动机,defense,candidate,★★☆,,,,跌破60线; 绿柱扩张; MA60偏弱(-0.5%/5日),45.92,,,,,,,,,,,,,,,,,,,,pending
stock,2026-05-21,601899,紫金矿业,REDUCE,-5,,,,,0,-10.9,铜金矿,commodity,watch,★☆☆,,,,跌破60线; 绿柱扩张; RSI偏低34; MA60下行趋势(-1.8%/5日); 连跌5日,30.17,,,,,,,,,,,,,,,,,,,,pending
stock,2026-05-21,600031,三一重工,REDUCE,-5,,,,,0,-6.19,工程机械,machinery,watch,★★☆,,,,跌破60线; 绿柱扩张; MA60下行趋势(-1.6%/5日),19.05,,,,,,,,,,,,,,,,,,,,pending
stock,2026-05-21,600276,恒瑞医药,REDUCE,-5,,,,,0,-5.12,创新药,pharma,watch,★☆☆,,,,跌破60线; MA60下行趋势(-0.9%/5日); 连跌6日,51.52,,,,,,,,,,,,,,,,,,,,pending
stock,2026-05-21,002714,牧原股份,REDUCE,-5,,,,,0,-8.52,生猪养殖,agriculture,candidate,★★☆,,,,跌破60线; 绿柱扩张; RSI偏低29; MA60下行趋势(-1.0%/5日); 连跌4日且MA60偏弱,39.56,,,,,,,,,,,,,,,,,,,,pending
stock,2026-05-21,601318,中国平安,REDUCE,-5,,,,,0,-6.86,保险/金融科技,finance,candidate,★★☆,,,,跌破60线; 绿柱扩张; RSI偏低29; MA60下行趋势(-1.8%/5日); 连跌7日,53.93,,,,,,,,,,,,,,,,,,,,pending
stock,2026-05-21,688111,金山办公,REDUCE,-5,,,,,0,-3.55,AI办公软件,software,candidate,★★☆,,,,跌破60线; 绿柱扩张; MA60下行趋势(-1.8%/5日),246.98,,,,,,,,,,,,,,,,,,,,pending
stock,2026-05-21,603993,洛阳钼业,SELL_STOP,-6,,,,,0,-8.97,铜/钴矿,commodity,core,★★★,,,,跌破60线; 绿柱扩张; MA60下行趋势(-1.8%/5日); 连跌5日,17.73,,,,,,,,,,,,,,,,,,,,pending
